Date,Temp_Mean,Temp_Max,Temp_Min,Relative_Humidity,Dew_Point,Precipitation,Snowfall,Rainfall_Est,Snow_Depth,Solar_Level,Cloud_Amount,Wind_Speed
2017-01-01,-14.451714285714285,-10.26,-18.959142857142858,96.46057142857143,-15.137142857142855,0.8305714285714286,0.6237142857142857,0.20685714285714296,27.94342857142857,37.785428571428575,70.65,3.2325714285714287
2017-01-02,-14.757428571428571,-11.150285714285713,-18.173428571428573,96.25885714285714,-15.437142857142856,0.24514285714285713,0.35742857142857143,0.0,27.84742857142857,43.55514285714286,54.77,2.6957142857142857
2017-01-03,-14.47257142857143,-12.228,-16.87942857142857,98.46428571428571,-14.848285714285716,3.591142857142857,4.227714285714286,0.0,28.198285714285714,22.74,84.11514285714286,2.5674285714285716
2017-01-04,-17.178285714285714,-13.561428571428571,-20.994571428571426,97.00714285714285,-17.664571428571428,3.890285714285714,3.968857142857143,0.0,29.862000000000002,27.41542857142857,87.99228571428571,4.123714285714286
2017-01-05,-20.46542857142857,-18.203714285714284,-22.366,96.43314285714285,-20.90142857142857,1.0422857142857143,1.2611428571428571,0.0,30.585428571428572,36.765142857142855,81.91,4.5851428571428565
2017-01-06,-21.66942857142857,-18.196285714285715,-25.19857142857143,96.63285714285715,-22.09114285714286,0.32,0.5831428571428572,0.0,30.48885714285714,45.49342857142857,66.08114285714286,3.0914285714285716
2017-01-07,-21.63657142857143,-18.110285714285716,-25.122857142857143,96.7282857142857,-22.07857142857143,0.35057142857142853,0.5788571428571428,0.0,30.33971428571429,48.266,55.033142857142856,2.9028571428571426
2017-01-08,-21.889714285714284,-17.248285714285714,-25.827714285714286,97.35428571428572,-22.232285714285712,0.5554285714285715,0.7208571428571429,0.0,30.22485714285714,48.22428571428571,61.96714285714285,3.2122857142857146
2017-01-09,-18.555714285714288,-13.939714285714285,-23.690285714285714,97.33885714285715,-19.05742857142857,1.348857142857143,1.3177142857142856,0.03114285714285736,30.560857142857145,44.46971428571429,71.56085714285715,3.2417142857142855
2017-01-10,-14.168571428571427,-8.915714285714285,-19.479142857142858,97.87028571428571,-14.662857142857144,4.629142857142857,6.314571428571428,0.0,31.15685714285714,21.517142857142858,91.91,3.521142857142857
2017-01-11,-12.895714285714286,-8.523714285714286,-16.70057142857143,96.09285714285714,-13.617714285714285,4.629142857142857,4.982571428571428,0.0,34.00028571428572,41.274857142857144,81.234,5.7291428571428575
2017-01-12,-19.89457142857143,-14.221714285714285,-25.546857142857142,97.01514285714286,-20.294,2.245142857142857,1.9037142857142857,0.3414285714285714,34.34028571428572,42.55657142857143,62.06942857142857,3.7234285714285713
2017-01-13,-23.047142857142855,-18.146857142857144,-28.038857142857143,95.06085714285715,-23.705714285714286,0.554,0.2894285714285714,0.2645714285714286,34.342285714285715,61.58371428571428,45.38314285714286,4.185142857142857
2017-01-14,-18.547428571428572,-13.837714285714286,-24.29114285714286,95.91971428571429,-19.196285714285715,0.40485714285714286,0.5254285714285715,0.0,34.145714285714284,45.81371428571428,68.30457142857142,3.281142857142857
2017-01-15,-15.246,-7.879714285714285,-21.433142857142855,96.97428571428571,-15.884857142857143,0.33742857142857147,0.4722857142857143,0.0,33.88942857142857,45.998285714285714,62.14628571428571,3.086
2017-01-16,-8.683142857142856,-4.827714285714285,-12.744285714285715,97.37914285714285,-9.434571428571427,0.2582857142857143,0.2682857142857143,0.0,33.616571428571426,50.016571428571424,64.90342857142856,2.9131428571428573
2017-01-17,-8.694285714285714,-4.289142857142857,-12.017428571428573,98.26142857142857,-9.296857142857142,1.1297142857142857,0.7348571428571429,0.3948571428571428,33.23914285714285,35.40742857142857,83.11457142857142,3.1719999999999997
2017-01-18,-3.826285714285715,-1.1805714285714286,-6.494857142857143,98.11885714285714,-4.406000000000001,1.0925714285714285,0.6971428571428571,0.39542857142857146,32.80085714285714,33.43714285714285,83.794,3.5382857142857143
2017-01-19,-3.0014285714285713,0.01342857142857141,-5.946571428571429,98.10457142857142,-3.5237142857142856,0.518,0.532,0.0,32.40971428571428,34.426857142857145,85.35114285714286,2.6551428571428572
2017-01-20,-1.401142857142857,0.15685714285714283,-3.0665714285714287,98.27742857142857,-1.7851428571428574,0.37,0.49228571428571427,0.0,31.734285714285715,27.510285714285715,79.71285714285713,2.3865714285714286
2017-01-21,-2.1022857142857143,-0.5517142857142857,-3.6599999999999997,98.99057142857143,-2.4017142857142857,1.4965714285714287,1.3171428571428572,0.1794285714285715,31.145428571428567,24.998857142857144,88.65114285714286,2.0820000000000003
2017-01-22,-3.2857142857142856,-1.4391428571428573,-5.142857142857143,99.016,-3.623142857142857,1.6700000000000002,1.9811428571428573,0.0,31.038285714285713,26.435142857142857,90.51542857142857,2.5462857142857143
2017-01-23,-4.234571428571429,-1.6377142857142857,-6.2865714285714285,97.94571428571429,-4.802285714285714,1.7185714285714286,2.1448571428571426,0.0,31.300571428571427,29.096857142857143,90.82885714285713,2.7045714285714286
2017-01-24,-4.573142857142857,-2.0994285714285716,-6.845999999999999,97.35,-5.27,1.5177142857142856,1.5451428571428572,0.0,31.625428571428575,29.691714285714287,93.24342857142857,2.0074285714285716
2017-01-25,-5.524571428571429,-2.6197142857142857,-7.991142857142857,97.66514285714287,-6.256857142857143,1.3477142857142859,1.3502857142857143,0.0,31.91342857142857,34.795428571428566,90.928,2.3974285714285712
2017-01-26,-7.454,-4.800285714285714,-9.529714285714286,97.61142857142858,-8.197428571428572,1.410857142857143,1.310857142857143,0.10000000000000009,32.208,40.74314285714286,88.33857142857143,3.883142857142857
2017-01-27,-9.822571428571429,-7.7368571428571435,-11.976285714285714,95.88971428571428,-10.803714285714285,0.8557142857142856,1.2739999999999998,0.0,32.34,36.621428571428574,86.61657142857143,4.1971428571428575
2017-01-28,-11.602,-8.85,-14.152,96.09371428571428,-12.485714285714286,1.1277142857142857,1.3719999999999999,0.0,32.44542857142857,48.32142857142857,86.00857142857143,3.9697142857142858
2017-01-29,-15.70342857142857,-13.291142857142857,-18.118285714285715,95.49085714285714,-16.513714285714286,0.5645714285714286,0.6408571428571429,0.0,32.57085714285714,58.23771428571428,83.68485714285714,3.254857142857143
2017-01-30,-18.072,-13.211714285714285,-22.236571428571427,95.288,-18.846285714285713,0.3171428571428571,0.47828571428571426,0.0,32.460857142857144,60.152571428571434,73.16542857142856,2.1528571428571426
2017-01-31,-14.354,-10.703142857142858,-17.56742857142857,95.96485714285714,-15.168857142857142,0.9700000000000001,1.2677142857142856,0.0,32.50942857142857,60.225428571428566,74.87914285714285,2.419142857142857
2017-02-01,-17.031142857142857,-12.842285714285715,-20.217714285714287,96.20771428571429,-17.712857142857143,0.9157142857142856,1.161714285714286,0.0,32.75628571428572,71.01285714285714,65.77085714285714,3.6505714285714284
2017-02-02,-19.766857142857145,-17.13142857142857,-22.57257142857143,95.37628571428571,-20.460285714285714,0.8037142857142857,0.7005714285714285,0.1031428571428572,32.840857142857146,71.85771428571428,59.585142857142856,3.9642857142857144
2017-02-03,-17.398857142857143,-13.339714285714285,-20.505714285714287,95.41571428571429,-18.154857142857143,0.49828571428571433,0.5125714285714286,0.0,32.83542857142857,74.73085714285715,63.30314285714286,4.198285714285714
2017-02-04,-14.203714285714286,-11.283428571428573,-17.078,96.03228571428572,-15.033428571428571,0.6137142857142858,0.744,0.0,32.82514285714286,67.356,78.34457142857143,3.452
2017-02-05,-14.548857142857143,-11.754285714285714,-17.480285714285717,96.10257142857144,-15.304285714285713,1.9508571428571428,1.5877142857142856,0.3631428571428572,33.38628571428571,72.96114285714286,73.14228571428572,3.609142857142857
2017-02-06,-18.77342857142857,-15.075142857142858,-22.563714285714287,95.44228571428572,-19.500857142857143,1.0277142857142856,1.0425714285714287,0.0,33.80285714285714,75.75771428571429,72.35114285714286,2.282285714285714
2017-02-07,-19.297714285714285,-14.85142857142857,-22.756857142857143,97.66028571428572,-19.65,2.338857142857143,3.1645714285714286,0.0,34.09771428571429,60.69799999999999,80.06257142857143,2.9374285714285713
2017-02-08,-18.190571428571428,-14.450857142857144,-21.756857142857143,96.17571428571429,-18.762285714285714,2.136857142857143,2.5285714285714285,0.0,35.30114285714286,90.04428571428572,62.024,3.891142857142857
2017-02-09,-19.103428571428573,-16.014,-22.01742857142857,95.13714285714286,-19.8,0.8602857142857143,0.5448571428571428,0.3154285714285715,35.38885714285714,89.33228571428572,65.40142857142858,3.4417142857142857
2017-02-10,-18.116857142857143,-11.931714285714285,-24.49657142857143,95.95800000000001,-18.775142857142857,2.922571428571428,3.392857142857143,0.0,35.84314285714286,72.33028571428571,74.56942857142856,3.2342857142857144
2017-02-11,-14.567428571428572,-9.954857142857144,-19.606571428571428,97.824,-15.059428571428572,0.7891428571428571,0.7894285714285714,0.0,36.93828571428571,91.66257142857143,61.38142857142857,2.386285714285714
2017-02-12,-11.426,-7.703428571428572,-14.338285714285714,97.81057142857142,-12.059142857142858,2.797142857142857,3.426571428571428,0.0,37.184000000000005,61.89857142857142,87.22,3.15
2017-02-13,-9.556,-4.798,-14.305142857142858,96.36942857142857,-10.455714285714285,0.7108571428571429,0.7848571428571428,0.0,37.48714285714286,74.60828571428571,82.00428571428571,3.6485714285714286
2017-02-14,-6.195714285714286,-2.1877142857142857,-10.987428571428572,97.20742857142857,-6.954571428571429,2.3854285714285712,2.8402857142857143,0.0,37.81285714285715,64.9842857142857,88.73114285714286,4.019142857142857
2017-02-15,-12.653428571428572,-8.337714285714286,-16.01942857142857,97.288,-13.280857142857142,1.252,1.5205714285714285,0.0,38.31057142857143,81.26885714285714,78.55228571428572,3.9702857142857146
2017-02-16,-14.284857142857144,-8.056,-19.17142857142857,97.20114285714286,-14.916285714285715,0.9962857142857142,0.7140000000000001,0.28228571428571414,38.376000000000005,95.79057142857143,71.34657142857144,3.21
2017-02-17,-7.196285714285715,-2.061714285714286,-11.697714285714286,96.96771428571428,-7.956857142857143,0.21571428571428575,0.22114285714285714,0.0,38.096,87.11171428571429,78.40085714285715,2.874
2017-02-18,-2.198571428571429,0.16771428571428573,-4.690571428571429,98.02028571428572,-2.67,2.2205714285714286,2.9537142857142857,0.0,37.24057142857143,82.67257142857143,64.0277142857143,3.6779999999999995
2017-02-19,-4.874,-0.8551428571428572,-9.207142857142857,97.41342857142857,-5.438,0.3822857142857143,0.41800000000000004,0.0,35.698,95.10828571428571,65.40314285714287,2.7808571428571427
2017-02-20,-6.7945714285714285,-1.6874285714285715,-11.12657142857143,95.97742857142858,-7.612285714285714,2.6405714285714286,1.6577142857142857,0.9828571428571429,34.74971428571428,89.03571428571429,65.42485714285714,3.3182857142857145
2017-02-21,-1.3602857142857143,1.2782857142857142,-4.320857142857142,95.81485714285714,-2.1142857142857143,6.645142857142857,5.3348571428571425,1.3102857142857145,34.61971428571429,52.067142857142855,96.19685714285714,4.706857142857143
2017-02-22,-2.117142857142857,0.3548571428571428,-5.037428571428571,97.56342857142856,-2.568,0.5397142857142857,0.5508571428571429,0.0,33.62571428571429,61.791999999999994,90.31857142857143,3.0108571428571427
2017-02-23,-6.863428571428571,-2.476285714285714,-10.614285714285714,96.07428571428571,-7.6334285714285715,1.9985714285714287,1.4545714285714284,0.5440000000000003,32.721714285714285,78.54514285714285,86.14342857142857,3.6871428571428573
2017-02-24,-13.163714285714287,-9.15457142857143,-17.11228571428571,96.08885714285715,-13.875428571428571,1.1665714285714286,1.804,0.0,32.490857142857145,99.20800000000001,65.30485714285714,2.9122857142857144
2017-02-25,-12.911714285714284,-8.80457142857143,-16.70171428571429,95.99285714285715,-13.666857142857141,3.7208571428571426,2.794285714285714,0.9265714285714286,33.09171428571429,93.47657142857142,75.91457142857143,3.6131428571428574
2017-02-26,-13.28057142857143,-9.026285714285715,-17.441428571428574,92.19314285714286,-14.673714285714286,0.9342857142857144,0.9511428571428571,0.0,34.14657142857143,119.01085714285715,59.434000000000005,3.851714285714286
2017-02-27,-12.148,-6.617714285714285,-17.476285714285712,92.72514285714286,-13.476285714285714,0.3748571428571429,0.4002857142857143,0.0,34.22828571428571,132.86142857142855,55.77857142857143,3.363142857142857
2017-02-28,-10.334571428571428,-5.8742857142857146,-14.660285714285715,95.36542857142857,-11.239142857142857,1.8365714285714285,1.7517142857142856,0.08485714285714296,34.283142857142856,114.38942857142858,61.745428571428576,2.933142857142857
2017-03-01,-13.848857142857142,-7.6254285714285714,-19.146,96.67542857142857,-14.368285714285713,2.8602857142857143,1.3737142857142857,1.4865714285714287,34.55114285714286,109.22942857142857,72.78314285714285,3.6759999999999997
2017-03-02,-18.344857142857144,-12.685714285714285,-22.801714285714283,92.74542857142858,-19.459714285714288,0.6131428571428572,0.6528571428571429,0.0,34.667428571428566,150.5565714285714,56.483714285714285,4.408285714285714
2017-03-03,-19.56257142857143,-15.170000000000002,-24.192857142857143,91.94514285714286,-20.73,0.3508571428571428,0.314,0.03685714285714281,34.57057142857143,147.16085714285714,48.618,3.2051428571428575
2017-03-04,-17.526,-8.609428571428571,-24.59857142857143,91.77885714285713,-18.776285714285713,0.20342857142857143,0.09142857142857143,0.112,34.4,155.83457142857142,44.42028571428572,3.3057142857142856
2017-03-05,-8.352857142857143,-2.8231428571428574,-12.80257142857143,93.02571428571429,-9.657714285714285,0.7605714285714286,1.3857142857142857,0.0,34.18714285714285,102.27085714285714,73.58742857142857,4.017428571428572
2017-03-06,-2.948571428571429,1.0277142857142856,-6.422285714285715,95.93628571428572,-3.774571428571429,1.713142857142857,1.812857142857143,0.0,34.16285714285714,64.57028571428572,94.55685714285715,3.4082857142857144
2017-03-07,-0.2411428571428572,2.4531428571428573,-4.048285714285714,95.82228571428571,-0.9588571428571427,9.748,7.202,2.5459999999999994,32.452571428571424,55.79571428571428,95.02914285714286,6.010857142857143
2017-03-08,-7.043142857142857,-2.1085714285714285,-12.201714285714285,89.45342857142857,-8.885428571428571,3.0374285714285714,2.7614285714285716,0.2759999999999998,31.347428571428573,96.07828571428573,80.11485714285715,6.852857142857142
2017-03-09,-15.712285714285713,-11.784,-18.392,87.406,-17.680857142857143,0.91,0.7988571428571429,0.1111428571428571,31.66914285714286,150.8957142857143,64.456,6.376571428571428
2017-03-10,-19.38457142857143,-15.665999999999999,-22.854285714285712,89.05828571428572,-20.959714285714288,0.7488571428571429,0.5648571428571428,0.18400000000000005,31.91314285714286,149.3482857142857,49.69657142857143,5.650857142857143
2017-03-11,-19.313714285714287,-16.635142857142856,-21.856285714285715,89.52942857142857,-20.751714285714286,0.6302857142857142,0.5074285714285715,0.12285714285714278,32.15257142857143,167.20257142857145,49.195142857142855,4.986857142857143
2017-03-12,-19.254285714285714,-14.998571428571429,-24.17457142857143,90.30742857142857,-20.656285714285715,0.2282857142857143,0.21514285714285716,0.013142857142857123,32.08942857142858,183.0497142857143,44.117714285714285,3.0820000000000003
2017-03-13,-17.94742857142857,-11.018571428571429,-23.725142857142856,91.05571428571427,-19.305428571428575,0.21485714285714286,0.35371428571428576,0.0,31.792571428571428,173.6397142857143,44.644,2.5365714285714285
2017-03-14,-13.798571428571428,-8.873142857142858,-18.417428571428573,91.09657142857144,-15.296857142857142,0.6794285714285715,0.6745714285714286,0.004857142857142893,31.64628571428571,177.34485714285714,43.27428571428571,3.192857142857143
2017-03-15,-12.072,-5.6977142857142855,-17.603142857142856,91.144,-13.624285714285715,0.52,0.5928571428571429,0.0,31.37942857142857,175.81514285714286,51.16857142857143,3.8322857142857143
2017-03-16,-8.104285714285714,-1.7208571428571429,-12.744285714285715,91.01942857142856,-9.790571428571429,0.22971428571428568,0.1277142857142857,0.10199999999999998,31.029999999999998,188.2297142857143,41.68628571428572,3.145142857142857
2017-03-17,-5.119428571428571,0.40857142857142853,-10.612857142857143,93.11142857142858,-6.413714285714286,2.979142857142857,3.632,0.0,30.852571428571427,144.41771428571428,59.69057142857143,2.8622857142857145
2017-03-18,-6.256285714285714,-1.5971428571428572,-10.203999999999999,93.044,-7.613142857142857,2.439714285714286,2.210571428571429,0.2291428571428571,31.737142857142857,140.59314285714285,78.36628571428572,2.875714285714286
2017-03-19,-4.880571428571429,1.292,-9.880285714285714,94.19057142857143,-6.0928571428571425,1.144,1.73,0.0,31.577714285714286,144.30828571428572,62.445142857142855,3.1685714285714286
2017-03-20,-1.399142857142857,2.282,-5.314571428571428,92.27457142857143,-2.7497142857142856,0.846,1.306857142857143,0.0,30.005428571428574,156.50028571428572,65.24171428571428,4.694285714285715
2017-03-21,-10.066571428571429,-3.0634285714285716,-14.514000000000001,88.87342857142858,-12.006285714285715,0.7634285714285713,1.2231428571428573,0.0,28.658285714285714,192.44457142857144,49.22142857142857,4.668571428571429
2017-03-22,-12.838285714285714,-5.227428571428572,-18.32314285714286,85.46085714285715,-15.327142857142858,0.19085714285714284,0.08342857142857142,0.10742857142857141,28.49685714285714,216.31828571428574,28.712857142857143,3.843714285714286
2017-03-23,-6.454285714285715,0.3394285714285714,-12.103428571428571,89.41514285714287,-8.428285714285714,1.1274285714285714,1.804,0.0,28.276285714285713,137.0677142857143,64.73914285714285,3.263714285714286
2017-03-24,-3.5780000000000003,1.4594285714285715,-7.867714285714285,93.394,-4.7628571428571425,2.2354285714285713,3.7928571428571427,0.0,28.019714285714286,141.78428571428572,78.19342857142857,3.867714285714286
2017-03-25,-7.807428571428571,-1.548857142857143,-13.322,91.23857142857143,-9.441142857142857,0.5934285714285714,0.2825714285714286,0.31085714285714283,27.61857142857143,189.49742857142857,54.40742857142857,2.921142857142857
2017-03-26,-3.4891428571428573,1.6005714285714285,-7.143428571428572,93.53457142857143,-4.719142857142858,1.2925714285714287,1.678,0.0,27.306285714285714,124.2042857142857,87.37514285714286,3.484
2017-03-27,-0.6774285714285715,2.9339999999999997,-3.45,95.71857142857144,-1.4871428571428573,1.8762857142857143,0.9391428571428571,0.9371428571428573,26.54342857142857,130.26828571428572,80.798,2.3805714285714283
2017-03-28,-1.9805714285714284,2.071142857142857,-5.378285714285714,93.16514285714287,-3.324857142857143,0.528,0.48200000000000004,0.045999999999999985,24.868285714285715,159.01742857142855,75.788,2.519142857142857
2017-03-29,-3.2457142857142856,2.305428571428571,-7.909142857142857,91.03342857142857,-4.996857142857142,0.2402857142857143,0.17885714285714285,0.061428571428571443,24.25485714285714,196.03285714285713,55.41771428571429,2.392857142857143
2017-03-30,-0.7457142857142858,3.091142857142857,-4.114,90.22257142857143,-2.569714285714286,0.8374285714285715,0.718,0.11942857142857155,23.395714285714288,173.51828571428572,69.15257142857143,3.150857142857143
2017-03-31,0.13314285714285715,3.2325714285714287,-2.841714285714286,91.81828571428571,-1.3191428571428572,1.3794285714285714,1.5171428571428571,0.0,21.09657142857143,144.9262857142857,72.53114285714287,3.0317142857142856
2017-04-01,-1.339142857142857,3.5279999999999996,-5.518857142857143,90.64542857142858,-3.1317142857142857,0.452,0.30942857142857144,0.14257142857142857,19.86942857142857,169.94342857142857,75.48914285714285,2.601142857142857
2017-04-02,-0.8608571428571429,5.306,-6.220285714285715,89.24771428571428,-2.8697142857142857,0.596,0.34371428571428575,0.2522857142857142,18.766,183.13885714285712,55.618857142857145,2.583714285714286
2017-04-03,2.6757142857142857,6.468,-0.2551428571428571,88.85828571428571,0.6774285714285715,1.7017142857142857,1.3908571428571428,0.31085714285714294,16.510857142857144,146.63828571428573,86.67428571428572,3.3891428571428572
2017-04-04,1.4294285714285715,4.301428571428572,-1.3262857142857143,91.222,-0.0774285714285714,3.513142857142857,0.8645714285714287,2.648571428571428,14.562000000000001,116.35057142857143,84.04085714285713,3.462
2017-04-05,0.1271428571428571,4.2217142857142855,-3.624,86.52114285714286,-2.334857142857143,0.5437142857142857,0.4742857142857142,0.0694285714285715,14.696857142857143,174.88571428571427,78.36971428571428,3.270857142857143
2017-04-06,-0.6434285714285716,3.783428571428571,-4.4954285714285716,87.26914285714285,-2.983714285714286,2.259714285714286,1.288857142857143,0.9708571428571429,14.52657142857143,175.77514285714287,58.780857142857144,3.656
2017-04-07,-0.42657142857142855,4.9074285714285715,-5.026857142857143,80.83742857142857,-3.9374285714285713,1.9497142857142855,1.7302857142857144,0.21942857142857108,14.337142857142856,216.84057142857142,50.55542857142857,4.265142857142857
2017-04-08,2.4762857142857144,9.663428571428572,-2.5994285714285716,82.71457142857142,-0.7091428571428572,0.47085714285714286,0.060571428571428575,0.4102857142857143,12.389714285714286,213.16885714285715,53.210857142857144,3.181428571428571
2017-04-09,4.438857142857143,10.735714285714286,-0.836,85.95114285714286,2.016857142857143,1.656,0.298,1.3579999999999999,11.086571428571428,155.16714285714286,79.14542857142858,3.742285714285714
2017-04-10,-0.00828571428571421,6.451714285714286,-5.023428571428571,76.656,-4.144285714285715,2.663142857142857,0.9368571428571428,1.726285714285714,13.309142857142858,200.72400000000002,64.39742857142856,4.280285714285714
2017-04-11,0.5491428571428572,7.344,-4.666285714285714,75.61,-4.041714285714286,1.1477142857142857,0.16314285714285715,0.9845714285714285,11.359428571428571,204.8917142857143,50.45057142857143,2.7485714285714287
2017-04-12,1.7525714285714287,7.603714285714285,-3.043142857142857,77.36742857142858,-2.5228571428571427,0.5671428571428572,0.09257142857142858,0.4745714285714286,10.610857142857142,206.2717142857143,62.617714285714285,2.4545714285714286
2017-04-13,2.27,9.146285714285714,-3.459714285714286,74.402,-2.745142857142857,0.3942857142857143,0.084,0.3102857142857143,10.838,242.48685714285716,33.83457142857143,1.9042857142857144
2017-04-14,2.5254285714285714,8.947714285714286,-2.7897142857142856,77.56085714285715,-1.7565714285714287,1.0705714285714285,0.26257142857142857,0.8079999999999999,10.534285714285714,231.19714285714284,41.302,2.2954285714285714
2017-04-15,1.7777142857142856,7.111999999999999,-2.1371428571428575,86.172,-0.6668571428571427,6.217142857142857,5.678571428571429,0.5385714285714283,10.967142857142855,98.79828571428571,88.29114285714286,3.707714285714286
2017-04-16,-1.3745714285714286,2.9874285714285715,-4.651428571428572,85.54114285714286,-3.7768571428571427,3.072857142857143,1.3642857142857143,1.7085714285714286,12.657142857142857,134.67857142857142,88.62371428571429,3.718571428571429
2017-04-17,-2.607142857142857,3.2634285714285713,-7.233714285714286,78.05799999999999,-6.401714285714286,0.5800000000000001,0.39942857142857147,0.1805714285714286,13.949714285714284,225.78028571428572,68.52714285714285,2.5945714285714288
2017-04-18,-0.34485714285714286,4.807428571428571,-4.765714285714286,84.90799999999999,-3.0537142857142854,1.4957142857142858,0.7854285714285714,0.7102857142857144,14.105428571428572,188.96371428571427,68.96457142857143,2.6345714285714283
2017-04-19,1.6262857142857141,7.153428571428572,-2.7191428571428573,85.20771428571429,-0.9857142857142858,2.9962857142857144,1.8419999999999999,1.1542857142857146,13.63342857142857,180.63028571428572,70.49142857142857,2.968
2017-04-20,1.2891428571428574,6.430285714285715,-2.787142857142857,83.91285714285713,-1.4928571428571429,1.0925714285714285,0.2522857142857143,0.8402857142857143,13.887714285714285,150.76914285714287,84.67685714285714,3.0245714285714285
2017-04-21,3.3311428571428574,8.89342857142857,-0.9325714285714286,83.82142857142857,0.42028571428571426,3.2294285714285715,0.73,2.4994285714285716,14.235999999999999,196.82085714285716,79.83628571428571,2.834857142857143
2017-04-22,1.8560000000000003,8.618285714285713,-2.7625714285714285,79.29142857142857,-1.8682857142857143,2.276,2.1794285714285713,0.09657142857142853,13.324857142857143,188.43428571428572,69.76057142857142,3.148
2017-04-23,-2.5422857142857143,2.126571428571429,-6.415428571428572,68.13342857142857,-8.096,0.7394285714285714,0.6402857142857142,0.0991428571428572,13.806857142857142,227.76171428571428,74.97657142857142,3.609714285714286
2017-04-24,-3.1262857142857143,2.6274285714285712,-7.919142857142858,71.84828571428572,-8.001714285714286,1.238,1.392,0.0,13.864571428571429,227.79485714285713,59.83142857142857,2.911142857142857
2017-04-25,-1.6477142857142857,3.3757142857142854,-5.291142857142857,84.40857142857143,-4.22,4.3,4.774571428571429,0.0,13.630571428571429,167.5074285714286,88.26114285714286,3.789714285714285
2017-04-26,-2.878857142857143,1.9262857142857144,-6.350285714285714,87.29114285714286,-5.038857142857143,6.158285714285715,7.458571428571429,0.0,13.390285714285714,158.26714285714286,86.79228571428571,3.9485714285714284
2017-04-27,-5.075305255429287e-17,4.862,-3.583714285714286,90.00685714285714,-1.8285714285714285,9.234285714285713,8.72942857142857,0.5048571428571424,13.579714285714285,141.95457142857143,89.39142857142856,4.332857142857143
2017-04-28,-0.21114285714285713,3.9785714285714286,-3.254857142857143,86.93457142857143,-2.6065714285714288,5.306857142857143,4.868857142857142,0.4380000000000006,15.518,157.84742857142857,91.10685714285715,4.592285714285714
2017-04-29,0.13857142857142862,4.698571428571428,-3.749142857142857,82.93171428571429,-3.0234285714285716,0.6345714285714286,0.5885714285714286,0.04599999999999993,16.04057142857143,244.14457142857142,68.75828571428572,3.452
2017-04-30,1.1882857142857144,7.680285714285715,-4.279428571428571,81.37828571428571,-2.2082857142857146,1.0957142857142859,0.10028571428571428,0.9954285714285716,14.608571428571429,220.186,57.46028571428571,2.9337142857142857
2017-05-01,3.0277142857142856,8.139999999999999,-1.2937142857142858,86.984,0.8137142857142857,5.023428571428571,0.38942857142857146,4.6339999999999995,13.741714285714286,155.11314285714286,71.79371428571429,3.0588571428571427
2017-05-02,2.9794285714285715,7.591428571428571,-0.6205714285714286,82.0217142857143,-0.2748571428571429,5.066,1.5728571428571427,3.493142857142857,12.739714285714285,207.30399999999997,79.39914285714286,3.817714285714286
2017-05-03,2.866,9.608857142857143,-2.986,75.26085714285715,-1.7651428571428571,0.6382857142857142,0.16485714285714284,0.4734285714285714,11.202857142857141,243.80342857142858,51.03457142857143,2.845142857142857
2017-05-04,2.7657142857142856,8.423428571428571,-1.9117142857142857,76.68657142857144,-1.49,2.440571428571429,0.8622857142857143,1.5782857142857145,10.080571428571428,209.756,67.08314285714285,2.0825714285714287
2017-05-05,3.333142857142857,9.280857142857142,-1.6348571428571428,81.66828571428572,0.05257142857142857,4.106571428571429,0.8471428571428571,3.259428571428572,9.844857142857142,194.6077142857143,66.96257142857144,3.158857142857143
2017-05-06,2.96,7.473428571428571,-1.1225714285714286,78.73714285714286,-0.9662857142857143,1.7882857142857143,0.07457142857142857,1.7137142857142857,9.988857142857142,237.038,59.749428571428574,3.936
2017-05-07,0.24685714285714289,5.559142857142857,-4.628285714285714,69.93657142857144,-5.388000000000001,1.034,0.6928571428571428,0.3411428571428572,9.420571428571428,274.52057142857143,44.87457142857143,4.3271428571428565
2017-05-08,0.5137142857142858,6.486,-4.553714285714285,70.14114285714285,-5.166285714285714,0.4085714285714286,0.35085714285714287,0.05771428571428572,8.718285714285713,253.08514285714284,49.72428571428571,3.3057142857142856
2017-05-09,2.55,8.89342857142857,-2.805428571428571,74.44257142857143,-2.268,0.9557142857142858,0.5428571428571428,0.41285714285714303,6.966857142857143,175.18628571428573,74.494,1.9308571428571428
2017-05-10,4.680285714285715,10.860857142857142,-0.07657142857142855,81.12828571428571,1.2748571428571427,1.2637142857142856,0.5491428571428572,0.7145714285714284,6.942857142857143,198.2125714285714,80.69514285714286,2.555142857142857
2017-05-11,6.219428571428572,11.734857142857143,1.4688571428571429,80.51142857142857,2.6911428571428573,1.29,0.22257142857142856,1.0674285714285714,5.9148571428571435,187.39142857142858,82.87285714285714,2.196857142857143
2017-05-12,7.107142857142857,12.299428571428573,1.9342857142857144,79.97942857142857,3.492,1.1874285714285715,0.031428571428571424,1.1560000000000001,4.067428571428571,186.87057142857142,84.88799999999999,1.8445714285714285
2017-05-13,6.843999999999999,11.421142857142858,2.486857142857143,81.558,3.525142857142857,2.1874285714285713,0.34114285714285714,1.846285714285714,3.1477142857142852,178.96,85.11028571428572,1.9625714285714284
2017-05-14,6.316,12.257142857142858,1.78,81.1377142857143,2.7968571428571427,1.5877142857142856,0.11457142857142856,1.473142857142857,3.655142857142857,196.9925714285714,75.65685714285715,2.792
2017-05-15,8.573142857142857,15.97,3.0034285714285716,78.80571428571427,4.565142857142857,0.6339999999999999,0.04028571428571429,0.5937142857142856,1.9648571428571426,238.5957142857143,74.52971428571429,2.1414285714285715
2017-05-16,10.609714285714285,17.498285714285714,4.885428571428572,82.10885714285715,7.338857142857143,1.9231428571428573,0.07057142857142858,1.8525714285714288,1.3351428571428572,189.2757142857143,75.90057142857142,2.3088571428571427
2017-05-17,9.745714285714286,15.031428571428572,5.268,85.57657142857143,7.184285714285715,6.316,1.4265714285714286,4.889428571428571,2.96,153.21514285714284,90.55142857142857,3.914285714285714
2017-05-18,6.348,12.275142857142857,1.2991428571428572,77.49085714285714,2.1794285714285713,6.0848571428571425,2.2568571428571427,3.828,7.726000000000001,230.374,69.67257142857143,3.935142857142857
2017-05-19,6.279142857142857,14.958285714285713,-1.096857142857143,70.66028571428572,0.3814285714285714,0.2282857142857143,0.031142857142857146,0.19714285714285715,7.690571428571429,301.068,36.24971428571428,2.5114285714285716
2017-05-20,9.22342857142857,16.396571428571427,1.5665714285714285,66.51285714285714,2.4811428571428573,0.06657142857142857,0.0,0.06657142857142857,5.253428571428572,302.02257142857144,43.101142857142854,2.688285714285714
2017-05-21,9.407428571428571,13.232285714285714,5.828285714285714,82.26457142857141,6.365428571428571,3.8445714285714288,0.0,3.8445714285714288,2.2862857142857145,124.12771428571429,92.36171428571429,3.196857142857143
2017-05-22,8.663714285714287,11.597428571428571,6.325428571428572,89.44057142857143,6.907714285714286,6.066285714285714,0.0,6.066285714285714,0.08114285714285714,130.47028571428572,97.87400000000001,3.427142857142857
2017-05-23,9.057714285714285,14.346,4.898571428571429,82.11114285714285,5.598571428571428,1.5731428571428572,0.026857142857142857,1.5462857142857143,0.8831428571428571,248.58285714285714,69.24228571428571,2.5882857142857145
2017-05-24,10.354857142857144,17.705714285714286,3.9488571428571433,76.878,5.727142857142857,1.194,0.007999999999999998,1.186,1.0688571428571427,283.00314285714285,48.185428571428574,2.2277142857142858
2017-05-25,12.369428571428571,18.355428571428572,6.448571428571428,78.91571428571429,8.187142857142858,2.3662857142857145,0.0,2.3662857142857145,0.32571428571428573,247.68342857142858,47.773714285714284,2.75
2017-05-26,14.176,19.751714285714286,8.850857142857143,81.66914285714286,10.735999999999999,1.6611428571428573,0.0,1.6611428571428573,0.0034285714285714284,207.58257142857144,73.22514285714286,2.544285714285714
2017-05-27,14.275714285714285,19.422571428571427,9.389142857142858,83.58485714285713,11.182571428571428,1.6054285714285714,0.0,1.6054285714285714,0.17885714285714285,219.79857142857142,80.31857142857143,1.9971428571428573
2017-05-28,13.992571428571429,18.786,9.42057142857143,84.48542857142857,11.113428571428573,3.308,0.0,3.308,0.05771428571428572,202.5337142857143,82.09828571428572,1.9557142857142857
2017-05-29,13.253428571428572,17.36885714285714,10.104571428571429,88.18542857142856,11.134285714285713,7.256857142857143,0.0,7.256857142857143,0.06685714285714285,156.8137142857143,94.00714285714285,2.557142857142857
2017-05-30,10.328000000000001,14.438857142857144,7.394285714285715,87.83857142857143,8.215142857142856,5.4308571428571435,0.0074285714285714285,5.423428571428572,0.22,157.94085714285714,88.584,3.233142857142857
2017-05-31,8.684285714285714,12.95,5.321428571428571,82.88742857142857,5.599714285714286,4.134,0.4514285714285714,3.682571428571429,2.0905714285714287,182.71428571428572,86.90114285714286,3.6785714285714284
2017-06-01,8.608,14.269714285714286,3.782285714285714,78.154,4.440571428571428,1.8062857142857143,0.07571428571428569,1.7305714285714286,2.06,234.48971428571426,71.24600000000001,3.1185714285714288
2017-06-02,10.3,17.319142857142857,4.152857142857143,75.36028571428572,5.432571428571428,0.47457142857142853,0.01942857142857143,0.4551428571428571,1.722,267.88,57.12571428571429,2.249142857142857
2017-06-03,12.319142857142857,19.54657142857143,5.884285714285714,75.92742857142858,7.55,2.858285714285714,0.003142857142857143,2.855142857142857,1.2525714285714284,258.40485714285717,52.575428571428574,2.3019999999999996
2017-06-04,13.943428571428571,19.540857142857146,8.991714285714286,81.174,10.396,3.5034285714285716,0.0,3.5034285714285716,0.4185714285714286,232.63828571428573,66.24485714285714,2.451714285714286
2017-06-05,13.921999999999999,19.524285714285714,8.269142857142858,79.73714285714286,9.901142857142858,1.187142857142857,0.0005714285714285715,1.1865714285714284,0.17742857142857144,280.02000000000004,40.90428571428572,2.3602857142857143
2017-06-06,15.498571428571429,22.44514285714286,8.791714285714285,75.23628571428571,10.300285714285714,0.8305714285714286,0.0,0.8305714285714286,0.132,300.38742857142853,33.078857142857146,2.6154285714285717
2017-06-07,16.982285714285712,23.42942857142857,10.674857142857142,73.818,11.649714285714285,2.060285714285714,0.0,2.060285714285714,0.002285714285714286,286.12457142857147,42.02914285714286,2.4174285714285713
2017-06-08,15.237142857142857,20.417428571428573,10.57,76.66514285714287,10.602571428571428,4.417142857142857,0.0,4.417142857142857,0.014000000000000002,267.97999999999996,51.09,2.568571428571429
2017-06-09,12.975714285714284,19.06114285714286,7.458857142857143,73.84857142857142,7.7208571428571435,0.9637142857142856,0.020285714285714285,0.9434285714285714,0.6888571428571428,303.67228571428575,57.127428571428574,2.075714285714286
2017-06-10,13.844285714285714,19.72142857142857,8.393142857142857,83.33057142857143,10.847428571428573,9.975142857142856,0.0005714285714285715,9.974571428571428,0.3302857142857143,156.642,79.94342857142857,3.288
2017-06-11,13.532571428571428,19.871142857142857,8.044857142857143,77.57885714285715,9.268285714285714,4.115428571428571,0.6659999999999999,3.449428571428571,2.781142857142857,244.40599999999998,71.50828571428572,3.498
2017-06-12,15.582,20.718,11.070571428571428,80.20714285714286,11.656285714285714,3.515142857142857,0.008285714285714285,3.5068571428571427,1.4794285714285715,266.77542857142856,69.03542857142857,3.4362857142857144
2017-06-13,14.008,19.922571428571427,8.42542857142857,74.602,8.868,0.94,0.014571428571428572,0.9254285714285714,0.9654285714285714,310.46485714285717,40.463142857142856,2.4254285714285713
2017-06-14,12.219999999999999,17.482,7.6891428571428575,77.46171428571428,7.986,6.102285714285713,0.0,6.102285714285713,0.5405714285714285,222.04771428571428,67.12628571428571,3.4017142857142857
2017-06-15,13.096285714285715,18.542,9.080857142857143,84.57057142857143,10.367428571428572,9.53057142857143,0.0,9.53057142857143,0.27771428571428575,137.20828571428572,90.54971428571427,3.3394285714285714
2017-06-16,15.343428571428571,20.00314285714286,11.581428571428573,86.11657142857143,12.724857142857143,4.703714285714286,0.0,4.703714285714286,0.05514285714285714,185.47514285714286,89.37142857142857,2.5782857142857143
2017-06-17,14.766000000000002,18.975714285714286,11.437714285714286,87.91228571428572,12.598857142857142,4.312285714285714,0.0,4.312285714285714,0.3682857142857143,154.9217142857143,89.50771428571429,2.3565714285714288
2017-06-18,13.760857142857143,17.880571428571425,10.426285714285715,88.05457142857142,11.692285714285715,6.634285714285714,0.009142857142857144,6.6251428571428574,0.7494285714285714,159.73085714285713,90.48914285714285,2.847714285714286
2017-06-19,12.234285714285713,15.745714285714286,8.965428571428571,86.64085714285714,9.874571428571429,5.925714285714286,0.0,5.925714285714286,0.3457142857142857,180.60028571428572,87.85371428571429,3.034
2017-06-20,12.515714285714287,17.272,8.543714285714286,81.64257142857143,8.971428571428572,3.3537142857142856,0.0,3.3537142857142856,0.22199999999999998,249.94028571428572,81.89285714285714,2.7277142857142858
2017-06-21,14.09142857142857,20.344285714285714,8.25,74.12285714285714,8.841714285714286,1.0731428571428572,0.0,1.0731428571428572,0.04342857142857143,300.2045714285714,46.78142857142857,2.0900000000000003
2017-06-22,14.703142857142858,19.771714285714285,10.034857142857144,81.39457142857142,11.184285714285714,5.002285714285715,0.0,5.002285714285715,0.0,195.97485714285713,70.38942857142858,2.615142857142857
2017-06-23,14.606285714285715,18.916,10.651428571428571,83.294,11.509428571428572,5.817714285714286,0.0,5.817714285714286,0.1337142857142857,222.03542857142855,77.36485714285715,2.6228571428571428
2017-06-24,12.848,17.31057142857143,8.380571428571429,77.82714285714285,8.613714285714286,1.666857142857143,0.0074285714285714285,1.6594285714285717,0.6705714285714285,263.66342857142854,59.94028571428571,2.9139999999999997
2017-06-25,11.351428571428572,15.769142857142857,6.869142857142857,79.37257142857143,7.507714285714285,2.682857142857143,0.007714285714285715,2.6751428571428573,0.6108571428571429,238.5314285714286,68.22342857142857,2.325714285714286
2017-06-26,11.673142857142857,16.316285714285716,7.256,80.09028571428571,7.9554285714285715,2.7702857142857145,0.002,2.7682857142857147,0.508,245.97314285714285,67.53428571428572,2.1054285714285714
2017-06-27,13.02657142857143,17.94085714285714,8.521714285714285,81.25742857142858,9.45342857142857,5.010571428571429,0.0,5.010571428571429,0.38199999999999995,237.45742857142858,73.57485714285714,2.509714285714286
2017-06-28,13.890285714285714,19.58,8.970571428571427,80.60285714285715,10.228857142857143,1.648,0.0,1.648,0.3388571428571429,249.68714285714285,66.12457142857143,2.578
2017-06-29,14.634857142857143,19.354,10.591714285714286,85.56142857142858,12.013142857142856,6.323428571428571,0.001142857142857143,6.322285714285714,0.304,190.66,72.678,2.9339999999999997
2017-06-30,15.47342857142857,19.89257142857143,11.674857142857142,86.20714285714286,12.955714285714285,5.167428571428572,0.0,5.167428571428572,0.2611428571428572,195.0962857142857,85.50571428571428,2.5414285714285714
2017-07-01,15.299142857142858,19.483999999999998,11.740285714285715,86.18342857142858,12.78657142857143,5.086285714285714,0.0,5.086285714285714,0.049428571428571426,184.21371428571427,89.33571428571429,2.167142857142857
2017-07-02,14.203714285714286,18.948857142857143,9.761142857142858,83.08342857142857,10.976285714285714,3.0822857142857143,0.0,3.0822857142857143,0.04542857142857143,249.51314285714284,72.64742857142856,2.6885714285714286
2017-07-03,15.188571428571429,21.35742857142857,9.3,75.35285714285715,10.159714285714285,0.46285714285714286,0.0054285714285714284,0.4574285714285714,0.264,317.53085714285714,35.70314285714286,2.1011428571428574
2017-07-04,17.706,24.295428571428573,11.246857142857143,71.34342857142857,11.874285714285715,0.7228571428571429,0.0,0.7228571428571429,0.002857142857142857,305.47828571428573,27.933714285714284,2.039142857142857
2017-07-05,19.206857142857142,24.342000000000002,14.314571428571428,76.41971428571429,14.397428571428572,3.440857142857143,0.0,3.440857142857143,0.0,277.3237142857143,51.378,2.7285714285714286
2017-07-06,18.73742857142857,24.118285714285715,14.186857142857143,79.01428571428572,14.648857142857144,1.3379999999999999,0.0,1.3379999999999999,0.0,240.85514285714285,60.65857142857142,2.8805714285714283
2017-07-07,16.71314285714286,21.562285714285714,11.795428571428571,77.81285714285714,12.334857142857144,1.890857142857143,0.0017142857142857142,1.8891428571428572,0.124,272.72999999999996,52.10228571428571,2.49
2017-07-08,15.920857142857143,20.52885714285714,11.791428571428572,77.45742857142858,11.566,4.503142857142858,0.0,4.503142857142858,0.0,250.83085714285713,53.44828571428572,3.1351428571428572
2017-07-09,14.10257142857143,19.023714285714288,9.296285714285714,77.78428571428572,9.884,1.7245714285714286,0.0,1.7245714285714286,0.0,250.90685714285715,64.70342857142857,2.318571428571429
2017-07-10,15.789714285714286,20.71457142857143,11.210571428571429,79.36057142857142,11.752285714285714,1.5454285714285716,0.0,1.5454285714285716,0.0,249.49685714285712,65.02971428571429,2.666
2017-07-11,14.436285714285713,19.183999999999997,10.156285714285714,80.84342857142857,10.794571428571428,2.0891428571428574,0.004571428571428572,2.084571428571429,0.10542857142857143,247.726,61.08142857142857,2.2634285714285713
2017-07-12,13.943428571428571,18.622857142857143,9.463142857142856,81.3817142857143,10.395714285714286,5.519714285714286,0.0,5.519714285714286,0.044571428571428574,220.37028571428573,59.06742857142857,2.3728571428571428
2017-07-13,15.490285714285713,21.61342857142857,9.564571428571428,76.32771428571428,10.706,3.3648571428571428,0.0,3.3648571428571428,0.0,280.986,42.94085714285715,2.520857142857143
2017-07-14,17.349714285714285,23.451142857142855,11.66342857142857,78.22942857142857,13.023428571428571,2.6974285714285715,0.0,2.6974285714285715,0.0,248.06485714285716,42.56914285714286,2.71
2017-07-15,16.100285714285715,21.22457142857143,11.154857142857143,80.15742857142858,12.26142857142857,2.3305714285714285,0.0,2.3305714285714285,0.012857142857142857,228.52285714285713,65.45828571428571,2.706
2017-07-16,16.207142857142856,22.248857142857144,10.081428571428573,75.74142857142857,11.42,0.6639999999999999,0.0,0.6639999999999999,0.0,279.8734285714286,35.25742857142857,2.3905714285714286
2017-07-17,18.01457142857143,24.00257142857143,12.750285714285715,76.83600000000001,13.550285714285714,1.4597142857142857,0.0,1.4597142857142857,0.0,250.91114285714283,55.84457142857143,3.169142857142857
2017-07-18,17.805714285714288,23.167142857142856,12.995714285714286,79.18514285714286,13.808285714285715,1.358,0.0,1.358,0.0,231.662,57.94771428571429,2.6485714285714286
2017-07-19,16.84942857142857,21.961714285714283,11.733142857142857,79.98171428571429,12.984285714285713,1.7531428571428571,0.0,1.7531428571428571,0.0,233.96057142857143,55.645714285714284,2.3874285714285715
2017-07-20,17.567714285714285,22.248857142857144,13.170285714285713,78.65657142857143,13.289428571428571,1.9302857142857144,0.0,1.9302857142857144,0.0,260.8911428571429,55.919714285714285,2.7205714285714286
2017-07-21,16.313714285714287,21.43257142857143,11.316,76.95257142857143,11.725714285714284,0.5668571428571428,0.0,0.5668571428571428,0.0,268.77657142857146,43.645714285714284,2.333142857142857
2017-07-22,15.890571428571427,20.83685714285714,10.95,77.15685714285713,11.490285714285715,1.8768571428571428,0.0,1.8768571428571428,0.0,253.93342857142858,46.255714285714284,1.9425714285714284
2017-07-23,16.180285714285713,21.88,10.924000000000001,77.526,11.636285714285714,3.732857142857143,0.0,3.732857142857143,0.0,266.2965714285714,43.35771428571429,1.8465714285714285
2017-07-24,17.45514285714286,23.622857142857143,11.777714285714287,76.67971428571428,12.811142857142856,3.867428571428572,0.0,3.867428571428572,0.0,240.628,47.986,2.6382857142857143
2017-07-25,18.764,24.147142857142857,14.118,79.20342857142857,14.715714285714284,2.2688571428571427,0.0,2.2688571428571427,0.0,228.75428571428571,64.25399999999999,2.8962857142857144
2017-07-26,17.918285714285712,22.123428571428573,13.885142857142858,82.606,14.673142857142858,5.043714285714286,0.0,5.043714285714286,0.0,157.378,76.63571428571429,3.5477142857142856
2017-07-27,17.903714285714287,23.40257142857143,12.647714285714287,77.91171428571428,13.475428571428571,0.8511428571428571,0.0,0.8511428571428571,0.0,268.3165714285714,44.51971428571429,2.359714285714286
2017-07-28,18.99,25.034285714285716,12.969999999999999,73.26428571428572,13.477142857142857,0.36628571428571427,0.0,0.36628571428571427,0.0,263.97371428571427,41.704,2.208285714285714
2017-07-29,20.538285714285717,26.752857142857142,14.858285714285714,75.88114285714286,15.571142857142858,0.5705714285714285,0.0,0.5705714285714285,0.0,256.30942857142855,39.32257142857143,2.556285714285714
2017-07-30,20.12657142857143,25.899714285714285,14.978571428571428,77.78914285714285,15.554,1.6985714285714286,0.0,1.6985714285714286,0.0,259.14285714285717,47.63457142857143,2.2488571428571427
2017-07-31,19.61542857142857,25.68257142857143,14.051714285714286,78.78571428571429,15.349428571428572,3.120285714285714,0.0,3.120285714285714,0.0,225.87714285714284,52.39828571428571,2.198571428571429
2017-08-01,18.803428571428572,23.919142857142855,14.692,81.03085714285714,15.072,3.4259999999999997,0.0,3.4259999999999997,0.0,199.13657142857141,68.60114285714286,2.903142857142857
2017-08-02,15.036571428571428,19.20142857142857,10.84057142857143,78.03828571428572,10.787428571428572,1.7474285714285713,0.0,1.7474285714285713,0.0,192.9142857142857,72.76114285714286,2.636
2017-08-03,14.826571428571427,19.168,10.370857142857144,76.57314285714286,10.359142857142857,0.5597142857142857,0.0,0.5597142857142857,0.0,221.4037142857143,66.01485714285714,2.172571428571428
2017-08-04,15.471142857142857,19.35914285714286,12.208857142857143,81.38371428571428,12.023142857142858,5.305142857142857,0.0,5.305142857142857,0.0,169.112,80.86399999999999,2.7351428571428573
2017-08-05,13.689428571428572,17.285714285714285,10.240571428571428,81.43342857142858,10.178571428571429,3.234857142857143,0.0,3.234857142857143,0.0,165.67057142857144,81.97142857142858,3.1394285714285712
2017-08-06,13.422285714285715,18.40514285714286,8.828000000000001,78.35942857142857,9.26,0.5842857142857143,0.0,0.5842857142857143,0.0,210.37542857142859,66.98914285714285,1.8891428571428572
2017-08-07,15.792857142857143,21.74685714285714,10.578857142857142,77.19171428571428,11.371714285714285,1.6788571428571428,0.0,1.6788571428571428,0.0,211.83714285714285,55.06171428571429,1.920857142857143
2017-08-08,15.034285714285716,19.44342857142857,10.481714285714286,80.79828571428571,11.318,2.946,0.0,2.946,0.0,204.0782857142857,67.78942857142857,2.561714285714286
2017-08-09,15.085714285714285,19.921142857142858,10.338,79.55714285714286,11.183428571428571,1.0571428571428572,0.0,1.0571428571428572,0.0,210.06228571428574,59.959142857142865,2.2314285714285713
2017-08-10,15.5,20.706857142857142,10.922285714285714,80.59885714285714,11.664285714285715,1.9774285714285718,0.0,1.9774285714285718,0.0,225.51514285714285,59.28142857142857,1.8237142857142856
2017-08-11,16.297142857142855,21.79342857142857,11.449428571428571,78.10942857142857,11.934,2.884857142857143,0.0,2.884857142857143,0.0,210.098,50.70942857142857,2.0997142857142856
2017-08-12,16.378,21.75914285714286,11.169142857142857,77.108,11.822857142857144,1.4668571428571429,0.0,1.4668571428571429,0.0,223.56885714285713,58.68142857142857,2.0651428571428574
2017-08-13,16.424285714285716,21.308285714285713,11.799428571428573,79.05028571428572,12.291142857142857,1.9314285714285713,0.0,1.9314285714285713,0.0,214.46657142857143,60.99714285714286,1.7102857142857142
2017-08-14,16.34485714285714,21.164571428571428,12.062857142857142,81.62114285714286,12.733428571428572,3.068571428571429,0.0,3.068571428571429,0.0,191.75514285714286,72.53114285714287,1.82
2017-08-15,16.016571428571428,21.16342857142857,11.228285714285715,79.702,11.999142857142857,0.8085714285714286,0.0,0.8085714285714286,0.0,203.66285714285715,64.68885714285715,1.7911428571428571
2017-08-16,16.9,22.673714285714286,11.418,76.61057142857142,12.344000000000001,0.7605714285714285,0.0,0.7605714285714285,0.0,197.2342857142857,48.500571428571426,1.788
2017-08-17,17.159428571428574,20.97085714285714,13.618857142857143,84.42028571428571,14.285714285714286,4.772285714285714,0.0,4.772285714285714,0.0,128.15057142857145,83.60942857142857,2.2768571428571427
2017-08-18,17.71314285714286,21.87942857142857,14.232857142857142,86.23942857142858,15.042857142857143,7.783428571428572,0.0,7.783428571428572,0.0,128.15085714285715,87.96714285714286,2.5754285714285716
2017-08-19,17.49514285714286,22.888571428571428,12.739142857142857,81.434,13.851714285714285,0.9817142857142857,0.0,0.9817142857142857,0.0,189.51228571428572,64.354,2.424
2017-08-20,18.538,23.915999999999997,14.218,81.43971428571429,14.853142857142858,2.745142857142857,0.0,2.745142857142857,0.0,194.0037142857143,44.24514285714285,2.694571428571429
2017-08-21,18.020857142857142,22.795714285714286,13.536571428571428,76.70514285714285,13.400857142857141,1.3637142857142859,0.0,1.3637142857142859,0.0,214.774,48.016,2.8125714285714287
2017-08-22,15.231714285714286,18.05142857142857,12.940285714285714,88.35771428571428,13.215428571428571,8.17142857142857,0.0,8.17142857142857,0.0,101.81114285714287,92.66028571428572,3.309428571428571
2017-08-23,11.96,15.931428571428572,8.372857142857143,78.21114285714286,7.766,2.013142857142857,0.0,2.013142857142857,0.0,188.00485714285713,56.437999999999995,3.6768571428571426
2017-08-24,11.444571428571429,17.00342857142857,6.711428571428572,76.11,6.763714285714285,0.29828571428571427,0.0,0.29828571428571427,0.0,219.78457142857144,34.456857142857146,2.188
2017-08-25,12.650285714285713,19.566,6.708285714285714,72.70971428571428,7.193142857142857,0.178,0.0,0.178,0.0,234.99485714285714,17.898285714285716,1.7877142857142858
2017-08-26,14.149428571428572,20.797714285714285,8.281428571428572,73.70542857142857,8.92057142857143,0.1622857142857143,0.0,0.1622857142857143,0.0,226.75171428571426,23.25342857142857,2.144285714285714
2017-08-27,14.976857142857144,20.457428571428572,10.148,78.78257142857143,10.863142857142856,1.3348571428571427,0.0,1.3348571428571427,0.0,195.07542857142857,39.93171428571429,2.3345714285714285
2017-08-28,16.457428571428572,22.579714285714285,11.470571428571429,80.17,12.590285714285715,0.4702857142857143,0.0,0.4702857142857143,0.0,185.49342857142858,55.84742857142857,2.724857142857143
2017-08-29,17.56257142857143,22.495428571428572,13.528,81.38428571428571,13.947428571428572,2.051428571428571,0.0,2.051428571428571,0.0,167.56971428571427,65.80314285714286,2.4194285714285715
2017-08-30,14.286285714285714,18.44542857142857,10.624,79.48485714285714,10.331714285714286,2.4917142857142855,0.0,2.4917142857142855,0.0,154.0442857142857,69.33857142857143,2.696857142857143
2017-08-31,11.509142857142857,17.079714285714285,6.583428571428571,74.74885714285715,6.589142857142857,0.43742857142857144,0.0,0.43742857142857144,0.0,204.72400000000002,48.156,2.5114285714285716
2017-09-01,12.321142857142858,18.853714285714286,6.997714285714285,73.42257142857143,7.184,0.6442857142857144,0.0,0.6442857142857144,0.0,201.44742857142856,28.071428571428573,3.046
2017-09-02,14.049714285714286,19.711142857142857,9.622857142857143,78.64828571428572,9.791142857142857,5.064571428571428,0.0,5.064571428571428,0.0,172.07171428571428,60.42457142857143,2.9345714285714286
2017-09-03,14.456857142857142,19.56714285714286,10.716,82.92142857142858,11.302857142857144,2.463142857142857,0.0,2.463142857142857,0.0,119.94485714285713,81.24885714285715,2.4754285714285715
2017-09-04,13.044285714285715,16.83028571428571,10.323714285714285,84.82142857142857,10.250285714285715,3.386285714285714,0.0,3.386285714285714,0.0,113.446,83.33342857142857,3.2645714285714287
2017-09-05,10.686571428571428,14.086,7.8908571428571435,85.96228571428571,8.188285714285714,3.5117142857142856,0.0,3.5117142857142856,0.0,107.05171428571428,90.68914285714285,3.0877142857142856
2017-09-06,10.20657142857143,14.085428571428572,6.938,81.85142857142857,6.886285714285715,1.204,0.0,1.204,0.0,138.878,84.42342857142857,2.01
2017-09-07,10.055428571428571,13.709714285714286,6.858285714285714,80.44771428571428,6.575428571428572,1.6685714285714286,0.0,1.6685714285714286,0.0,141.42114285714285,84.15885714285714,2.0862857142857143
2017-09-08,9.878285714285715,15.498285714285712,5.353142857142857,79.02057142857143,5.926857142857143,0.9577142857142859,0.0,0.9577142857142859,0.0,183.81428571428572,45.91,2.327428571428572
2017-09-09,11.948,18.987428571428573,6.542285714285714,72.9002857142857,6.639142857142858,0.138,0.0,0.138,0.0,211.56485714285716,17.064,2.8728571428571428
2017-09-10,14.082,21.705142857142857,8.158,75.75685714285714,9.340285714285715,0.2725714285714286,0.0,0.2725714285714286,0.0,207.98514285714285,6.247142857142857,2.7425714285714284
2017-09-11,16.43257142857143,21.25657142857143,12.411142857142856,74.22342857142857,11.215142857142856,1.7777142857142856,0.0,1.7777142857142856,0.0,165.52342857142855,42.89514285714286,3.6505714285714284
2017-09-12,15.989714285714285,22.627714285714287,10.693142857142856,69.53485714285715,9.798,0.15028571428571427,0.0,0.15028571428571427,0.0,201.99114285714285,26.402857142857144,3.142857142857143
2017-09-13,14.295714285714286,19.900285714285715,9.331428571428573,76.89342857142857,9.854857142857144,0.15885714285714286,0.0,0.15885714285714286,0.0,170.85942857142857,42.05571428571429,2.399142857142857
2017-09-14,11.998571428571429,16.49342857142857,8.741142857142856,82.944,8.917714285714286,3.2688571428571427,0.008285714285714285,3.2605714285714282,0.08714285714285715,114.24057142857143,71.306,1.98
2017-09-15,11.294857142857143,15.134000000000002,8.13857142857143,84.95828571428571,8.607714285714286,4.177714285714286,0.0,4.177714285714286,0.13657142857142857,124.95542857142856,72.50285714285714,2.1834285714285713
2017-09-16,11.088,15.976571428571427,7.698,86.12057142857142,8.588285714285714,11.059714285714287,0.10942857142857143,10.950285714285716,0.8562857142857143,95.25657142857143,76.59857142857142,2.3225714285714285
2017-09-17,11.372285714285713,15.948285714285715,8.133428571428572,88.89057142857143,9.394857142857143,8.928285714285714,0.06857142857142857,8.859714285714285,1.4697142857142858,94.2217142857143,76.87485714285714,2.669142857142857
2017-09-18,11.39257142857143,16.13142857142857,7.783142857142858,83.13314285714286,8.294571428571428,1.250857142857143,0.0,1.250857142857143,0.8997142857142858,133.9217142857143,62.46457142857143,2.837714285714286
2017-09-19,12.498,18.416857142857143,8.441142857142857,81.894,9.144857142857143,0.5800000000000001,0.0,0.5800000000000001,0.4505714285714286,144.7882857142857,63.23771428571429,2.091714285714286
2017-09-20,14.45,20.25057142857143,10.38,85.45057142857142,11.79657142857143,7.786857142857143,0.0,7.786857142857143,0.09885714285714285,117.78942857142857,63.588857142857144,3.1157142857142857
2017-09-21,15.850285714285715,21.815714285714286,10.930285714285715,80.58771428571428,12.046000000000001,2.1797142857142853,0.0,2.1797142857142853,0.0,160.1762857142857,45.61971428571429,2.6694285714285715
2017-09-22,16.632,23.029999999999998,11.790285714285716,84.52457142857143,13.693428571428571,3.6342857142857143,0.0,3.6342857142857143,0.0,143.16,60.15,2.257142857142857
2017-09-23,16.597142857142856,21.015428571428572,13.298571428571428,88.06285714285714,14.37742857142857,8.867428571428572,0.0,8.867428571428572,0.010857142857142857,89.50999999999999,78.62828571428571,2.240857142857143
2017-09-24,15.439714285714285,19.673714285714286,12.371428571428572,89.69885714285715,13.476,6.753142857142858,0.0,6.753142857142858,0.0,93.66857142857143,76.41085714285714,1.874
2017-09-25,14.278,18.815142857142856,10.932,86.4437142857143,11.727714285714285,4.640000000000001,0.03085714285714286,4.609142857142857,0.7302857142857143,105.36742857142858,71.38600000000001,2.6037142857142856
2017-09-26,11.654,15.225428571428571,9.295142857142856,87.3757142857143,9.39342857142857,5.074,0.0,5.074,0.9779999999999999,85.19885714285715,86.92971428571428,1.9925714285714284
2017-09-27,10.135428571428571,14.106857142857143,6.887142857142858,86.64314285714286,7.771428571428571,5.142857142857143,0.10714285714285715,5.0357142857142865,2.083714285714286,95.84457142857143,86.08514285714286,2.6757142857142857
2017-09-28,8.654857142857143,12.228,5.896857142857144,84.32971428571429,5.858285714285714,1.0745714285714285,0.002,1.0725714285714285,1.7674285714285713,96.13971428571428,84.53285714285714,2.2705714285714285
2017-09-29,7.9399999999999995,11.546857142857142,5.134571428571429,84.75485714285715,5.275714285714286,1.9028571428571428,0.0,1.9028571428571428,1.364,102.05171428571428,79.55857142857144,2.5614285714285714
2017-09-30,8.598857142857142,15.26457142857143,4.034571428571429,78.67057142857142,4.675142857142857,0.30457142857142855,0.0,0.30457142857142855,0.674,166.02599999999998,25.431428571428572,3.2622857142857145
2017-10-01,10.295142857142856,15.674285714285714,6.76,83.084,7.217428571428571,2.0268571428571427,0.0,2.0268571428571427,0.0,125.65628571428572,46.92428571428571,2.574857142857143
2017-10-02,12.181142857142856,17.52342857142857,8.727714285714287,84.026,9.187714285714286,3.0505714285714283,0.0,3.0505714285714283,0.0,96.36628571428572,77.75685714285714,3.310285714285714
2017-10-03,12.983428571428572,17.61342857142857,9.163142857142857,86.73285714285714,10.537142857142857,5.938000000000001,0.0,5.938000000000001,0.0,83.66542857142856,85.61200000000001,3.0262857142857142
2017-10-04,10.716571428571427,14.878857142857143,7.303714285714285,85.52457142857143,8.18,4.114,0.019714285714285715,4.094285714285714,0.30942857142857144,81.21285714285713,88.01285714285714,3.286857142857143
2017-10-05,8.05,11.440285714285713,4.750857142857143,78.51714285714286,4.167142857142857,0.8357142857142857,0.007714285714285715,0.8280000000000001,1.205142857142857,112.644,65.1,3.4905714285714287
2017-10-06,7.434,13.808857142857143,2.95,80.36685714285714,3.89,0.9034285714285715,0.005142857142857143,0.8982857142857144,1.3137142857142856,131.958,38.75285714285714,2.6717142857142857
2017-10-07,10.769142857142858,16.83857142857143,6.632571428571429,86.38457142857143,8.382857142857143,4.151142857142857,0.0,4.151142857142857,0.1777142857142857,93.22942857142857,68.68028571428572,3.1694285714285715
2017-10-08,12.492857142857142,16.27285714285714,9.332571428571429,82.848,9.348285714285714,7.122285714285714,0.0,7.122285714285714,0.0,113.51342857142856,59.375428571428564,4.000285714285714
2017-10-09,9.203142857142858,13.000571428571428,6.166571428571429,82.026,6.058857142857143,1.7428571428571429,0.04371428571428571,1.699142857142857,0.20628571428571427,104.73714285714284,57.20914285714286,3.238
2017-10-10,6.313999999999999,11.536,2.3057142857142856,79.54771428571429,2.6102857142857143,1.3854285714285715,0.054857142857142854,1.3305714285714285,4.418,115.85971428571429,58.926857142857145,2.920857142857143
2017-10-11,5.8508571428571425,11.924857142857142,1.7937142857142858,80.96371428571429,2.474,0.5171428571428572,0.007714285714285715,0.5094285714285716,3.792571428571428,118.9902857142857,42.59314285714286,2.6122857142857145
2017-10-12,8.212,14.048285714285715,4.324857142857143,83.89514285714286,5.404571428571429,0.39428571428571424,0.00028571428571428574,0.39399999999999996,3.3614285714285717,96.418,66.06885714285714,3.4654285714285717
2017-10-13,10.371142857142857,13.748,6.834,81.93,7.1571428571428575,1.649142857142857,0.0,1.649142857142857,1.7231428571428573,69.59314285714285,86.06285714285714,4.260571428571429
2017-10-14,5.976,10.096571428571428,1.7668571428571427,74.27085714285714,1.4320000000000002,0.48285714285714293,0.022571428571428572,0.46028571428571435,2.202,103.07742857142857,55.714,3.183142857142857
2017-10-15,4.204857142857143,7.930285714285715,0.5308571428571429,82.48885714285714,1.2577142857142856,4.385428571428572,0.15742857142857142,4.228000000000001,4.723142857142857,75.13914285714286,78.304,3.3048571428571427
2017-10-16,2.805428571428571,8.256285714285715,-1.0051428571428571,81.762,-0.3337142857142857,0.7774285714285715,0.20771428571428574,0.5697142857142857,8.375428571428571,81.55371428571429,81.09057142857144,2.829142857142857
2017-10-17,6.732,11.222285714285713,2.8854285714285717,80.976,3.376857142857143,1.5985714285714288,0.36914285714285716,1.2294285714285715,6.122857142857143,90.39628571428571,74.89028571428571,3.783428571428571
2017-10-18,8.315428571428573,14.841714285714287,3.7125714285714286,82.07314285714286,5.032,0.8685714285714285,0.46885714285714286,0.3997142857142857,5.175714285714286,102.58742857142857,61.02914285714286,3.976
2017-10-19,8.513428571428571,12.279142857142856,5.45,70.07285714285715,2.8854285714285712,0.6551428571428571,0.004285714285714286,0.6508571428571428,2.777428571428571,85.944,68.04114285714286,4.781142857142857
2017-10-20,7.546,14.043714285714287,3.4622857142857146,80.51628571428571,4.009714285714286,0.07714285714285715,0.011428571428571429,0.06571428571428573,2.8908571428571426,113.52342857142858,44.96,2.642
2017-10-21,10.108285714285715,15.503142857142857,7.034857142857143,88.36142857142858,8.199142857142858,0.772,0.0017142857142857142,0.7702857142857144,2.4714285714285715,69.29457142857143,79.56685714285715,3.528285714285714
2017-10-22,12.367428571428572,16.826571428571427,8.641714285714285,87.44857142857143,10.132857142857143,2.88,0.0,2.88,1.7314285714285715,67.52657142857143,82.69857142857143,4.0285714285714285
2017-10-23,9.224857142857143,12.73942857142857,6.6008571428571425,83.35857142857144,6.406285714285715,2.2962857142857143,0.0008571428571428571,2.2954285714285714,0.6105714285714287,68.21285714285713,78.06371428571428,3.3631428571428574
2017-10-24,4.9879999999999995,8.527714285714286,1.9954285714285716,83.66057142857143,2.278285714285714,10.848571428571429,1.6357142857142857,9.212857142857143,5.569142857142857,57.842,88.09971428571428,4.694
2017-10-25,1.572,4.688571428571429,-0.8474285714285715,83.03171428571429,-1.2437142857142858,3.2302857142857144,1.205142857142857,2.0251428571428574,10.241428571428571,62.37885714285715,84.26142857142857,3.4025714285714286
2017-10-26,0.6237142857142857,3.307142857142857,-1.3711428571428572,85.76685714285715,-1.7251428571428573,2.28,2.4762857142857144,0.0,13.140571428571427,55.08914285714285,84.32142857142857,2.447714285714286
2017-10-27,0.3394285714285714,2.9957142857142856,-1.5837142857142856,85.31542857142857,-2.0722857142857145,2.274285714285714,2.431142857142857,0.0,13.894285714285713,53.966,86.348,2.9114285714285715
2017-10-28,-0.1317142857142856,2.6217142857142854,-2.196,87.62085714285715,-2.152285714285714,3.33,2.1597142857142857,1.1702857142857144,13.917142857142856,41.626000000000005,94.7717142857143,2.478
2017-10-29,-0.9151428571428571,1.866,-3.0422857142857143,88.28342857142857,-2.832857142857143,2.1157142857142857,1.7288571428571429,0.3868571428571428,13.854571428571427,44.94542857142857,90.80314285714286,2.306285714285714
2017-10-30,-0.36228571428571427,1.2574285714285713,-1.6645714285714286,91.288,-1.832,4.6977142857142855,3.8371428571428576,0.8605714285714279,13.966857142857142,36.44457142857143,95.40771428571429,3.967142857142857
2017-10-31,-1.9522857142857142,-0.4588571428571429,-3.7462857142857144,87.436,-4.0845714285714285,2.2985714285714285,2.4085714285714284,0.0,14.333999999999998,51.27742857142857,88.59857142857142,4.491714285714286
2017-11-01,-2.8414285714285716,0.9265714285714286,-5.572571428571428,87.79714285714286,-4.8994285714285715,0.8737142857142858,0.5868571428571429,0.2868571428571429,14.278571428571427,50.239714285714285,88.45571428571428,2.295142857142857
2017-11-02,-1.0665714285714285,1.06,-2.95,94.23,-2.075142857142857,4.096571428571428,2.690571428571429,1.4059999999999993,14.285999999999998,32.79914285714286,97.82914285714286,2.5762857142857145
2017-11-03,-2.836,-0.34457142857142853,-6.332857142857143,89.40914285714287,-4.701714285714286,2.4065714285714286,1.1662857142857144,1.2402857142857142,14.539714285714286,50.45057142857143,91.256,3.277428571428571
2017-11-04,-5.6088571428571425,-1.9457142857142855,-8.878,87.438,-7.7054285714285715,1.1537142857142857,1.4677142857142857,0.0,15.104285714285714,51.55771428571428,82.17057142857142,2.704
2017-11-05,-1.7522857142857142,1.4274285714285715,-4.953714285714286,95.41628571428572,-2.648857142857143,6.373142857142857,4.949714285714286,1.4234285714285706,16.151714285714284,25.19542857142857,98.42142857142858,3.424
2017-11-06,-4.141714285714286,-0.7422857142857142,-7.258285714285714,89.96657142857143,-6.05,1.2397142857142858,0.576,0.6637142857142858,15.931714285714285,45.09742857142857,90.364,3.908571428571429
2017-11-07,-7.196285714285715,-3.7642857142857142,-10.427714285714286,88.53228571428572,-9.254571428571428,0.4468571428571429,0.554,0.0,15.722857142857142,51.978,87.00542857142857,3.1837142857142857
2017-11-08,-6.733714285714286,-3.342,-10.177428571428571,88.75914285714286,-8.709428571428571,0.6888571428571428,0.8097142857142857,0.0,15.544285714285714,56.004000000000005,85.27285714285715,3.652285714285714
2017-11-09,-11.215142857142858,-8.046000000000001,-14.774285714285716,90.32371428571429,-12.71942857142857,1.43,1.5422857142857143,0.0,15.655714285714284,52.244,87.66885714285714,3.7845714285714287
2017-11-10,-14.482,-8.639999999999999,-19.230571428571427,87.23028571428571,-16.481428571428573,0.4808571428571429,0.4174285714285714,0.0634285714285715,17.67628571428571,74.85171428571428,55.13914285714285,4.152571428571429
2017-11-11,-8.281142857142857,-3.766,-12.315142857142856,89.446,-10.215428571428571,1.1397142857142857,1.3768571428571428,0.0,17.505142857142857,41.29628571428571,81.904,3.0565714285714285
2017-11-12,-6.222571428571428,-2.417142857142857,-9.620571428571429,92.16942857142857,-7.746571428571428,0.6145714285714287,0.5682857142857143,0.046285714285714374,17.652857142857144,32.15857142857143,90.25857142857143,2.2777142857142856
2017-11-13,-5.715714285714286,-2.4977142857142858,-8.62657142857143,93.568,-6.977428571428572,0.5948571428571429,0.21714285714285717,0.37771428571428567,17.65542857142857,38.77285714285714,88.22828571428572,2.150857142857143
2017-11-14,-3.3122857142857143,0.6228571428571429,-6.7540000000000004,94.842,-4.388285714285715,0.8582857142857142,0.6717142857142857,0.1865714285714285,17.51942857142857,29.521714285714285,90.45057142857142,2.6471428571428572
2017-11-15,-2.1157142857142857,-0.02971428571428574,-4.774285714285714,95.51685714285715,-2.9505714285714286,4.8585714285714285,4.550285714285714,0.3082857142857147,17.34257142857143,26.68542857142857,94.58114285714286,3.4811428571428573
2017-11-16,-7.267142857142857,-3.9111428571428566,-10.789142857142858,93.168,-8.504857142857142,3.1045714285714285,2.305428571428571,0.7991428571428574,17.750857142857143,45.257714285714286,83.27085714285714,4.268571428571429
2017-11-17,-7.260285714285715,-2.3162857142857143,-12.183142857142858,91.13885714285715,-8.931142857142856,3.8111428571428574,4.256,0.0,18.702857142857145,35.70942857142857,85.22657142857142,3.8865714285714286
2017-11-18,-6.443142857142857,-2.5842857142857145,-9.973142857142857,95.1437142857143,-7.4385714285714295,2.7994285714285714,2.3425714285714285,0.45685714285714285,19.218,26.767714285714288,93.78514285714286,2.8537142857142856
2017-11-19,-10.434857142857144,-7.135142857142857,-13.591142857142858,94.71857142857144,-11.501714285714286,1.5957142857142859,1.2797142857142856,0.3160000000000003,19.46942857142857,35.20085714285714,91.3,3.6354285714285712
2017-11-20,-10.916,-6.158857142857143,-15.243428571428572,94.25085714285713,-12.042000000000002,1.060857142857143,1.184,0.0,19.438,44.148,78.97085714285714,3.0714285714285716
2017-11-21,-6.781428571428571,-3.0708571428571427,-10.766285714285715,94.40057142857142,-7.914857142857143,3.3577142857142857,3.5282857142857145,0.0,20.54057142857143,38.118857142857145,88.256,4.679428571428572
2017-11-22,-9.582571428571429,-6.344571428571428,-12.494571428571428,92.32857142857142,-11.056285714285714,0.8648571428571429,0.22542857142857142,0.6394285714285715,20.919142857142855,40.041714285714285,85.74685714285714,3.544857142857143
2017-11-23,-8.67542857142857,-5.746,-12.29657142857143,92.68971428571429,-10.098,0.8588571428571429,0.7951428571428572,0.06371428571428572,20.932,34.07828571428571,83.83085714285714,3.282857142857143
2017-11-24,-6.419714285714286,-1.8268571428571427,-11.546857142857142,95.18314285714285,-7.3908571428571435,4.272,5.102571428571428,0.0,21.607714285714284,29.38314285714286,89.21,3.4365714285714284
2017-11-25,-7.696571428571429,-3.299714285714286,-11.604857142857144,93.34485714285715,-8.950285714285714,1.183142857142857,0.8054285714285715,0.37771428571428556,21.562571428571427,36.727428571428575,86.712,3.9954285714285716
2017-11-26,-10.867142857142857,-7.597714285714286,-14.04342857142857,92.74285714285715,-12.239714285714285,2.1574285714285715,1.9374285714285715,0.21999999999999997,21.880857142857142,32.78771428571429,81.02371428571428,3.255714285714286
2017-11-27,-12.029714285714286,-6.0928571428571425,-16.976857142857146,92.12285714285714,-13.421999999999999,0.8411428571428572,0.8214285714285714,0.019714285714285795,22.29514285714286,41.35514285714286,73.05314285714286,3.019142857142857
2017-11-28,-3.5820000000000003,1.5511428571428574,-10.282857142857143,93.78485714285713,-4.753142857142858,2.9277142857142855,4.081714285714286,0.0,22.75342857142857,32.57257142857143,86.22714285714285,4.976
2017-11-29,-7.401714285714286,-2.045142857142857,-11.701428571428572,90.07685714285715,-9.239714285714285,0.32657142857142857,0.29742857142857143,0.029142857142857137,21.95057142857143,46.329142857142855,57.41114285714286,4.1331428571428575
2017-11-30,-4.096571428571428,-0.7231428571428571,-7.941142857142857,94.012,-5.274571428571429,1.6622857142857144,1.974857142857143,0.0,21.982285714285712,22.07857142857143,90.40942857142856,3.8025714285714285
2017-12-01,-5.343999999999999,-1.1571428571428573,-9.786285714285714,94.06457142857143,-6.549142857142857,0.4394285714285714,0.6465714285714286,0.0,21.699142857142856,38.836285714285715,76.83142857142857,2.7899999999999996
2017-12-02,-3.990285714285714,-1.0277142857142856,-6.194285714285715,96.15057142857142,-4.818,0.44171428571428567,0.38085714285714284,0.06085714285714283,21.48,40.06371428571428,76.54171428571429,1.9528571428571426
2017-12-03,-3.248285714285714,-0.20000000000000004,-5.828857142857142,96.98285714285714,-3.892,0.36142857142857143,0.42342857142857143,0.0,21.22742857142857,29.510571428571424,85.75085714285714,2.38
2017-12-04,-3.612857142857143,-1.0945714285714285,-5.996857142857142,97.64114285714285,-4.147428571428572,3.9731428571428573,5.137428571428572,0.0,21.045428571428573,17.93342857142857,95.3622857142857,2.906285714285714
2017-12-05,-2.4014285714285712,1.4334285714285713,-6.7785714285714285,93.95114285714286,-3.5319999999999996,11.85657142857143,11.284857142857144,0.5717142857142861,22.60085714285714,17.794,97.17914285714285,5.991142857142857
2017-12-06,-7.293142857142857,-3.8460000000000005,-10.272857142857143,88.34028571428571,-9.412857142857142,3.834285714285714,4.275428571428572,0.0,26.616,28.649428571428572,87.93771428571429,6.734571428571429
2017-12-07,-12.475428571428571,-9.157142857142857,-14.937714285714284,91.10542857142858,-13.95257142857143,0.8597142857142858,1.1645714285714286,0.0,27.313714285714287,30.432571428571432,80.59171428571429,4.029714285714285
2017-12-08,-14.119428571428571,-11.841142857142858,-16.796285714285716,91.62342857142858,-15.459714285714286,0.9657142857142856,1.2651428571428571,0.0,27.219142857142856,31.22285714285714,83.64085714285714,3.4357142857142855
2017-12-09,-15.812857142857144,-13.140285714285714,-18.084285714285716,91.67628571428571,-17.071142857142856,0.5391428571428571,0.7997142857142857,0.0,27.15542857142857,34.83457142857143,78.32428571428571,2.474285714285714
2017-12-10,-17.891428571428573,-14.590285714285715,-21.563428571428574,93.18114285714286,-18.911714285714286,0.6428571428571429,0.9682857142857143,0.0,27.078857142857142,38.618,70.68885714285715,3.03
2017-12-11,-17.46742857142857,-14.044857142857143,-21.043142857142858,92.26400000000001,-18.63742857142857,1.1185714285714285,1.3237142857142856,0.0,26.933999999999997,35.12428571428571,74.86685714285714,2.6374285714285715
2017-12-12,-19.191714285714287,-15.664571428571428,-22.978571428571428,95.11571428571429,-19.905428571428573,1.4434285714285715,1.9365714285714286,0.0,27.057142857142857,35.77342857142857,75.53857142857143,3.128857142857143
2017-12-13,-21.575142857142858,-18.418285714285712,-24.283714285714286,94.66942857142857,-22.264857142857142,0.6488571428571429,0.5605714285714286,0.0882857142857143,26.987714285714283,42.90657142857143,65.04142857142857,2.714857142857143
2017-12-14,-21.885142857142856,-16.672285714285714,-26.334285714285716,94.57085714285715,-22.63,0.4257142857142857,0.3914285714285714,0.03428571428571431,26.920857142857145,41.77571428571429,60.505428571428574,2.994285714285714
2017-12-15,-19.219142857142856,-15.26657142857143,-23.11857142857143,95.92942857142857,-19.848,0.6457142857142857,0.9434285714285715,0.0,26.86057142857143,34.381142857142855,68.13942857142858,2.787142857142857
2017-12-16,-22.31057142857143,-17.58142857142857,-26.559714285714286,94.59028571428571,-23.042571428571428,0.38942857142857146,0.5148571428571428,0.0,26.819999999999997,44.25742857142857,52.279714285714284,2.867714285714286
2017-12-17,-17.473142857142857,-9.892857142857142,-23.90085714285714,94.97228571428572,-18.271714285714285,0.27228571428571424,0.4342857142857143,0.0,26.73428571428571,31.15457142857143,71.38028571428572,2.7537142857142856
2017-12-18,-7.261428571428572,-3.242857142857143,-11.182,97.59,-7.938285714285714,0.8791428571428571,1.228,0.0,26.719714285714286,18.7,92.71028571428572,3.29
2017-12-19,-5.242,-1.6648571428571428,-9.827142857142857,97.20028571428571,-5.913142857142858,2.5025714285714287,2.1445714285714286,0.3580000000000001,26.811714285714285,25.833142857142857,90.70257142857143,4.736571428571429
2017-12-20,-15.308285714285713,-9.414285714285715,-19.774,93.50628571428571,-16.406285714285715,0.6628571428571428,0.38971428571428574,0.2731428571428571,26.965714285714284,41.00285714285714,61.238,4.137428571428572
2017-12-21,-20.606571428571428,-17.09,-23.838,92.22314285714286,-21.686285714285713,0.132,0.21057142857142858,0.0,26.911142857142856,45.576,54.21971428571429,2.0502857142857143
2017-12-22,-17.745714285714286,-12.569428571428572,-21.74457142857143,96.428,-18.298857142857145,0.8548571428571428,1.282857142857143,0.0,26.866857142857143,33.17885714285714,69.12914285714285,2.8137142857142856
2017-12-23,-14.530857142857142,-11.308,-18.185714285714287,97.12514285714286,-15.152571428571429,1.3582857142857143,1.806857142857143,0.0,27.043714285714284,32.239714285714285,81.40971428571429,2.8834285714285715
2017-12-24,-21.12942857142857,-15.522857142857141,-26.099714285714285,95.63885714285715,-21.82542857142857,0.4531428571428571,0.6125714285714287,0.0,27.072285714285712,45.32742857142857,57.55171428571428,2.7102857142857144
2017-12-25,-25.659714285714287,-22.484857142857145,-29.172,96.83885714285715,-26.024285714285714,1.506,2.093142857142857,0.0,27.08657142857143,39.06857142857143,65.85371428571429,3.264
2017-12-26,-28.445714285714285,-24.29942857142857,-31.451999999999998,96.69914285714285,-28.68742857142857,0.7208571428571429,0.9851428571428572,0.0,27.262857142857143,46.69114285714286,59.554857142857145,3.3594285714285714
2017-12-27,-30.762857142857143,-26.09285714285714,-34.558,96.70914285714287,-30.949428571428573,0.2977142857142857,0.3977142857142857,0.0,27.302000000000003,46.424,60.85171428571429,2.9345714285714286
2017-12-28,-28.65,-22.437714285714282,-32.70142857142857,97.07085714285715,-28.833714285714283,0.2582857142857143,0.2837142857142857,0.0,27.289428571428573,47.402,53.674571428571426,2.4994285714285716
2017-12-29,-24.737714285714283,-20.66057142857143,-27.58457142857143,96.42714285714285,-25.138285714285715,0.6231428571428571,1.0071428571428571,0.0,27.314857142857143,45.693714285714286,59.66914285714286,1.9965714285714284
2017-12-30,-25.58457142857143,-21.898,-29.165142857142857,97.24057142857143,-25.886857142857142,0.7465714285714286,0.7834285714285714,0.0,27.531714285714287,46.276,55.227714285714285,3.032857142857143
2017-12-31,-28.711714285714283,-24.334285714285716,-33.06485714285714,97.27514285714285,-28.842285714285715,0.2502857142857143,0.21714285714285717,0.03314285714285711,27.598285714285716,50.218857142857146,50.20057142857143,3.228285714285714
2018-01-01,-25.47542857142857,-19.512285714285714,-29.8,97.47171428571428,-25.690571428571428,0.3314285714285714,0.44971428571428573,0.0,27.600571428571428,45.348285714285716,56.14628571428571,3.3454285714285716
2018-01-02,-17.773714285714288,-14.900857142857141,-21.894571428571428,97.27257142857142,-18.23857142857143,0.5482857142857144,0.9660000000000001,0.0,27.57057142857143,36.40085714285714,81.09457142857143,3.9274285714285715
2018-01-03,-22.08742857142857,-17.998857142857144,-25.706857142857142,97.84314285714287,-22.402285714285714,0.9128571428571428,0.9694285714285714,0.0,27.65685714285714,42.96942857142857,63.05771428571428,3.317714285714286
2018-01-04,-27.431428571428572,-22.92457142857143,-31.496285714285712,98.082,-27.513142857142856,0.45914285714285713,0.3488571428571428,0.11028571428571432,27.8,52.42057142857143,39.52628571428571,3.2382857142857144
2018-01-05,-29.594285714285714,-24.978571428571428,-33.40142857142857,97.58714285714287,-29.548000000000002,0.5048571428571429,0.32885714285714285,0.17600000000000005,27.95885714285714,55.725428571428566,32.53171428571428,3.8682857142857148
2018-01-06,-27.43285714285714,-20.039142857142856,-32.866571428571426,97.72857142857143,-27.428,0.6105714285714287,0.742,0.0,28.03057142857143,49.96171428571429,45.92714285714286,3.6897142857142855
2018-01-07,-15.686,-10.82457142857143,-21.623428571428573,98.16485714285714,-16.187142857142856,3.0985714285714288,3.9622857142857146,0.0,28.99857142857143,29.959714285714284,81.156,3.470285714285714
2018-01-08,-10.074857142857143,-7.314285714285714,-13.698857142857142,98.16399999999999,-10.655714285714286,2.7365714285714287,3.1162857142857145,0.0,30.29171428571429,26.955142857142857,92.92142857142858,3.5971428571428574
2018-01-09,-13.698285714285714,-9.184857142857144,-18.539428571428573,97.13057142857143,-14.325142857142858,0.3648571428571428,0.27314285714285713,0.09171428571428569,30.512285714285717,37.60457142857143,74.04857142857142,3.2334285714285715
2018-01-10,-9.246857142857143,-3.7865714285714285,-15.305714285714288,98.07571428571428,-9.784857142857144,2.4537142857142857,3.404,0.0,30.938571428571425,27.346,88.53599999999999,3.6020000000000003
2018-01-11,-12.474857142857143,-5.772857142857143,-17.706285714285716,98.48114285714286,-12.728571428571428,5.142285714285714,5.129142857142857,0.013142857142857345,31.45885714285714,29.09657142857143,90.19342857142857,4.328285714285714
2018-01-12,-22.91314285714286,-16.614857142857144,-29.019428571428573,97.53628571428571,-23.149428571428572,2.638857142857143,2.6962857142857146,0.0,32.524857142857144,48.86742857142857,52.669714285714285,4.256285714285714
2018-01-13,-26.782285714285713,-21.437714285714286,-31.265142857142855,94.68171428571429,-27.383714285714287,0.8802857142857142,0.7222857142857143,0.15799999999999992,32.49542857142857,60.09885714285714,48.93828571428571,3.7880000000000003
2018-01-14,-23.58514285714286,-17.56714285714286,-28.578857142857142,96.26714285714286,-24.058857142857143,0.7208571428571429,0.6654285714285714,0.055428571428571494,32.43314285714286,52.92142857142857,62.05571428571428,2.526
2018-01-15,-20.201714285714285,-16.506285714285713,-23.29,96.63942857142858,-20.769428571428573,0.5425714285714285,0.6988571428571428,0.0,32.62714285714286,50.899142857142856,70.10342857142857,3.066857142857143
2018-01-16,-19.340571428571426,-13.915428571428572,-24.02285714285714,97.38342857142857,-19.810285714285715,0.5208571428571429,0.7817142857142857,0.0,32.569428571428574,51.923428571428566,76.01885714285714,3.0285714285714285
2018-01-17,-13.12257142857143,-9.647142857142857,-16.90257142857143,96.89685714285714,-13.864,0.7094285714285715,0.6802857142857143,0.029142857142857248,32.52314285714286,45.832857142857144,80.57428571428571,3.858571428571429
2018-01-18,-13.939714285714285,-9.706285714285714,-17.338857142857144,97.60057142857143,-14.526857142857143,0.34914285714285714,0.39942857142857147,0.0,32.40857142857143,38.196285714285715,81.72628571428572,2.7234285714285713
2018-01-19,-10.527714285714287,-6.272571428571428,-14.421999999999999,97.91971428571429,-11.053428571428572,1.5405714285714287,2.1525714285714286,0.0,32.48285714285714,30.41171428571429,89.06400000000001,3.2737142857142856
2018-01-20,-10.521142857142857,-6.037142857142857,-15.007142857142858,97.04685714285714,-11.142285714285714,0.6934285714285714,1.2545714285714284,0.0,32.855714285714285,47.18342857142857,78.70685714285713,3.3771428571428572
2018-01-21,-14.047428571428572,-10.652857142857144,-16.87857142857143,97.98514285714286,-14.496571428571428,0.5794285714285715,0.5394285714285714,0.04000000000000015,32.760571428571424,47.17885714285714,75.2657142857143,2.1537142857142855
2018-01-22,-15.474571428571428,-12.208571428571428,-18.16971428571429,98.21314285714286,-15.820285714285715,1.2751428571428571,1.9034285714285715,0.0,32.656285714285715,43.78457142857143,71.96571428571428,2.8434285714285714
2018-01-23,-17.266857142857145,-13.814571428571428,-21.310000000000002,98.71742857142857,-17.460857142857144,2.3657142857142857,2.3240000000000003,0.04171428571428537,32.823142857142855,53.43457142857143,65.18028571428572,3.4634285714285715
2018-01-24,-19.34,-14.307714285714285,-23.654285714285713,95.74428571428572,-20.014285714285716,0.49371428571428577,0.3171428571428571,0.17657142857142866,32.872571428571426,67.74057142857143,51.635714285714286,2.8542857142857145
2018-01-25,-16.262857142857143,-10.262571428571428,-20.512,94.87714285714286,-17.144,0.25285714285714284,0.2605714285714286,0.0,32.83542857142857,60.90028571428571,67.15571428571428,1.921142857142857
2018-01-26,-9.924857142857142,-4.7291428571428575,-14.252857142857144,97.73057142857144,-10.546857142857142,0.502,0.7282857142857142,0.0,32.674571428571426,40.755714285714284,86.424,3.1911428571428573
2018-01-27,-6.630857142857143,-3.0037142857142856,-11.476857142857142,97.04685714285714,-7.293142857142857,2.4602857142857144,2.689714285714286,0.0,32.914,40.060857142857145,93.75342857142857,4.6894285714285715
2018-01-28,-15.872285714285713,-10.848857142857142,-20.002000000000002,95.70257142857143,-16.58942857142857,0.44371428571428567,0.3874285714285714,0.05628571428571427,32.86114285714286,61.736285714285714,77.48742857142857,3.501714285714286
2018-01-29,-20.820857142857143,-17.527714285714286,-24.401142857142855,95.13685714285714,-21.495714285714286,0.38085714285714284,0.5234285714285715,0.0,32.75971428571428,62.45,74.30114285714285,2.674857142857143
2018-01-30,-22.63457142857143,-17.196,-27.580857142857145,95.20742857142858,-23.252000000000002,1.2022857142857142,1.3982857142857141,0.0,32.75885714285714,70.51828571428571,70.36942857142857,2.928285714285714
2018-01-31,-15.675999999999998,-9.684571428571427,-21.08142857142857,96.41942857142857,-16.340571428571426,4.793142857142857,5.871714285714286,0.0,34.472857142857144,43.77628571428571,86.39571428571428,4.789714285714285
2018-02-01,-17.063428571428574,-12.866,-21.394571428571428,96.25257142857143,-17.61714285714286,1.358857142857143,1.1677142857142857,0.19114285714285728,35.72571428571429,70.43942857142858,68.14314285714286,5.071428571428571
2018-02-02,-25.248857142857144,-20.565714285714286,-29.630285714285712,94.856,-25.87514285714286,0.4248571428571428,0.31314285714285717,0.11171428571428565,35.721714285714285,85.41457142857143,48.25714285714286,3.512285714285714
2018-02-03,-25.314,-20.40657142857143,-30.360285714285713,96.53771428571429,-25.725714285714286,0.594,0.7837142857142857,0.0,35.692571428571426,83.58542857142858,59.02428571428571,3.0114285714285716
2018-02-04,-23.464285714285715,-18.34314285714286,-28.28457142857143,98.16942857142857,-23.65657142857143,1.2817142857142858,2.104285714285714,0.0,35.71057142857143,73.82514285714286,65.65485714285714,3.790285714285714
2018-02-05,-20.983428571428572,-17.546857142857142,-25.403714285714287,96.30228571428572,-21.509428571428572,0.4651428571428572,0.49628571428571433,0.0,35.69714285714286,82.55685714285714,57.638571428571424,3.8234285714285714
2018-02-06,-22.566,-17.84114285714286,-27.383714285714284,96.43771428571429,-23.07057142857143,0.4305714285714286,0.38742857142857146,0.04314285714285715,35.56885714285715,92.54857142857142,53.61685714285714,3.551142857142857
2018-02-07,-18.815142857142856,-15.518571428571429,-22.27057142857143,96.32771428571428,-19.37542857142857,0.8191428571428571,1.114,0.0,35.443999999999996,78.53942857142857,68.89142857142856,3.0454285714285714
2018-02-08,-21.207714285714285,-17.058571428571426,-25.664,97.07714285714285,-21.665714285714284,0.624,0.39714285714285713,0.22685714285714287,35.44542857142857,87.42028571428571,59.286857142857144,3.0188571428571427
2018-02-09,-20.265428571428572,-14.848857142857144,-24.35742857142857,97.05771428571428,-20.718571428571426,0.46485714285714286,0.8028571428571429,0.0,35.47057142857143,86.54285714285714,64.74685714285714,3.8314285714285714
2018-02-10,-16.66857142857143,-13.146285714285714,-21.026,96.75314285714286,-17.268,0.5208571428571429,1.0865714285714285,0.0,35.254000000000005,88.03,60.68485714285714,3.373428571428571
2018-02-11,-15.984000000000002,-11.908285714285714,-20.85142857142857,97.87771428571428,-16.466857142857144,1.4354285714285715,2.7171428571428575,0.0,35.21228571428571,65.0717142857143,84.52,2.908
2018-02-12,-20.369142857142855,-14.22257142857143,-25.320857142857143,96.33771428571428,-20.972285714285714,0.41942857142857143,0.40142857142857147,0.01799999999999996,35.4,109.29199999999999,40.94942857142857,4.419142857142857
2018-02-13,-16.088285714285714,-8.085142857142857,-21.832857142857144,96.48914285714285,-16.72885714285714,0.586,0.8145714285714286,0.0,35.20542857142857,75.37514285714286,66.91114285714285,4.945142857142857
2018-02-14,-7.27,-3.7065714285714284,-11.48857142857143,97.41228571428572,-7.975999999999999,1.3117142857142856,1.6037142857142859,0.0,35.175714285714285,75.20342857142857,81.47485714285715,4.052
2018-02-15,-12.808285714285715,-7.13,-17.646857142857144,98.60885714285715,-13.136857142857142,1.5974285714285716,1.8811428571428572,0.0,35.67257142857143,78.13342857142857,79.768,3.522
2018-02-16,-18.382285714285715,-13.174285714285714,-23.040285714285712,95.79114285714286,-19.032,0.2302857142857143,0.16742857142857143,0.06285714285714286,35.62428571428571,112.64428571428572,53.556285714285714,3.750571428571429
2018-02-17,-13.444285714285714,-9.325142857142858,-17.88457142857143,95.81457142857144,-14.294571428571428,0.6628571428571428,0.626,0.03685714285714281,35.434285714285714,80.23657142857144,80.92742857142858,3.710571428571429
2018-02-18,-14.934857142857144,-10.62342857142857,-19.494,95.30771428571428,-15.79742857142857,0.826,0.960857142857143,0.0,35.435428571428574,101.05057142857143,70.44942857142857,3.194857142857143
2018-02-19,-18.481142857142856,-13.070857142857143,-23.83142857142857,97.40857142857143,-18.857714285714284,1.3965714285714286,1.1885714285714286,0.20799999999999996,35.89114285714286,93.78257142857143,73.85885714285715,3.1077142857142857
2018-02-20,-17.836,-13.070857142857143,-21.618285714285715,98.656,-17.944,3.9402857142857144,3.2617142857142856,0.6785714285714288,36.260571428571424,57.192,86.80542857142858,3.3059999999999996
2018-02-21,-14.78857142857143,-8.988,-19.616,96.35657142857143,-15.362857142857145,1.2311428571428573,0.8422857142857143,0.388857142857143,36.86485714285714,112.53971428571428,64.648,3.4494285714285717
2018-02-22,-13.792285714285715,-7.676571428571429,-19.27457142857143,93.94914285714285,-14.905142857142856,0.10542857142857143,0.07171428571428572,0.03371428571428571,36.63171428571429,127.12057142857144,48.53942857142857,3.063142857142857
2018-02-23,-9.309714285714287,-5.65,-12.950285714285714,95.92428571428572,-10.228857142857143,2.430285714285714,2.3842857142857143,0.04599999999999982,36.75657142857143,82.688,67.52828571428572,3.3962857142857144
2018-02-24,-10.630571428571429,-4.416,-17.47057142857143,95.87285714285714,-11.481428571428571,0.19342857142857142,0.11685714285714285,0.07657142857142857,37.22942857142857,118.9457142857143,63.58828571428572,3.044
2018-02-25,-6.087142857142857,-2.1797142857142853,-9.234,95.61485714285715,-7.156571428571429,5.033714285714286,5.458857142857143,0.0,37.935428571428574,67.84714285714286,87.47257142857143,4.411428571428572
2018-02-26,-5.683714285714286,-2.58,-8.903142857142857,94.23171428571429,-6.935428571428572,0.7045714285714286,0.7985714285714286,0.0,39.10142857142857,107.68828571428571,76.76657142857142,3.892571428571429
2018-02-27,-6.019714285714286,-1.7317142857142858,-9.549142857142858,95.28714285714287,-7.0934285714285705,0.5354285714285714,0.5557142857142857,0.0,38.63285714285715,114.66171428571428,70.64428571428572,2.673142857142857
2018-02-28,-6.9871428571428575,-1.9240000000000002,-11.358571428571429,96.03971428571428,-7.880857142857143,0.6374285714285713,0.9054285714285715,0.0,37.900285714285715,106.07142857142857,72.47971428571428,2.5588571428571427
2018-03-01,-8.423142857142857,-4.3828571428571435,-12.232857142857142,96.45857142857143,-9.309142857142858,0.3314285714285714,0.6811428571428572,0.0,37.350857142857144,126.46771428571428,70.74485714285714,2.584
2018-03-02,-9.321142857142858,-5.034857142857143,-13.015428571428572,94.72057142857142,-10.378285714285715,0.868,0.9717142857142856,0.0,37.39028571428572,131.56228571428574,67.64771428571429,2.966285714285714
2018-03-03,-10.394571428571428,-5.750285714285714,-14.653714285714285,94.55914285714286,-11.480857142857142,0.4288571428571428,0.33399999999999996,0.09485714285714286,37.12085714285714,144.42314285714286,52.952,2.8842857142857143
2018-03-04,-11.318571428571428,-6.823714285714285,-15.29342857142857,94.21942857142857,-12.478571428571428,0.206,0.19857142857142857,0.007428571428571423,36.56171428571429,143.58257142857144,48.88285714285715,3.0822857142857143
2018-03-05,-11.055428571428571,-6.351714285714285,-14.98942857142857,94.55971428571429,-12.180285714285715,0.15885714285714284,0.23428571428571426,0.0,36.073142857142855,141.05885714285716,60.44199999999999,3.226857142857143
2018-03-06,-10.323428571428572,-6.535714285714286,-13.851714285714285,95.75057142857143,-11.334857142857144,0.36428571428571427,0.6002857142857142,0.0,35.75114285714286,105.0157142857143,77.60714285714286,3.206857142857143
2018-03-07,-8.745142857142858,-4.4959999999999996,-11.956,97.10142857142857,-9.483428571428572,1.0931428571428572,1.9808571428571429,0.0,35.72514285714286,95.95714285714286,91.15428571428572,2.592857142857143
2018-03-08,-7.1414285714285715,-4.184571428571429,-10.181142857142856,95.55657142857143,-8.156285714285715,1.2374285714285713,1.8217142857142856,0.0,35.77542857142857,96.43971428571429,93.19628571428571,2.4462857142857146
2018-03-09,-7.644000000000001,-4.684,-10.688857142857144,95.86885714285714,-8.618857142857143,0.9002857142857144,1.3908571428571428,0.0,35.65971428571428,112.536,90.32457142857143,2.7957142857142854
2018-03-10,-8.748285714285714,-4.789714285714285,-12.425142857142857,94.456,-9.90457142857143,0.3208571428571429,0.49028571428571427,0.0,35.440285714285714,139.7297142857143,68.48314285714285,2.593714285714286
2018-03-11,-7.947714285714286,-2.78,-12.881142857142857,93.98028571428571,-9.143142857142857,0.368,0.49828571428571433,0.0,35.056000000000004,136.60342857142857,74.20028571428573,2.343714285714286
2018-03-12,-6.429714285714286,-3.2965714285714283,-9.055714285714286,94.64971428571428,-7.600857142857142,0.7611428571428571,1.237142857142857,0.0,34.884,118.42342857142856,82.89514285714286,2.612857142857143
2018-03-13,-9.000857142857143,-4.784857142857143,-13.191999999999998,96.19714285714286,-9.905142857142858,0.6677142857142857,1.1614285714285715,0.0,34.765142857142855,131.57885714285715,83.08114285714286,3.205142857142857
2018-03-14,-7.5920000000000005,-3.1125714285714285,-11.534571428571429,95.49085714285714,-8.618285714285713,0.9342857142857144,1.3005714285714285,0.0,34.52657142857143,134.80057142857143,81.25285714285714,3.998571428571428
2018-03-15,-11.734857142857143,-7.446857142857143,-15.463142857142858,94.72028571428571,-12.799428571428573,0.7088571428571429,0.6602857142857143,0.0485714285714286,34.34342857142857,163.6837142857143,66.56885714285714,3.9797142857142855
2018-03-16,-12.832,-6.640571428571429,-18.184857142857144,92.57628571428572,-14.139714285714286,0.17,0.1777142857142857,0.0,34.195142857142855,180.056,57.00085714285714,3.9362857142857144
2018-03-17,-12.114571428571429,-6.658285714285714,-17.349714285714285,92.37657142857142,-13.498571428571429,0.24714285714285716,0.27685714285714286,0.0,33.79971428571429,178.404,43.57057142857143,3.0268571428571427
2018-03-18,-12.497428571428571,-6.974571428571429,-17.17,91.84428571428572,-13.92057142857143,0.17457142857142857,0.2217142857142857,0.0,33.43485714285714,188.99285714285713,47.35628571428572,2.7382857142857144
2018-03-19,-14.704857142857142,-9.264857142857142,-20.383142857142857,91.79428571428572,-16.12942857142857,0.08628571428571429,0.08657142857142856,0.0,33.127428571428574,206.15142857142857,41.674,2.894285714285714
2018-03-20,-14.077714285714286,-6.825428571428571,-20.062285714285714,91.41657142857143,-15.562285714285713,0.03142857142857143,0.04228571428571429,0.0,32.81285714285715,209.92342857142856,46.27771428571429,2.7434285714285713
2018-03-21,-11.178571428571429,-3.9457142857142857,-16.963714285714286,91.59685714285713,-12.705428571428572,0.06799999999999999,0.09914285714285714,0.0,32.47371428571429,195.426,61.66,2.7474285714285713
2018-03-22,-7.892285714285715,-2.5154285714285716,-12.434857142857144,92.14142857142856,-9.398571428571428,0.2937142857142857,0.2894285714285714,0.004285714285714282,32.138571428571424,200.92914285714286,59.433142857142855,2.6477142857142857
2018-03-23,-9.052285714285714,-4.821142857142857,-12.608285714285715,92.78657142857142,-10.505142857142857,0.2834285714285714,0.27771428571428575,0.005714285714285672,31.72285714285714,219.80742857142857,45.60171428571429,3.2868571428571425
2018-03-24,-11.884,-5.429428571428572,-17.73257142857143,90.35742857142857,-13.646571428571429,0.25,0.05142857142857143,0.19857142857142857,31.322857142857142,212.47742857142856,50.388571428571424,3.6565714285714286
2018-03-25,-7.867999999999999,-0.09857142857142859,-13.632285714285715,90.18057142857144,-9.693428571428571,0.46142857142857147,0.4662857142857143,0.0,31.009999999999998,187.71428571428572,65.4842857142857,3.9702857142857146
2018-03-26,-1.7034285714285713,1.6122857142857143,-5.194285714285715,92.14942857142857,-3.1488571428571426,0.8137142857142857,1.1882857142857142,0.0,30.552285714285713,160.55,79.054,3.551142857142857
2018-03-27,-0.7865714285714285,1.4025714285714284,-3.1971428571428575,94.90542857142857,-1.6728571428571428,3.209714285714286,2.728857142857143,0.48085714285714287,29.223714285714287,97.82342857142858,95.83028571428571,3.4602857142857144
2018-03-28,-3.2397142857142858,0.6834285714285715,-7.348,93.91285714285713,-4.352857142857142,2.7634285714285713,3.2925714285714283,0.0,28.255714285714287,122.81342857142857,87.05971428571429,3.240285714285714
2018-03-29,-6.992,-2.3914285714285715,-11.172285714285715,93.594,-8.177142857142856,0.9245714285714286,0.7691428571428571,0.15542857142857147,27.536571428571428,165.38171428571428,65.79657142857143,3.049142857142857
2018-03-30,-11.071714285714286,-6.937428571428572,-15.134000000000002,89.098,-13.011142857142858,0.7939999999999999,0.4185714285714286,0.37542857142857133,27.386857142857142,222.0217142857143,51.72485714285715,3.5005714285714284
2018-03-31,-11.165142857142857,-7.0922857142857145,-14.879142857142856,90.15971428571429,-12.869714285714286,1.0614285714285714,1.6097142857142857,0.0,27.040857142857146,199.572,68.64085714285714,3.0385714285714287
2018-04-01,-11.212,-7.321142857142857,-14.900571428571428,87.82714285714285,-13.360285714285714,0.9225714285714286,0.9291428571428573,0.0,27.463714285714286,206.324,67.01828571428571,3.935142857142857
2018-04-02,-13.040285714285716,-8.405999999999999,-17.54114285714286,88.52257142857142,-15.047142857142857,0.426,0.6037142857142856,0.0,27.202285714285715,220.8625714285714,57.50257142857143,3.044285714285714
2018-04-03,-13.009428571428572,-6.838285714285714,-19.15514285714286,88.32571428571428,-14.925142857142857,0.4511428571428572,0.5771428571428571,0.0,26.963714285714286,222.19514285714286,54.117714285714285,2.5305714285714282
2018-04-04,-10.403714285714285,-5.748857142857143,-15.061142857142856,91.48085714285715,-11.927142857142856,2.9705714285714286,4.9071428571428575,0.0,27.11885714285714,211.6537142857143,67.74799999999999,3.8859999999999997
2018-04-05,-9.394,-5.0045714285714284,-14.035714285714286,87.74714285714286,-11.531142857142857,0.5002857142857143,0.8514285714285714,0.0,26.903714285714287,223.78057142857142,60.838857142857144,2.894
2018-04-06,-9.275714285714285,-5.8591428571428565,-12.700571428571427,92.05971428571429,-10.765428571428572,1.2937142857142858,2.1940000000000004,0.0,26.93,185.01885714285714,81.26428571428572,3.781142857142857
2018-04-07,-10.972285714285713,-7.910285714285715,-13.71942857142857,89.79057142857143,-12.849428571428572,1.2045714285714286,1.284,0.0,27.18885714285714,205.32114285714286,77.03771428571429,4.288285714285714
2018-04-08,-10.742285714285714,-5.462000000000001,-15.817142857142859,90.11942857142857,-12.602,0.4271428571428571,0.45142857142857146,0.0,27.280571428571427,217.694,67.81685714285715,2.698857142857143
2018-04-09,-7.113428571428571,-1.8885714285714283,-12.250571428571428,88.23628571428571,-9.236857142857144,0.22057142857142858,0.38657142857142857,0.0,27.042,235.12457142857144,64.61714285714285,1.8717142857142859
2018-04-10,-4.577428571428571,0.3385714285714286,-9.671999999999999,91.28428571428572,-6.196571428571429,0.3462857142857143,0.6614285714285714,0.0,26.638285714285715,222.7577142857143,64.27085714285714,2.5382857142857143
2018-04-11,-5.112571428571428,0.07257142857142862,-9.227714285714285,92.35714285714286,-6.597428571428571,0.9962857142857142,1.4397142857142857,0.0,26.52057142857143,213.57657142857144,72.00771428571429,3.4551428571428575
2018-04-12,-7.017428571428572,-2.376,-11.917714285714286,92.55685714285714,-8.416571428571428,1.3325714285714285,1.3882857142857143,0.0,26.260285714285715,212.93942857142858,58.94114285714286,2.5268571428571427
2018-04-13,-8.048571428571428,-3.6174285714285714,-12.321142857142858,91.94885714285715,-9.579714285714287,0.884,0.6411428571428571,0.24285714285714288,24.98,241.70971428571428,50.53657142857143,2.8008571428571427
2018-04-14,-9.512857142857143,-4.019428571428572,-14.73857142857143,89.68628571428572,-11.394285714285715,1.8279999999999998,3.244285714285714,0.0,25.161142857142856,234.23657142857144,58.39485714285714,3.8548571428571425
2018-04-15,-8.432571428571428,-3.7034285714285717,-12.917714285714286,91.32142857142857,-10.025714285714285,1.6534285714285712,3.4371428571428573,0.0,25.079714285714285,208.4865714285714,73.55114285714285,4.63
2018-04-16,-5.177714285714286,-2.198857142857143,-8.052857142857144,95.11971428571428,-6.246571428571428,8.533714285714286,8.984857142857143,0.0,26.006857142857143,141.1537142857143,96.29314285714285,4.241142857142857
2018-04-17,-3.8374285714285716,-0.11314285714285716,-7.019714285714286,94.02971428571429,-5.049714285714286,3.1125714285714285,3.144285714285714,0.0,27.719714285714286,180.52800000000002,91.12599999999999,4.107714285714286
2018-04-18,-3.2925714285714283,0.6928571428571428,-7.828857142857142,92.94742857142857,-4.6568571428571435,0.46457142857142864,0.57,0.0,27.23857142857143,215.05628571428574,56.30228571428571,3.638
2018-04-19,-2.7385714285714284,1.4074285714285715,-7.128,91.62457142857143,-4.362571428571428,0.188,0.36457142857142855,0.0,25.324285714285715,232.75257142857143,57.48028571428571,3.2085714285714286
2018-04-20,-0.734,3.7065714285714284,-5.196571428571429,88.28857142857143,-2.994285714285714,0.1302857142857143,0.19142857142857142,0.0,21.814857142857143,274.3097142857143,37.19571428571428,1.9677142857142857
2018-04-21,1.1380000000000001,6.886571428571429,-4.0368571428571425,84.00628571428571,-1.9971428571428573,0.14885714285714285,0.12485714285714286,0.023999999999999994,17.31657142857143,281.2471428571428,27.40342857142857,1.9188571428571428
2018-04-22,3.126571428571429,8.964571428571428,-1.7982857142857143,80.29514285714285,-0.7448571428571428,0.12542857142857142,0.08714285714285715,0.03828571428571427,13.171999999999999,257.50714285714287,40.41028571428571,2.496857142857143
2018-04-23,5.298285714285714,10.979142857142856,0.7694285714285715,78.30771428571428,1.2034285714285713,0.23314285714285715,0.04742857142857143,0.18571428571428572,8.55857142857143,222.27685714285715,63.12914285714286,3.7205714285714286
2018-04-24,3.0654285714285714,8.219999999999999,-0.7731428571428572,79.48714285714286,-0.5434285714285715,0.687142857142857,0.3605714285714286,0.32657142857142846,5.9317142857142855,202.63542857142858,81.83685714285714,2.9851428571428573
2018-04-25,2.737142857142857,9.406571428571429,-3.0439999999999996,79.21771428571428,-1.048,1.902,0.24171428571428574,1.6602857142857141,5.846285714285714,201.24342857142858,74.13142857142857,3.0877142857142856
2018-04-26,2.688,8.765142857142857,-2.2031428571428573,77.37942857142858,-1.4742857142857144,1.3791428571428572,0.5711428571428572,0.808,6.571142857142857,234.16257142857145,74.18742857142857,3.3045714285714283
2018-04-27,0.11800000000000008,5.44,-4.230571428571428,72.99485714285714,-4.698857142857143,1.1494285714285715,1.0002857142857142,0.14914285714285724,9.390857142857143,252.02314285714283,69.41171428571428,2.6014285714285714
2018-04-28,0.2034285714285715,7.106571428571428,-5.521714285714285,71.946,-5.062857142857142,0.6571428571428571,0.2522857142857143,0.40485714285714286,9.273428571428571,263.40085714285715,45.367999999999995,2.8377142857142856
2018-04-29,4.514285714285714,13.187142857142858,-2.0422857142857143,70.546,-1.1217142857142857,0.3465714285714286,0.15571428571428572,0.19085714285714286,8.288857142857143,284.20828571428575,41.874571428571436,3.874857142857143
2018-04-30,6.749714285714286,15.732,0.44542857142857145,76.07314285714286,2.301142857142857,2.527142857142857,2.0914285714285716,0.4357142857142855,6.583428571428571,210.04742857142855,50.72457142857142,3.379714285714286
2018-05-01,5.47,12.604857142857144,0.5359999999999999,82.45028571428573,2.380857142857143,5.831142857142857,6.111428571428571,0.0,7.913428571428571,153.52685714285712,85.106,3.476
2018-05-02,4.633714285714286,10.826857142857143,0.03028571428571425,81.878,1.4702857142857142,1.3428571428571427,0.3677142857142857,0.9751428571428571,9.38942857142857,154.24971428571428,84.39628571428571,2.786
2018-05-03,7.2542857142857144,14.098571428571429,1.6302857142857141,79.844,3.478857142857143,1.0045714285714287,0.05885714285714286,0.9457142857142858,8.59457142857143,209.7582857142857,78.13628571428572,2.1599999999999997
2018-05-04,7.935428571428572,13.394,3.263142857142857,83.11085714285714,4.88,3.925428571428571,0.004285714285714286,3.9211428571428564,7.723714285714285,162.76828571428572,78.86514285714286,3.2682857142857142
2018-05-05,6.3428571428571425,11.518571428571429,1.8965714285714284,76.95457142857143,2.0525714285714285,0.5965714285714285,0.10542857142857144,0.4911428571428571,5.291714285714285,203.206,77.39742857142856,3.4877142857142855
2018-05-06,5.042571428571429,11.509714285714285,-0.6157142857142858,72.50399999999999,-0.2591428571428572,0.35285714285714287,0.04485714285714285,0.308,4.442571428571429,249.78228571428568,64.37028571428571,1.9485714285714286
2018-05-07,8.492285714285714,17.159428571428574,1.648,73.53314285714285,3.2957142857142854,0.704857142857143,0.07657142857142857,0.6282857142857143,3.2334285714285715,268.1534285714286,48.139714285714284,3.513142857142857
2018-05-08,7.339142857142857,14.732285714285714,0.75,66.44428571428573,0.7082857142857143,0.9359999999999999,0.022571428571428572,0.9134285714285714,1.909714285714286,286.5177142857143,44.27942857142857,3.1194285714285717
2018-05-09,8.083142857142859,15.59114285714286,2.322571428571429,79.222,4.331714285714285,1.9825714285714287,0.004285714285714286,1.9782857142857144,1.4022857142857141,170.85742857142858,80.00257142857143,3.244857142857143
2018-05-10,4.178,10.438285714285715,-0.45542857142857157,71.30657142857143,-0.95,3.376857142857143,0.6494285714285715,2.7274285714285713,8.079142857142857,195.24371428571428,82.89771428571429,5.314857142857143
2018-05-11,2.904,10.113428571428573,-3.4440000000000004,61.99657142857143,-4.552,0.1517142857142857,0.06885714285714287,0.08285714285714282,7.485428571428572,300.73657142857144,43.227714285714285,2.688
2018-05-12,5.805714285714286,13.644571428571428,-1.0945714285714285,66.698,-0.8931428571428572,0.41028571428571425,0.3034285714285714,0.10685714285714287,5.535428571428571,290.7422857142857,50.598,2.3365714285714287
2018-05-13,10.351428571428572,17.357714285714284,4.212857142857143,68.31314285714286,4.142,1.984,0.032857142857142856,1.951142857142857,3.773714285714285,257.936,58.65200000000001,3.757714285714286
2018-05-14,8.90857142857143,15.71,3.2034285714285717,73.59257142857142,3.7851428571428567,0.8,0.2574285714285714,0.5425714285714287,3.2954285714285714,222.7657142857143,65.40742857142858,3.1697142857142855
2018-05-15,4.621428571428571,10.282857142857143,-0.41514285714285715,68.856,-1.2731428571428571,2.0622857142857143,0.6568571428571428,1.4054285714285715,5.908,239.30171428571427,68.35771428571428,2.9
2018-05-16,5.158857142857143,11.00457142857143,0.3842857142857143,73.342,0.15428571428571425,1.456,1.0931428571428572,0.36285714285714277,8.169714285714285,230.43857142857144,72.28714285714287,2.8465714285714285
2018-05-17,5.254857142857143,11.885142857142858,-0.7245714285714285,69.45685714285715,-0.7819999999999999,0.5685714285714285,0.03685714285714286,0.5317142857142857,8.896857142857142,303.0414285714286,41.18114285714285,2.4754285714285715
2018-05-18,6.170857142857143,12.752,0.716,72.41142857142857,0.9297142857142857,4.069428571428571,0.04714285714285714,4.022285714285714,8.57942857142857,225.71742857142857,65.21057142857143,2.6625714285714284
2018-05-19,7.355999999999999,13.549428571428573,2.7594285714285713,80.73885714285714,3.7702857142857145,6.686,1.3417142857142856,5.344285714285714,7.191428571428571,192.2002857142857,78.39714285714285,2.636857142857143
2018-05-20,9.246857142857143,16.304,3.086,73.54257142857142,3.9645714285714284,1.0585714285714285,0.02057142857142857,1.038,5.611714285714285,271.91657142857144,56.943714285714286,3.3174285714285716
2018-05-21,10.585142857142857,19.03342857142857,2.8488571428571428,70.79657142857143,4.610571428571428,0.13342857142857142,0.06571428571428571,0.06771428571428571,2.5614285714285714,280.228,44.48,2.0625714285714287
2018-05-22,11.165142857142856,17.688000000000002,5.024,74.04571428571428,6.024285714285714,0.4991428571428571,0.006571428571428571,0.49257142857142855,2.2117142857142857,249.40314285714288,65.66771428571428,2.4571428571428573
2018-05-23,10.817142857142859,19.68885714285714,3.241142857142857,70.83142857142857,4.793714285714286,0.16657142857142856,0.013142857142857144,0.15342857142857141,2.008857142857143,292.10314285714287,55.05171428571428,2.112
2018-05-24,15.793714285714286,24.27057142857143,8.225714285714284,75.78457142857143,10.910571428571428,0.38199999999999995,0.0014285714285714286,0.3805714285714285,0.34114285714285714,282.1182857142857,38.657714285714285,2.5948571428571428
2018-05-25,15.171714285714286,21.237714285714286,10.612285714285715,85.01914285714285,12.388857142857143,5.830571428571428,0.008285714285714285,5.822285714285714,0.2662857142857143,206.90628571428573,75.81428571428572,2.8608571428571428
2018-05-26,11.681142857142856,17.539428571428573,6.665714285714286,81.64885714285714,8.258285714285714,5.695428571428572,0.009428571428571429,5.686,1.4382857142857144,198.2702857142857,83.00342857142857,2.847714285714286
2018-05-27,14.26057142857143,21.346285714285713,8.629142857142856,85.2402857142857,11.543714285714286,3.686,0.007142857142857143,3.678857142857143,0.5291428571428571,194.9617142857143,82.25114285714285,2.188857142857143
2018-05-28,15.533714285714284,21.726857142857146,9.956,79.46714285714286,11.370571428571429,0.68,0.0037142857142857142,0.6762857142857144,0.35714285714285715,281.61371428571425,52.512857142857136,2.613714285714286
2018-05-29,14.455142857142857,22.167142857142856,7.6728571428571435,75.688,9.631142857142859,0.7751428571428572,0.0005714285714285715,0.7745714285714287,0.2871428571428571,298.87114285714284,38.99314285714286,2.653142857142857
2018-05-30,17.136,24.12057142857143,11.656857142857143,83.31714285714285,13.968571428571428,4.547714285714286,0.0,4.547714285714286,0.062,211.44114285714284,75.60685714285714,2.7834285714285714
2018-05-31,14.056285714285714,19.26,9.773714285714286,85.942,11.568571428571428,13.010857142857143,0.022571428571428572,12.988285714285714,1.1705714285714286,138.82571428571427,91.91971428571429,3.766857142857143
2018-06-01,8.531714285714287,14.387714285714285,3.27,73.08657142857143,3.384857142857143,1.5651428571428572,0.18999999999999997,1.3751428571428572,4.174285714285714,247.50514285714286,70.58171428571428,3.236
2018-06-02,8.282,15.016857142857143,2.283142857142857,68.75857142857143,2.206571428571429,0.6942857142857143,0.007142857142857143,0.6871428571428572,4.335999999999999,286.2022857142857,60.21828571428571,3.6317142857142857
2018-06-03,9.827142857142857,15.28057142857143,4.91,82.072,6.674857142857143,5.613714285714285,0.0008571428571428571,5.612857142857142,2.2142857142857144,182.5437142857143,78.3877142857143,3.1165714285714285
2018-06-04,9.075142857142858,12.670857142857143,6.177428571428572,86.27342857142858,6.6328571428571435,5.930857142857143,0.001142857142857143,5.929714285714286,1.1582857142857144,154.658,92.334,3.625714285714286
2018-06-05,8.960285714285714,15.559428571428572,3.7951428571428574,77.70085714285715,4.658571428571429,0.8079999999999999,0.024857142857142855,0.7831428571428571,1.6154285714285714,238.60885714285712,72.71971428571429,2.798857142857143
2018-06-06,11.056,16.393714285714285,6.231142857142857,80.36,7.4239999999999995,2.6154285714285717,0.00028571428571428574,2.615142857142857,0.6402857142857142,162.69628571428572,82.25571428571428,2.344857142857143
2018-06-07,12.167142857142858,17.921714285714284,6.972,78.23114285714286,7.946857142857143,0.6357142857142857,0.0028571428571428567,0.6328571428571428,0.2457142857142857,243.41800000000003,73.23057142857144,2.364
2018-06-08,13.851714285714285,20.536,7.179142857142858,72.71371428571429,8.281714285714287,0.22914285714285712,0.0034285714285714284,0.2257142857142857,0.2745714285714286,303.3311428571429,42.604000000000006,1.9934285714285713
2018-06-09,14.205714285714285,20.706285714285716,7.962000000000001,72.37142857142857,8.709714285714284,0.8022857142857144,0.002,0.8002857142857144,0.19657142857142856,275.3145714285714,58.41771428571428,1.9982857142857142
2018-06-10,15.487428571428573,22.311999999999998,8.724857142857143,72.00457142857142,9.663428571428572,0.4691428571428572,0.0,0.4691428571428572,0.02742857142857143,319.8662857142857,36.94171428571428,2.674285714285714
2018-06-11,16.766857142857145,23.989142857142856,9.568571428571428,68.22371428571428,10.015714285714287,0.5925714285714286,0.0,0.5925714285714286,0.0,330.0597142857143,29.714,2.9854285714285713
2018-06-12,16.516,22.68857142857143,10.550285714285714,73.264,11.082,1.2854285714285716,0.0,1.2854285714285716,0.0,256.5931428571429,60.330285714285715,2.5342857142857143
2018-06-13,14.168857142857144,20.0,9.678,81.13485714285714,10.504857142857142,6.106857142857143,0.0034285714285714284,6.103428571428571,0.29200000000000004,192.76399999999998,77.92257142857143,2.9785714285714286
2018-06-14,14.93342857142857,22.18742857142857,8.757428571428571,72.77228571428572,9.215428571428571,1.2817142857142858,0.001142857142857143,1.2805714285714287,0.35914285714285715,309.25371428571424,47.565999999999995,2.822857142857143
2018-06-15,16.22457142857143,22.83657142857143,10.093714285714285,75.42342857142857,11.322571428571429,1.8448571428571428,0.0,1.8448571428571428,0.05342857142857143,267.1937142857143,51.08828571428571,2.372
2018-06-16,18.263142857142856,24.848,12.65542857142857,78.644,13.948857142857142,2.4988571428571427,0.0,2.4988571428571427,0.0,255.86228571428572,72.99828571428571,2.1688571428571426
2018-06-17,18.42628571428571,23.426857142857145,13.957142857142857,83.09171428571429,15.091714285714287,6.427142857142858,0.0,6.427142857142858,0.0,203.75314285714285,83.71942857142857,2.5445714285714285
2018-06-18,17.07542857142857,21.935714285714287,12.513142857142856,78.598,12.810857142857143,1.7674285714285713,0.0,1.7674285714285713,0.1662857142857143,265.238,59.61971428571429,3.107142857142857
2018-06-19,17.178571428571427,23.289428571428573,11.035714285714286,72.34514285714286,11.382285714285715,1.156,0.0,1.156,0.027142857142857146,305.9391428571429,37.03285714285715,2.5762857142857145
2018-06-20,15.193142857142856,21.29171428571429,9.359714285714285,69.02028571428572,8.819714285714285,0.5242857142857144,0.002857142857142857,0.5214285714285715,0.3685714285714286,297.5697142857143,53.19057142857143,2.1625714285714284
2018-06-21,15.524285714285716,23.148857142857143,8.180571428571428,68.63971428571428,8.976285714285714,0.346,0.0,0.346,0.06714285714285714,317.83457142857145,27.99,2.3342857142857145
2018-06-22,16.015428571428572,22.236,10.266857142857143,72.60371428571429,10.468285714285713,1.6374285714285715,0.003142857142857143,1.6342857142857143,0.5137142857142857,281.13,55.54342857142857,2.3254285714285716
2018-06-23,15.056571428571429,19.674285714285716,10.935142857142857,78.80114285714285,11.005714285714285,5.249142857142857,0.0,5.249142857142857,0.1657142857142857,202.70314285714284,80.37114285714286,2.366285714285714
2018-06-24,13.209714285714284,19.257142857142856,7.432,74.16571428571429,7.986,1.9242857142857142,0.00028571428571428574,1.924,0.06685714285714285,307.40914285714285,42.46057142857143,2.3688571428571428
2018-06-25,14.865999999999998,21.714285714285715,7.888285714285714,68.07314285714286,8.274285714285716,0.4631428571428572,0.0,0.4631428571428572,0.0014285714285714286,331.962,27.474,2.554
2018-06-26,17.09942857142857,23.54857142857143,11.422857142857143,72.76371428571429,11.605714285714285,1.3334285714285714,0.0,1.3334285714285714,0.08685714285714284,272.11857142857144,71.28114285714287,2.439714285714286
2018-06-27,17.362857142857145,23.74942857142857,11.599142857142859,76.77085714285714,12.766,4.347714285714285,0.0,4.347714285714285,0.14657142857142857,221.5422857142857,67.07028571428572,2.4042857142857144
2018-06-28,18.334000000000003,24.333714285714287,12.57,76.52485714285714,13.343714285714285,3.4425714285714286,0.0,3.4425714285714286,0.14428571428571427,259.184,61.14742857142857,2.428
2018-06-29,18.268,24.54942857142857,12.338,77.75999999999999,13.801714285714286,2.5397142857142856,0.0,2.5397142857142856,0.2997142857142857,232.52200000000002,57.716,2.076
2018-06-30,18.215714285714284,23.211714285714283,13.479142857142856,82.44142857142856,14.879999999999999,5.420571428571429,0.0,5.420571428571429,0.26999999999999996,207.33085714285713,75.44685714285714,2.7385714285714284
2018-07-01,18.963714285714286,24.69514285714286,14.32057142857143,84.57542857142857,15.994571428571428,4.946285714285715,0.0,4.946285714285715,0.108,182.26457142857143,83.2657142857143,2.6357142857142857
2018-07-02,18.311999999999998,22.921714285714284,14.513714285714286,82.438,14.877714285714287,5.596571428571428,0.0,5.596571428571428,0.124,229.60942857142857,71.55485714285714,3.2448571428571427
2018-07-03,16.691714285714287,22.848,11.306857142857144,77.92857142857143,12.21942857142857,1.4908571428571429,0.0,1.4908571428571429,0.036,249.98257142857142,59.83771428571429,2.3
2018-07-04,18.315714285714286,24.96485714285714,12.654285714285713,78.80571428571427,14.016,5.519142857142858,0.0,5.519142857142858,0.001142857142857143,240.69085714285714,55.116571428571426,2.297428571428571
2018-07-05,18.47657142857143,23.721714285714285,13.535428571428572,77.94685714285714,14.152,3.2702857142857145,0.0,3.2702857142857145,0.058571428571428566,223.57314285714287,62.822857142857146,3.9557142857142855
2018-07-06,16.487714285714286,23.194571428571425,10.083142857142859,69.96971428571429,10.27257142857143,0.4874285714285714,0.002285714285714286,0.4851428571428571,0.16314285714285715,316.8337142857143,36.29971428571429,3.365428571428571
2018-07-07,19.197142857142858,26.23857142857143,13.019714285714286,74.27657142857143,13.881714285714287,1.2225714285714286,0.0,1.2225714285714286,0.0,265.136,40.92257142857143,3.1808571428571426
2018-07-08,21.503714285714285,26.992857142857144,16.788,74.09428571428572,16.195714285714285,3.363714285714286,0.0,3.363714285714286,0.0,256.4668571428571,57.517714285714284,3.8005714285714287
2018-07-09,18.77942857142857,23.455142857142857,14.111714285714287,72.12400000000001,12.963428571428572,4.215428571428571,0.0,4.215428571428571,0.02885714285714286,255.66371428571426,51.96114285714286,3.6942857142857144
2018-07-10,18.019142857142857,23.91857142857143,12.05,73.02628571428572,12.265714285714287,0.324,0.0,0.324,0.12914285714285714,297.0874285714286,33.356,2.262285714285714
2018-07-11,19.272285714285715,25.45342857142857,12.766285714285715,70.22285714285715,13.016857142857143,0.2508571428571429,0.0,0.2508571428571429,0.0,280.8431428571429,32.17028571428572,2.1942857142857144
2018-07-12,19.855428571428572,25.020285714285716,15.104,76.72285714285715,15.124,6.595714285714285,0.0,6.595714285714285,0.0,199.956,70.10685714285715,3.2194285714285713
2018-07-13,20.868,25.917142857142856,16.454571428571427,77.34714285714286,16.201714285714285,2.212,0.0,2.212,0.0,204.51114285714286,73.68714285714286,3.2042857142857146
2018-07-14,21.63142857142857,27.723142857142857,15.932285714285713,76.22542857142857,16.568,1.3182857142857143,0.0,1.3182857142857143,0.0,266.752,49.13085714285714,2.322
2018-07-15,21.428571428571427,26.83342857142857,16.739142857142856,74.92971428571428,16.12485714285714,2.811714285714286,0.0,2.811714285714286,0.0,255.27,60.55342857142857,2.6225714285714283
2018-07-16,17.944285714285712,22.846,13.993428571428572,78.91971428571429,13.841142857142858,3.212857142857143,0.0,3.212857142857143,0.023142857142857146,205.25685714285714,71.58314285714285,2.7494285714285716
2018-07-17,15.424857142857142,20.898285714285716,9.9,72.7462857142857,9.842571428571429,0.6945714285714285,0.0,0.6945714285714285,0.05828571428571429,284.3697142857143,46.913428571428575,2.8320000000000003
2018-07-18,17.417714285714286,24.653714285714287,10.814571428571428,70.37114285714286,11.150285714285713,0.5645714285714286,0.0,0.5645714285714286,0.0,290.4631428571429,31.77057142857143,2.44
2018-07-19,19.316857142857145,25.388571428571428,13.738,74.99085714285714,14.082285714285714,2.7014285714285715,0.0,2.7014285714285715,0.0,238.7757142857143,57.03657142857143,2.1625714285714284
2018-07-20,18.076571428571427,23.231428571428573,13.540857142857144,79.97428571428571,14.071714285714286,4.765142857142857,0.0,4.765142857142857,0.0,216.72771428571428,72.14771428571429,2.333142857142857
2018-07-21,17.380571428571425,22.157999999999998,13.237142857142857,79.37828571428571,13.307142857142857,2.7831428571428574,0.0,2.7831428571428574,0.3542857142857143,212.39514285714284,76.97542857142857,2.498857142857143
2018-07-22,17.321142857142856,23.210571428571427,12.064857142857143,76.89742857142856,12.734571428571428,1.5177142857142856,0.0,1.5177142857142856,0.1434285714285714,250.51742857142858,54.916,2.5548571428571427
2018-07-23,19.25857142857143,25.324857142857145,14.088,79.67942857142856,15.216,2.5028571428571427,0.0,2.5028571428571427,0.0,215.31714285714287,71.56514285714286,2.1448571428571426
2018-07-24,20.329714285714285,25.00342857142857,15.883142857142856,81.62514285714286,16.666857142857143,5.008,0.0,5.008,0.0,193.518,76.32457142857143,2.0197142857142856
2018-07-25,18.06942857142857,22.387142857142855,14.344000000000001,82.83057142857143,14.721714285714285,5.021428571428571,0.0,5.021428571428571,0.0,187.67228571428572,74.58885714285715,2.3625714285714285
2018-07-26,15.488000000000001,20.086285714285715,11.940285714285713,83.50057142857143,12.330857142857143,5.830571428571428,0.0,5.830571428571428,0.0,182.92514285714287,79.07285714285715,2.6422857142857143
2018-07-27,15.891142857142858,21.342000000000002,11.275428571428572,79.40828571428571,11.797428571428572,3.3905714285714286,0.0,3.3905714285714286,0.0,215.0362857142857,70.33085714285714,2.540285714285714
2018-07-28,17.282857142857143,22.75914285714286,12.007714285714286,77.55942857142857,12.795714285714286,1.3780000000000001,0.0,1.3780000000000001,0.0,224.048,62.48371428571428,2.149142857142857
2018-07-29,18.911714285714286,25.10257142857143,13.022857142857143,76.31028571428571,13.999142857142857,1.0537142857142858,0.0,1.0537142857142858,0.0,266.2322857142857,42.76085714285715,2.0851428571428574
2018-07-30,18.207142857142856,24.700285714285712,13.235142857142858,77.32342857142858,13.535428571428572,2.494285714285714,0.0,2.494285714285714,0.0,225.07771428571428,59.57714285714285,2.062
2018-07-31,17.111428571428572,22.44742857142857,12.393142857142857,77.68457142857143,12.599428571428572,5.437428571428572,0.0,5.437428571428572,0.0,195.75028571428572,75.474,2.1885714285714286
2018-08-01,13.65857142857143,19.702285714285715,8.954285714285714,77.04971428571427,9.19,3.758857142857143,0.0,3.758857142857143,0.055714285714285716,212.7162857142857,64.23057142857144,2.507142857142857
2018-08-02,14.916857142857143,21.300857142857144,9.205142857142857,73.52685714285714,9.573428571428572,1.1945714285714284,0.0,1.1945714285714284,0.0,246.9228571428571,51.059714285714286,2.295142857142857
2018-08-03,17.52057142857143,24.182285714285715,11.791142857142857,75.53685714285714,12.517428571428573,0.4605714285714286,0.0,0.4605714285714286,0.0,259.00857142857143,51.45399999999999,2.108
2018-08-04,18.967714285714287,25.248857142857144,13.203142857142858,80.48571428571428,15.153428571428572,1.3005714285714287,0.0,1.3005714285714287,0.0,246.93228571428574,38.70171428571428,2.322
2018-08-05,19.60914285714286,25.122285714285713,15.332,82.59342857142857,16.16485714285714,8.331714285714286,0.0,8.331714285714286,0.0,175.31114285714287,75.91971428571429,3.3105714285714285
2018-08-06,16.096,21.063428571428574,12.455714285714285,80.78257142857143,12.425142857142857,2.3625714285714285,0.0,2.3625714285714285,0.0,175.72342857142857,79.46228571428571,2.3522857142857143
2018-08-07,16.757428571428573,23.234285714285715,11.642000000000001,78.00571428571428,12.394857142857143,1.54,0.0,1.54,0.0,212.75342857142857,69.044,2.2857142857142856
2018-08-08,18.58514285714286,23.59742857142857,14.478285714285715,80.60371428571429,14.761999999999999,3.3314285714285714,0.0,3.3314285714285714,0.0,179.4202857142857,71.176,2.6494285714285715
2018-08-09,18.94514285714286,24.17,13.888857142857143,78.78114285714287,14.603142857142858,1.3665714285714285,0.0,1.3665714285714285,0.0,231.23000000000002,55.572,2.2877142857142854
2018-08-10,19.81085714285714,25.723142857142857,14.482285714285714,76.47857142857143,14.933142857142856,1.4414285714285715,0.0,1.4414285714285715,0.0,233.53314285714285,49.11514285714286,2.2197142857142858
2018-08-11,20.596,26.92142857142857,14.920285714285715,75.39114285714285,15.268571428571429,0.8837142857142857,0.0,0.8837142857142857,0.0,219.4622857142857,47.18171428571429,1.8968571428571428
2018-08-12,20.722285714285714,26.557142857142857,15.733999999999998,74.05228571428572,15.314,0.2682857142857143,0.0,0.2682857142857143,0.0,217.04257142857142,37.624571428571436,2.185142857142857
2018-08-13,19.186857142857143,24.974285714285713,14.525428571428572,77.82142857142857,14.636,2.8302857142857145,0.0,2.8302857142857145,0.0,177.69171428571428,53.58371428571429,2.5065714285714287
2018-08-14,16.585428571428572,21.94742857142857,12.412571428571429,78.264,12.332,1.502,0.019714285714285712,1.4822857142857142,0.2742857142857143,178.65057142857145,65.41857142857143,2.6911428571428573
2018-08-15,15.557428571428572,21.97285714285714,10.161428571428571,72.49371428571429,10.013714285714286,0.2991428571428571,0.0,0.2991428571428571,0.24485714285714286,221.86085714285716,59.10885714285714,2.284
2018-08-16,17.686571428571426,24.542857142857144,12.158857142857142,74.78485714285713,12.560571428571428,0.22,0.0,0.22,0.006857142857142857,212.03400000000002,34.72057142857143,2.601714285714286
2018-08-17,16.866857142857143,22.06542857142857,12.102,76.52028571428572,12.13857142857143,1.3831428571428572,0.0,1.3831428571428572,0.0,202.85857142857142,61.95657142857143,2.0862857142857143
2018-08-18,16.718285714285713,23.95342857142857,10.871428571428572,74.96400000000001,11.573714285714285,0.8417142857142857,0.0,0.8417142857142857,0.0,204.12714285714284,41.59,2.4762857142857144
2018-08-19,17.862857142857145,23.330857142857145,13.251142857142858,78.35857142857144,13.533428571428573,4.2948571428571425,0.0,4.2948571428571425,0.0,154.84685714285715,57.294,2.652285714285714
2018-08-20,15.984000000000002,21.369714285714284,11.410857142857143,78.68685714285714,11.746571428571428,1.5537142857142856,0.0,1.5537142857142856,0.0,174.81542857142858,68.024,2.0357142857142856
2018-08-21,15.838285714285716,20.687142857142856,11.648,80.64114285714285,12.040285714285716,3.9377142857142857,0.0,3.9377142857142857,0.0,156.54742857142855,74.70342857142857,2.466857142857143
2018-08-22,16.523142857142854,22.618,11.318857142857144,73.74342857142857,11.02257142857143,1.9025714285714286,0.0,1.9025714285714286,0.0,212.29942857142856,55.02285714285714,3.181428571428571
2018-08-23,16.825142857142858,23.288857142857143,11.671142857142858,67.90628571428572,10.132,0.2762857142857143,0.0,0.2762857142857143,0.0,207.01771428571428,46.925428571428576,3.4214285714285713
2018-08-24,14.914571428571428,20.519142857142857,10.384857142857143,75.432,10.087142857142858,0.7871428571428571,0.0,0.7871428571428571,0.0,202.18342857142858,51.28885714285714,2.4148571428571426
2018-08-25,16.30742857142857,22.195714285714285,12.088857142857144,82.22914285714286,12.965142857142856,1.8860000000000001,0.0,1.8860000000000001,0.0,105.644,83.47457142857144,2.445714285714286
2018-08-26,17.06657142857143,21.64857142857143,13.485714285714286,83.46828571428571,13.902,2.2031428571428573,0.0,2.2031428571428573,0.0,148.52828571428572,84.20114285714286,2.7085714285714286
2018-08-27,15.020285714285714,19.871714285714287,11.544571428571428,86.98685714285715,12.668,8.819714285714285,0.9388571428571428,7.880857142857143,1.2594285714285713,86.59171428571429,84.29571428571428,2.987142857142857
2018-08-28,13.060285714285715,17.689714285714285,9.662857142857142,82.9437142857143,9.912857142857142,6.098571428571428,0.4011428571428572,5.697428571428571,2.842,120.87542857142859,91.67,3.0254285714285714
2018-08-29,12.339142857142857,16.44857142857143,8.816285714285714,82.2597142857143,9.129142857142856,4.276285714285714,0.0,4.276285714285714,2.7997142857142854,120.65514285714286,91.68285714285715,2.2445714285714287
2018-08-30,13.703999999999999,20.48257142857143,8.515714285714287,78.25657142857143,9.466571428571427,0.38885714285714285,0.0,0.38885714285714285,1.8614285714285717,208.81371428571427,55.10771428571429,2.5957142857142856
2018-08-31,16.53514285714286,22.100571428571428,11.90542857142857,78.42371428571428,12.351428571428572,2.4017142857142857,0.0,2.4017142857142857,0.0,166.52485714285714,56.63742857142857,3.4371428571428573
2018-09-01,17.674857142857142,22.79857142857143,13.514285714285714,81.988,14.128571428571428,6.283428571428571,0.0,6.283428571428571,0.0,159.17685714285713,73.05942857142857,2.825714285714286
2018-09-02,17.354857142857142,22.56942857142857,13.173428571428571,83.47942857142857,14.207714285714285,2.5034285714285716,0.0,2.5034285714285716,0.0,128.0457142857143,78.19285714285714,2.686
2018-09-03,17.115714285714283,21.766,12.812857142857142,76.46914285714286,12.326857142857143,1.3882857142857143,0.0,1.3882857142857143,0.0,197.28942857142857,49.13885714285714,3.208285714285714
2018-09-04,16.064857142857143,21.487714285714286,11.759714285714287,80.96342857142857,12.484,3.8122857142857143,0.0,3.8122857142857143,0.0,113.07742857142857,79.40028571428572,2.602
2018-09-05,16.120285714285714,19.938000000000002,12.779428571428573,78.60914285714286,11.884,4.7051428571428575,0.0,4.7051428571428575,0.0,163.77314285714286,72.28457142857143,3.6674285714285717
2018-09-06,13.086285714285713,18.539142857142856,8.062000000000001,69.15285714285714,6.765714285714286,0.4485714285714286,0.0,0.4485714285714286,0.0,208.0134285714286,40.36514285714286,3.242857142857143
2018-09-07,11.19142857142857,16.111714285714285,6.280285714285714,68.73485714285714,4.9148571428571435,0.1922857142857143,0.0,0.1922857142857143,0.018571428571428572,212.89342857142856,38.24857142857143,2.8648571428571428
2018-09-08,10.07057142857143,16.361428571428572,4.426,69.50257142857143,4.120857142857143,0.48800000000000004,0.0,0.48800000000000004,0.029142857142857144,205.46428571428572,37.08228571428572,2.4945714285714287
2018-09-09,11.600857142857144,17.805142857142854,6.980857142857142,73.80685714285714,6.537714285714285,1.1225714285714286,0.0,1.1225714285714286,0.0,163.6017142857143,62.92285714285715,3.6082857142857145
2018-09-10,13.46942857142857,18.96457142857143,9.568,78.67657142857142,9.463428571428572,5.219714285714286,0.0,5.219714285714286,0.0,121.91085714285714,77.8002857142857,3.6028571428571428
2018-09-11,14.164571428571428,20.199714285714286,9.504285714285714,83.16857142857143,10.978285714285715,3.2385714285714284,0.0,3.2385714285714284,0.0,144.87914285714288,63.669999999999995,2.3097142857142856
2018-09-12,15.125428571428571,20.191142857142857,10.781142857142857,81.21742857142857,11.508571428571429,4.6414285714285715,0.0,4.6414285714285715,0.0,135.01228571428572,70.68285714285715,2.6431428571428572
2018-09-13,15.018,22.376857142857144,10.093142857142857,84.44257142857144,12.029428571428571,5.667142857142857,0.08857142857142856,5.578571428571428,0.38857142857142857,126.51057142857142,68.46114285714286,2.686857142857143
2018-09-14,16.81742857142857,22.36,12.390857142857143,82.31257142857143,13.359714285714285,2.785142857142857,0.0,2.785142857142857,0.8879999999999999,143.0837142857143,62.280857142857144,2.3665714285714285
2018-09-15,14.702000000000002,19.809714285714286,10.330571428571428,81.16457142857143,11.126285714285714,1.9414285714285715,0.00028571428571428574,1.9411428571428573,0.7482857142857142,143.88485714285716,64.91085714285714,1.8734285714285712
2018-09-16,13.972857142857142,19.853142857142856,10.13,85.11800000000001,11.183714285714286,11.241714285714286,0.31771428571428567,10.924,0.422,96.33628571428571,71.824,2.221714285714286
2018-09-17,11.89342857142857,17.468571428571426,7.585428571428571,85.204,9.199714285714286,6.555428571428571,3.9480000000000004,2.6074285714285708,3.760285714285714,118.90542857142856,67.91428571428571,3.3494285714285716
2018-09-18,8.883714285714285,13.816857142857142,5.224285714285714,81.12742857142857,5.433142857142857,0.6882857142857143,0.092,0.5962857142857143,4.031142857142857,124.20228571428571,74.33714285714287,2.0842857142857145
2018-09-19,9.132,14.215142857142856,5.130571428571429,81.28685714285714,5.623142857142857,0.45714285714285713,0.0,0.45714285714285713,4.226857142857143,138.14457142857145,68.822,1.9160000000000001
2018-09-20,8.963714285714286,13.459142857142856,5.313714285714285,81.448,5.702,0.9700000000000001,0.006857142857142857,0.9631428571428572,4.428,132.142,69.80257142857143,2.208857142857143
2018-09-21,9.832285714285714,14.008285714285714,6.162285714285715,85.228,7.21,16.18457142857143,0.06657142857142857,16.118000000000002,4.965428571428571,94.38114285714286,89.71285714285713,4.449142857142857
2018-09-22,5.241714285714286,8.857714285714286,2.0022857142857142,75.152,0.7671428571428572,2.076857142857143,0.21542857142857144,1.8614285714285714,6.9231428571428575,138.47914285714288,69.65571428571428,3.4254285714285713
2018-09-23,3.5045714285714284,8.972,-0.7931428571428571,72.56171428571429,-1.639142857142857,1.3777142857142857,0.17714285714285716,1.2005714285714286,9.596857142857143,157.80542857142856,53.643142857142855,2.5357142857142856
2018-09-24,4.647142857142858,10.304857142857143,0.8505714285714286,81.87971428571429,1.514857142857143,8.362285714285715,4.251428571428572,4.110857142857143,10.59142857142857,79.05285714285714,78.19428571428573,3.4682857142857144
2018-09-25,8.485142857142858,12.362571428571428,5.408,90.48028571428571,6.913428571428572,4.921428571428572,0.14371428571428568,4.777714285714286,10.613142857142856,69.33971428571428,94.60857142857144,3.180571428571428
2018-09-26,7.344571428571428,11.018571428571429,4.162571428571429,88.09457142857143,5.272,4.348285714285714,0.48799999999999993,3.860285714285714,9.976571428571429,96.84257142857142,92.17485714285714,2.9014285714285712
2018-09-27,6.176285714285715,9.664857142857143,3.597714285714286,87.33742857142857,3.9628571428571426,3.0900000000000003,0.07942857142857142,3.0105714285714287,9.305142857142856,98.09714285714286,83.00342857142857,2.2805714285714282
2018-09-28,5.6491428571428575,8.497714285714286,2.8068571428571425,85.5222857142857,3.1645714285714286,3.202571428571429,0.24857142857142855,2.954,8.934285714285714,91.61171428571429,92.98942857142858,2.8520000000000003
2018-09-29,3.0905714285714287,7.309142857142857,-0.5,77.756,-0.8605714285714285,1.1962857142857142,0.2317142857142857,0.9645714285714284,10.094857142857142,108.72457142857144,88.09828571428572,2.9025714285714286
2018-09-30,3.096,6.730571428571428,0.3128571428571429,80.12742857142857,-0.3048571428571429,1.6422857142857141,0.3028571428571428,1.3394285714285714,10.006857142857141,92.59857142857142,92.08142857142857,2.8345714285714285
2018-10-01,2.4834285714285715,7.0448571428571425,-0.8202857142857143,78.81314285714286,-1.247142857142857,0.9408571428571428,0.031714285714285716,0.9091428571428571,9.48342857142857,124.15514285714286,72.15685714285713,2.3714285714285714
2018-10-02,4.562285714285714,9.998285714285714,0.8331428571428572,86.79571428571428,2.3817142857142857,3.3402857142857143,0.572,2.7682857142857142,9.67142857142857,72.79057142857143,93.38600000000001,2.5077142857142856
2018-10-03,6.05,9.738,3.1785714285714284,93.90485714285714,5.102857142857142,7.654571428571428,1.0714285714285714,6.583142857142857,9.506571428571428,45.47371428571429,93.96314285714286,2.289428571428571
2018-10-04,5.035428571428572,9.644285714285715,0.944,77.96257142857144,1.1042857142857143,8.704285714285714,1.8137142857142856,6.890571428571429,9.575999999999999,121.85457142857142,78.718,5.278
2018-10-05,1.2577142857142858,5.264,-1.945714285714286,76.77571428571429,-2.7537142857142856,1.0057142857142856,0.41685714285714287,0.5888571428571427,10.384857142857141,87.95171428571429,77.31857142857143,2.5508571428571427
2018-10-06,2.9714285714285715,6.692571428571429,0.43542857142857144,86.478,0.7457142857142857,4.1728571428571435,2.561714285714286,1.6111428571428577,12.484,64.79742857142857,93.48742857142857,1.9442857142857142
2018-10-07,3.1982857142857144,8.032,-0.06485714285714282,87.50885714285714,1.0962857142857143,0.6048571428571429,0.09942857142857142,0.5054285714285714,12.974857142857141,86.526,83.49485714285714,2.1254285714285714
2018-10-08,3.674857142857143,7.991142857142857,1.0654285714285714,92.5657142857143,2.521142857142857,3.9179999999999997,0.3585714285714286,3.559428571428571,12.419714285714283,54.40971428571428,94.62028571428571,2.1694285714285715
2018-10-09,5.474571428571428,8.816285714285714,2.984,91.72142857142858,4.116285714285714,3.3474285714285714,0.3131428571428571,3.0342857142857143,11.96542857142857,78.60828571428571,87.67342857142857,2.4925714285714284
2018-10-10,3.434285714285714,6.209428571428571,1.5097142857142858,89.05057142857143,1.6382857142857141,8.875142857142857,8.044571428571428,0.8305714285714281,12.952285714285713,60.939142857142855,89.37028571428571,3.206
2018-10-11,2.900857142857143,4.683428571428572,0.854,90.83457142857144,1.3337142857142856,13.211714285714285,10.437999999999999,2.773714285714286,13.829142857142857,53.178,97.06485714285714,3.8865714285714286
2018-10-12,0.28342857142857136,2.544285714285714,-1.5017142857142858,87.46685714285715,-1.9062857142857144,1.3419999999999999,1.0197142857142856,0.3222857142857143,14.726857142857142,77.3937142857143,90.94828571428572,3.7297142857142855
2018-10-13,-0.5574285714285715,3.045142857142857,-3.7611428571428567,89.16857142857143,-2.4817142857142858,1.4231428571428573,1.2148571428571426,0.20828571428571463,14.932857142857141,85.72,81.85142857142857,2.828857142857143
2018-10-14,0.7234285714285714,4.093428571428571,-2.3685714285714288,89.44514285714286,-1.141142857142857,1.4057142857142857,1.034857142857143,0.3708571428571428,13.588857142857142,75.19542857142858,83.45828571428571,2.5025714285714287
2018-10-15,-0.03114285714285724,2.543428571428571,-2.593714285714286,91.14314285714286,-1.5522857142857143,2.984857142857143,1.9762857142857144,1.0085714285714285,13.702,61.772,89.65771428571429,2.5985714285714288
2018-10-16,-0.01685714285714279,2.700285714285714,-2.531142857142857,87.37228571428571,-2.225714285714286,1.8419999999999999,1.7545714285714287,0.08742857142857119,14.027142857142858,60.89485714285715,93.32571428571428,3.6834285714285713
2018-10-17,-2.1568571428571426,0.5394285714285714,-4.341428571428572,84.20257142857143,-4.894857142857143,1.112,1.0162857142857142,0.09571428571428586,13.861999999999998,86.75257142857143,87.40314285714287,4.327714285714285
2018-10-18,-2.392,3.6014285714285714,-7.137714285714286,81.36085714285714,-5.6085714285714285,0.5454285714285714,0.7345714285714285,0.0,14.534571428571429,85.00514285714286,74.97771428571428,3.2357142857142858
2018-10-19,3.124,6.265714285714286,0.48399999999999993,91.75914285714286,1.7168571428571429,2.5014285714285713,0.8868571428571428,1.6145714285714285,13.299428571428571,61.78114285714286,78.99371428571428,3.537142857142857
2018-10-20,0.16199999999999998,3.5780000000000003,-2.5468571428571427,82.47457142857144,-2.7514285714285713,2.9337142857142857,1.8537142857142856,1.08,13.315714285714284,68.98514285714286,92.14428571428572,4.6085714285714285
2018-10-21,-1.6834285714285715,1.8528571428571428,-4.4874285714285715,81.81657142857142,-4.764,0.6854285714285715,0.628,0.057428571428571495,14.76457142857143,65.63371428571428,86.45428571428572,3.0734285714285714
2018-10-22,0.002857142857142834,3.993142857142857,-3.1125714285714285,88.89942857142857,-1.8948571428571426,1.5942857142857143,2.120857142857143,0.0,13.755142857142856,62.95428571428572,89.42942857142857,2.5405714285714285
2018-10-23,0.19457142857142848,2.661142857142857,-2.0814285714285714,89.59285714285714,-1.5177142857142856,1.489142857142857,1.463142857142857,0.026000000000000023,13.466857142857142,51.913714285714285,93.28628571428571,2.7625714285714285
2018-10-24,-0.8425714285714285,3.482,-3.7362857142857147,86.88514285714285,-3.145142857142857,0.6699999999999999,0.6371428571428571,0.03285714285714281,13.874285714285714,64.98771428571429,85.45942857142857,2.4585714285714286
2018-10-25,-0.15085714285714286,3.5834285714285716,-2.8957142857142855,89.04114285714286,-2.0197142857142856,0.6645714285714286,0.3845714285714286,0.27999999999999997,13.462857142857143,57.63171428571429,87.15571428571428,1.9980000000000002
2018-10-26,-1.0057142857142858,1.9262857142857144,-3.4077142857142855,88.49085714285714,-2.9674285714285715,1.114,0.632,0.4820000000000001,13.23342857142857,50.995714285714286,91.89057142857143,2.318571428571429
2018-10-27,-0.6225714285714286,3.1194285714285717,-3.120857142857143,89.80514285714285,-2.355714285714286,1.3434285714285714,0.3608571428571429,0.9825714285714285,13.042857142857143,53.97514285714286,91.90514285714285,3.0417142857142854
2018-10-28,0.6165714285714287,2.9857142857142858,-1.0382857142857145,92.96,-0.5142857142857142,2.253142857142857,1.1545714285714286,1.0985714285714285,14.655714285714284,49.771142857142856,94.9842857142857,2.175142857142857
2018-10-29,0.5805714285714285,3.4654285714285717,-1.428,91.5562857142857,-0.8205714285714286,0.998,0.3702857142857143,0.6277142857142857,14.896285714285714,53.784285714285716,92.32685714285715,2.3494285714285716
2018-10-30,0.7605714285714285,3.844,-1.5002857142857142,92.352,-0.5614285714285714,2.1391428571428572,1.0882857142857143,1.050857142857143,15.20542857142857,55.41857142857143,81.34685714285713,2.128857142857143
2018-10-31,1.890857142857143,4.062571428571428,-0.022285714285714294,94.73114285714286,1.0614285714285714,3.161142857142857,1.2697142857142856,1.8914285714285715,15.134571428571427,35.489714285714285,96.78742857142856,2.674285714285714
2018-11-01,0.7045714285714286,2.9534285714285717,-1.602857142857143,91.326,-0.7025714285714285,1.0091428571428571,0.41514285714285715,0.594,14.633142857142856,50.578857142857146,93.93971428571429,2.3128571428571427
2018-11-02,-1.0362857142857145,2.0502857142857143,-3.086857142857143,88.80085714285715,-2.883142857142857,1.8848571428571428,0.6625714285714286,1.2222857142857142,15.450285714285714,51.721714285714285,93.72342857142857,2.315714285714286
2018-11-03,-1.766,1.0345714285714287,-3.850571428571429,87.91742857142857,-3.798571428571428,1.139142857142857,0.42228571428571426,0.7168571428571427,15.731428571428571,51.89971428571429,93.108,2.47
2018-11-04,-2.4474285714285715,2.5465714285714283,-5.867428571428571,86.74942857142857,-4.73,0.2705714285714286,0.09514285714285714,0.17542857142857143,15.679999999999998,78.01885714285714,67.85742857142857,2.5148571428571427
2018-11-05,-0.007714285714285727,3.3600000000000003,-2.3591428571428574,93.7782857142857,-1.0422857142857143,3.072,2.0771428571428574,0.9948571428571427,15.518857142857142,31.569428571428574,89.88971428571428,3.0642857142857145
2018-11-06,1.461142857142857,3.1625714285714284,0.13714285714285715,96.69571428571429,0.9134285714285714,3.8528571428571428,2.4554285714285715,1.3974285714285712,14.77342857142857,26.853428571428573,98.42171428571429,2.6765714285714286
2018-11-07,-0.9491428571428571,1.1614285714285715,-3.091714285714286,90.1377142857143,-2.5834285714285716,3.5740000000000003,3.0945714285714288,0.47942857142857154,14.107142857142858,39.004000000000005,98.53828571428572,4.325428571428571
2018-11-08,-4.561428571428571,-2.3697142857142857,-6.578571428571428,81.82285714285715,-7.507142857142857,0.7431428571428572,0.8511428571428571,0.0,13.734,47.69485714285714,91.20942857142857,3.009142857142857
2018-11-09,-7.179428571428572,-5.27,-9.29,85.1062857142857,-9.52057142857143,1.504,1.9222857142857144,0.0,15.146857142857142,44.228857142857144,88.62257142857143,2.7565714285714287
2018-11-10,-9.323714285714285,-6.234285714285714,-12.174285714285714,82.97285714285715,-11.936857142857143,1.7497142857142858,1.7759999999999998,0.0,16.404,53.11085714285714,87.25542857142857,3.953142857142857
2018-11-11,-9.165142857142856,-4.612857142857142,-12.324285714285715,82.90571428571428,-11.859142857142857,0.476,0.5171428571428572,0.0,16.60942857142857,62.08685714285714,76.474,2.4854285714285718
2018-11-12,-8.140285714285715,-4.984857142857143,-10.570857142857143,86.35457142857142,-10.320857142857143,0.8605714285714287,1.0051428571428571,0.0,16.614857142857144,45.24171428571429,90.08628571428571,2.794285714285714
2018-11-13,-10.84057142857143,-8.45257142857143,-12.784857142857144,83.58114285714286,-13.27742857142857,0.8645714285714287,0.9042857142857144,0.0,16.632,48.876285714285714,87.20542857142857,3.5577142857142854
2018-11-14,-12.294857142857143,-7.968857142857142,-15.604,85.06457142857144,-14.618571428571428,0.6908571428571428,0.6525714285714286,0.038285714285714256,16.62514285714286,61.578857142857146,65.69771428571428,3.640857142857143
2018-11-15,-6.556,-2.33,-10.78657142857143,90.50771428571429,-8.180857142857143,2.0519999999999996,2.758,0.0,16.700285714285712,30.34314285714286,93.8157142857143,3.096
2018-11-16,-5.695142857142857,-3.104,-8.112,92.98485714285714,-6.981714285714286,3.3634285714285714,3.685142857142857,0.0,16.850285714285715,30.658285714285714,96.64857142857143,3.379142857142857
2018-11-17,-10.800571428571429,-6.623428571428572,-14.501428571428571,88.95085714285715,-12.519142857142858,0.5517142857142857,0.5434285714285714,0.00828571428571434,16.876571428571427,48.5,76.12971428571429,4.073428571428571
2018-11-18,-11.733714285714285,-8.764285714285714,-14.430857142857143,89.37171428571429,-13.430857142857143,0.4885714285714286,0.6802857142857143,0.0,16.880857142857142,46.171142857142854,79.37542857142857,3.070857142857143
2018-11-19,-14.185142857142857,-11.409714285714287,-16.86342857142857,86.92628571428571,-16.042857142857144,0.34171428571428575,0.508,0.0,16.890571428571427,51.091142857142856,74.37514285714286,2.8585714285714285
2018-11-20,-15.596571428571428,-12.715714285714286,-18.21485714285714,86.90857142857143,-17.35257142857143,0.8445714285714285,1.0837142857142856,0.0,16.900285714285715,44.30085714285714,84.54,2.6125714285714285
2018-11-21,-15.742,-12.195142857142857,-19.447142857142858,87.62942857142858,-17.48742857142857,0.7317142857142857,0.8402857142857143,0.0,16.971714285714285,59.21342857142858,60.72257142857143,3.858285714285714
2018-11-22,-15.800857142857142,-8.874857142857143,-21.38942857142857,90.16657142857143,-17.271428571428572,0.37142857142857144,0.4808571428571428,0.0,16.99085714285714,55.78742857142857,59.383428571428574,3.234
2018-11-23,-5.473428571428571,-0.5428571428571428,-11.036285714285714,94.4282857142857,-6.551428571428572,0.6728571428571429,0.9474285714285713,0.0,17.081142857142854,25.218,89.98914285714285,3.675142857142857
2018-11-24,-2.3577142857142857,-0.3294285714285714,-4.497142857142857,96.88542857142856,-2.963714285714286,2.472,1.8577142857142857,0.6142857142857143,17.073142857142855,22.499142857142857,96.36771428571429,2.9354285714285715
2018-11-25,-5.352285714285713,-2.524285714285714,-7.890285714285715,94.56742857142858,-6.334,3.2465714285714284,3.052285714285714,0.1942857142857144,17.23,24.923428571428573,96.05314285714286,3.3682857142857143
2018-11-26,-8.21142857142857,-6.240285714285714,-9.998,93.73457142857143,-9.361714285714287,3.232285714285714,3.2382857142857144,0.0,17.87457142857143,27.064285714285713,88.676,3.2962857142857143
2018-11-27,-9.315714285714286,-6.711714285714286,-11.283142857142858,94.05171428571428,-10.446285714285715,2.309142857142857,2.9482857142857144,0.0,18.49657142857143,23.944285714285712,91.018,3.3457142857142856
2018-11-28,-8.557714285714285,-5.162285714285715,-10.937999999999999,95.07857142857142,-9.606,1.066,1.2177142857142857,0.0,18.539142857142856,26.56057142857143,91.99771428571428,2.8271428571428574
2018-11-29,-6.624,-3.373428571428571,-9.096857142857143,96.02514285714285,-7.583142857142858,0.9437142857142857,1.1714285714285715,0.0,18.515714285714285,29.365142857142857,85.59371428571428,1.968
2018-11-30,-5.026571428571429,-2.3019999999999996,-6.9314285714285715,96.18599999999999,-5.918285714285714,1.2434285714285715,1.2522857142857142,0.0,18.497999999999998,24.701714285714285,88.796,1.6097142857142859
2018-12-01,-5.543714285714286,-2.7357142857142858,-7.844857142857142,96.75742857142858,-6.346285714285714,0.5734285714285714,0.618,0.0,18.610285714285716,23.70485714285714,93.62885714285714,2.0965714285714285
2018-12-02,-6.337142857142857,-3.882285714285714,-8.399428571428572,97.47771428571428,-7.040571428571429,2.1894285714285715,2.3728571428571428,0.0,18.648,23.662285714285712,92.74000000000001,3.2454285714285716
2018-12-03,-9.07,-5.527714285714286,-12.361714285714287,95.84628571428571,-9.960857142857142,1.034,0.7371428571428572,0.2968571428571428,18.65685714285714,28.506,86.42714285714285,3.466285714285714
2018-12-04,-10.367142857142857,-6.393142857142857,-13.486857142857144,95.20257142857143,-11.418,0.316,0.41942857142857143,0.0,18.668,32.45171428571428,82.36685714285714,2.634857142857143
2018-12-05,-8.632857142857143,-5.488857142857143,-12.887142857142857,95.11657142857143,-9.714285714285714,0.8148571428571428,0.9662857142857143,0.0,18.738285714285716,29.45314285714286,89.75714285714285,2.7562857142857142
2018-12-06,-16.359428571428573,-10.865142857142857,-21.159142857142854,94.24971428571429,-17.267714285714288,0.6931428571428571,1.054857142857143,0.0,18.81285714285714,41.74342857142857,69.44485714285715,3.5494285714285714
2018-12-07,-18.690285714285714,-12.904857142857143,-22.93542857142857,93.428,-19.637142857142855,0.20885714285714285,0.2522857142857143,0.0,18.795428571428573,45.883428571428574,63.895428571428575,2.8737142857142857
2018-12-08,-12.916,-8.032857142857143,-16.55742857142857,95.1182857142857,-13.888857142857143,0.4917142857142857,0.6814285714285715,0.0,18.817714285714285,36.45914285714286,75.04685714285714,2.9857142857142858
2018-12-09,-9.417714285714286,-6.061428571428571,-12.582571428571429,96.27914285714286,-10.303428571428572,0.3851428571428572,0.5274285714285715,0.0,18.90085714285714,29.73742857142857,86.80457142857142,3.380857142857143
2018-12-10,-11.661142857142856,-7.910000000000001,-14.778,96.20314285714286,-12.462,0.14942857142857144,0.24971428571428572,0.0,18.847142857142856,29.561428571428575,80.678,2.0905714285714287
2018-12-11,-11.198571428571428,-7.707714285714285,-14.130571428571429,96.68714285714286,-11.935714285714285,0.33057142857142857,0.545142857142857,0.0,18.834571428571426,24.993714285714287,85.65514285714285,2.3954285714285715
2018-12-12,-9.738,-5.654,-12.916571428571428,97.204,-10.464,0.27371428571428574,0.4308571428571429,0.0,18.808571428571426,27.69542857142857,84.58257142857143,2.7957142857142854
2018-12-13,-5.555428571428571,-2.483142857142857,-8.222285714285713,97.61685714285714,-6.204571428571429,0.6765714285714286,0.9222857142857143,0.0,18.80542857142857,18.694,93.926,3.02
2018-12-14,-2.988,-0.7622857142857142,-5.403428571428572,98.43085714285714,-3.4308571428571426,1.060857142857143,1.2537142857142858,0.0,18.880571428571425,25.30742857142857,86.3937142857143,3.228285714285714
2018-12-15,-3.9462857142857146,-0.29285714285714287,-7.796,97.60257142857144,-4.5522857142857145,0.13942857142857143,0.14285714285714285,0.0,18.749714285714287,39.09257142857143,71.49571428571429,3.0942857142857143
2018-12-16,-2.8714285714285714,0.21114285714285716,-7.145714285714286,96.22057142857142,-3.6357142857142857,0.5614285714285714,0.8525714285714285,0.0,18.59257142857143,30.65942857142857,68.00771428571429,4.316285714285714
2018-12-17,-8.939714285714285,-5.196857142857143,-11.916857142857141,93.73085714285715,-10.123999999999999,0.5791428571428572,0.5457142857142857,0.033428571428571474,18.607142857142858,30.545142857142856,77.66399999999999,4.615142857142857
2018-12-18,-11.002,-6.075714285714286,-15.055714285714288,94.02485714285714,-12.17542857142857,0.6611428571428571,0.8648571428571429,0.0,18.662285714285712,34.255714285714284,78.26657142857142,3.0197142857142856
2018-12-19,-5.678857142857143,-1.8937142857142857,-9.288,97.52628571428572,-6.319428571428571,0.5428571428571428,0.9571428571428572,0.0,18.848857142857145,26.938285714285715,88.41371428571429,2.73
2018-12-20,-5.843999999999999,-2.970285714285714,-8.806,98.04114285714286,-6.317428571428572,2.233714285714286,2.282,0.0,19.018285714285714,21.888571428571428,92.12400000000001,2.835428571428572
2018-12-21,-11.213428571428572,-7.522857142857143,-14.572,97.38657142857141,-11.756857142857143,2.9851428571428573,2.111428571428571,0.8737142857142861,19.30314285714286,27.61714285714286,85.348,3.1839999999999997
2018-12-22,-16.336285714285715,-12.748,-19.22085714285714,94.57514285714286,-17.27057142857143,0.5145714285714286,0.5974285714285714,0.0,19.37485714285714,31.69628571428571,76.348,3.336857142857143
2018-12-23,-16.68257142857143,-13.148,-19.244,94.49600000000001,-17.613714285714288,0.506,0.45571428571428574,0.05028571428571427,19.34742857142857,36.98285714285714,68.39514285714286,1.906
2018-12-24,-16.27114285714286,-12.92457142857143,-19.246285714285715,95.83142857142857,-17.023714285714288,0.36942857142857144,0.5102857142857142,0.0,19.34285714285714,40.03342857142857,63.26942857142857,1.9914285714285715
2018-12-25,-15.053142857142857,-11.319714285714285,-18.417142857142856,94.89,-15.928,0.23485714285714288,0.29714285714285715,0.0,19.326571428571427,36.821714285714286,71.31142857142858,2.11
2018-12-26,-15.743714285714285,-12.20657142857143,-19.00657142857143,95.14028571428571,-16.533714285714286,0.22028571428571428,0.18171428571428572,0.03857142857142856,19.31542857142857,34.626000000000005,82.67714285714285,2.403142857142857
2018-12-27,-14.438571428571429,-9.935142857142857,-19.277142857142856,96.92857142857143,-15.04657142857143,3.3285714285714287,3.990857142857143,0.0,19.477714285714285,27.212,82.10342857142857,2.8114285714285714
2018-12-28,-13.758571428571429,-8.23942857142857,-20.068285714285715,98.56,-14.096285714285715,5.188285714285715,5.438285714285715,0.0,21.272,34.28342857142857,72.04257142857142,4.322571428571428
2018-12-29,-20.83514285714286,-14.852857142857143,-26.54942857142857,96.2402857142857,-21.368,0.53,0.444,0.08600000000000002,21.533142857142856,45.70514285714286,50.20428571428571,3.138
2018-12-30,-17.832571428571427,-13.842571428571429,-22.438285714285715,96.07085714285715,-18.554285714285715,0.624,0.6679999999999999,0.0,21.639714285714284,35.53971428571429,67.54914285714285,2.2505714285714284
2018-12-31,-20.43914285714286,-15.760285714285715,-24.79114285714286,98.10057142857143,-20.750285714285713,0.8031428571428572,0.6554285714285715,0.1477142857142857,21.71942857142857,38.736285714285714,61.40342857142857,2.664285714285714
2019-01-01,-24.792,-17.837714285714288,-30.254285714285718,97.20457142857143,-25.077714285714286,1.6845714285714286,1.8734285714285712,0.0,21.95171428571429,53.74742857142857,42.342,3.55
2019-01-02,-20.199428571428573,-13.517714285714286,-25.390285714285714,95.66085714285714,-20.830285714285715,0.2854285714285714,0.2942857142857143,0.0,21.904571428571426,39.30828571428572,64.60542857142858,2.684285714285714
2019-01-03,-11.657714285714285,-6.251714285714286,-16.002285714285716,97.52085714285714,-12.307428571428572,1.1322857142857143,1.4028571428571428,0.0,21.96142857142857,23.537142857142857,84.12371428571429,3.042
2019-01-04,-4.523142857142857,-2.1462857142857144,-7.416285714285714,97.95257142857143,-5.131142857142858,0.7891428571428571,0.8168571428571428,0.0,22.278000000000002,31.875428571428575,83.93942857142858,3.5780000000000003
2019-01-05,-8.206285714285713,-4.169142857142857,-11.37,98.03457142857143,-8.773428571428571,0.44771428571428573,0.6408571428571429,0.0,22.242571428571427,27.966857142857144,86.68571428571428,2.277142857142857
2019-01-06,-15.401714285714288,-10.138857142857143,-20.798285714285715,96.93028571428572,-15.990857142857145,0.19228571428571428,0.19485714285714287,0.0,22.179714285714283,48.20085714285714,57.412,3.0525714285714285
2019-01-07,-12.78057142857143,-7.3834285714285715,-17.554,96.032,-13.580857142857143,4.533714285714286,6.3914285714285715,0.0,22.967142857142857,22.204,90.93685714285714,4.343999999999999
2019-01-08,-6.4554285714285715,-2.920285714285714,-10.309142857142858,98.44685714285714,-7.026285714285715,3.1825714285714284,3.5754285714285716,0.0,25.34742857142857,24.980857142857143,95.30542857142858,3.6211428571428574
2019-01-09,-11.853428571428571,-7.337142857142857,-16.381714285714285,96.30714285714286,-12.639142857142858,1.8860000000000001,2.031142857142857,0.0,26.00257142857143,37.071714285714286,79.832,4.877714285714286
2019-01-10,-20.990285714285715,-15.814857142857143,-24.935714285714287,96.66828571428572,-21.444285714285712,0.4577142857142857,0.2945714285714286,0.1631428571428571,26.009714285714285,49.76314285714286,53.098285714285716,4.188571428571429
2019-01-11,-21.798000000000002,-17.09342857142857,-25.332,96.39114285714285,-22.338,0.3862857142857143,0.4702857142857143,0.0,25.988857142857142,55.46657142857143,44.88142857142857,2.849142857142857
2019-01-12,-22.095714285714287,-16.492285714285714,-26.90085714285714,95.826,-22.694857142857146,0.066,0.07,0.0,25.890571428571427,54.90285714285714,52.29714285714286,2.427142857142857
2019-01-13,-14.362285714285715,-7.606857142857143,-20.692285714285713,96.674,-15.068285714285715,0.3208571428571429,0.4451428571428571,0.0,25.754571428571428,41.67285714285714,70.82857142857142,3.483714285714286
2019-01-14,-11.944285714285714,-6.354285714285714,-17.095142857142857,96.6842857142857,-12.712571428571428,0.282,0.48600000000000004,0.0,25.58142857142857,44.32371428571428,70.43342857142858,3.251714285714286
2019-01-15,-14.675999999999998,-9.863428571428571,-19.277428571428572,97.45228571428571,-15.195714285714287,2.527142857142857,3.049142857142857,0.0,26.013714285714286,32.535428571428575,82.86428571428571,3.358
2019-01-16,-21.997714285714284,-14.26457142857143,-28.390285714285714,96.13428571428571,-22.518,0.7834285714285715,0.9585714285714285,0.0,26.882,65.134,38.43885714285714,4.628571428571429
2019-01-17,-23.718571428571426,-18.777428571428572,-28.050857142857144,96.01057142857142,-24.251428571428573,0.36542857142857144,0.33971428571428575,0.02571428571428569,26.828,56.36228571428572,45.14742857142858,2.7682857142857142
2019-01-18,-25.050571428571427,-20.062571428571427,-29.885428571428573,96.95285714285714,-25.412857142857145,0.4522857142857143,0.5457142857142857,0.0,26.910857142857143,57.9,45.91428571428571,3.3817142857142857
2019-01-19,-31.72571428571429,-26.110285714285716,-35.93571428571428,96.99685714285714,-31.850571428571428,0.2957142857142857,0.4711428571428571,0.0,26.835428571428572,61.92028571428572,44.79485714285714,2.9480000000000004
2019-01-20,-31.989428571428576,-25.140285714285714,-37.15571428571429,97.69457142857142,-31.867714285714282,0.7034285714285714,0.6177142857142858,0.08571428571428563,26.765142857142855,69.51714285714286,38.568000000000005,3.982857142857143
2019-01-21,-26.488857142857142,-17.35885714285714,-31.83,97.592,-26.549142857142858,0.3965714285714286,0.20171428571428573,0.19485714285714284,26.700285714285712,66.92371428571428,41.00971428571428,3.9025714285714286
2019-01-22,-15.303142857142857,-10.757714285714286,-19.934857142857144,96.97342857142857,-15.966285714285716,1.6394285714285715,2.0142857142857142,0.0,26.884857142857143,43.22457142857142,80.45514285714285,3.0114285714285716
2019-01-23,-13.868571428571428,-10.76,-17.525142857142857,98.59257142857142,-14.255142857142857,2.5700000000000003,3.741142857142857,0.0,27.568,35.97,91.6182857142857,2.4442857142857144
2019-01-24,-18.05485714285714,-12.873142857142858,-23.898857142857143,97.37542857142857,-18.529714285714284,1.3828571428571428,1.0434285714285716,0.3394285714285712,28.069714285714287,58.054857142857145,68.40657142857143,3.4042857142857144
2019-01-25,-28.74,-22.321714285714286,-34.428285714285714,97.11342857142857,-28.981428571428573,0.9968571428571429,0.7637142857142857,0.2331428571428572,28.420571428571428,68.818,48.735142857142854,3.6
2019-01-26,-30.25657142857143,-25.19457142857143,-35.255714285714284,97.35028571428572,-30.437714285714282,0.4302857142857143,0.5125714285714286,0.0,28.479714285714284,69.53057142857143,50.568,2.7474285714285713
2019-01-27,-31.635142857142856,-24.891714285714283,-37.896571428571434,97.62771428571428,-31.69,0.7522857142857143,0.8685714285714287,0.0,28.64742857142857,70.47885714285715,50.212,3.1942857142857144
2019-01-28,-31.433428571428575,-22.95942857142857,-37.50428571428571,98.028,-31.404285714285717,0.628,1.2945714285714287,0.0,28.724,69.30571428571427,47.46142857142858,3.0405714285714285
2019-01-29,-25.303714285714285,-19.975714285714286,-29.875714285714288,97.88428571428571,-25.51142857142857,1.699142857142857,1.9428571428571428,0.0,29.217714285714287,60.92628571428572,70.21885714285713,3.6628571428571424
2019-01-30,-27.622571428571426,-23.78342857142857,-31.112000000000002,97.75314285714286,-27.790285714285712,0.872,1.032,0.0,29.728571428571428,69.40771428571429,53.923428571428566,4.623714285714286
2019-01-31,-29.617142857142856,-24.494,-34.15742857142857,98.228,-29.67514285714286,0.5914285714285714,0.654,0.0,29.884285714285717,79.16228571428572,44.73914285714285,4.460857142857143
2019-02-01,-25.098285714285716,-17.66314285714286,-30.690285714285718,97.98142857142857,-25.33028571428571,1.0702857142857143,1.1982857142857142,0.0,29.974571428571426,70.32228571428573,52.46828571428571,3.388857142857143
2019-02-02,-19.178,-14.372857142857143,-23.906285714285715,98.26085714285715,-19.56942857142857,1.9717142857142858,2.698857142857143,0.0,30.85885714285714,64.22971428571428,77.18885714285715,3.615428571428571
2019-02-03,-17.58142857142857,-14.009428571428572,-20.55485714285714,98.09942857142858,-17.934857142857144,1.9702857142857142,1.9694285714285715,0.0008571428571426676,31.600285714285715,46.349714285714285,86.10971428571429,2.6448571428571426
2019-02-04,-19.193142857142856,-15.217428571428572,-21.915142857142857,98.65114285714286,-19.395714285714288,3.572,4.551142857142857,0.0,31.84342857142857,50.885714285714286,85.45085714285715,3.2565714285714282
2019-02-05,-22.36,-16.04942857142857,-28.137142857142855,96.83028571428571,-22.76742857142857,1.486,0.8008571428571429,0.685142857142857,32.98714285714286,83.4842857142857,64.77571428571429,3.2622857142857145
2019-02-06,-20.579428571428572,-15.984857142857143,-24.646,96.74914285714286,-20.99514285714286,1.5062857142857142,2.196,0.0,33.110571428571426,59.154857142857146,73.75342857142857,2.499142857142857
2019-02-07,-19.765142857142855,-15.44085714285714,-23.660857142857143,97.84228571428571,-20.103142857142856,2.6817142857142855,3.4,0.0,33.54371428571429,57.477714285714285,80.99742857142857,2.9217142857142857
2019-02-08,-18.305428571428575,-13.805714285714286,-21.793714285714284,94.96457142857142,-19.05457142857143,4.942,5.782285714285714,0.0,36.511428571428574,68.53971428571428,80.66057142857143,5.988
2019-02-09,-19.45342857142857,-15.496857142857143,-23.38942857142857,93.83114285714286,-20.37142857142857,0.26371428571428573,0.168,0.09571428571428572,36.842,106.25714285714285,33.216857142857144,4.595142857142856
2019-02-10,-18.957142857142856,-14.901142857142856,-22.951142857142855,95.12228571428571,-19.703142857142858,0.1542857142857143,0.21057142857142858,0.0,36.47571428571429,99.80771428571428,43.376285714285714,2.8957142857142855
2019-02-11,-20.17685714285714,-14.192857142857143,-25.437142857142856,96.04457142857143,-20.782857142857143,0.1814285714285714,0.2948571428571429,0.0,36.14257142857143,106.44542857142858,53.844857142857144,2.6262857142857143
2019-02-12,-18.471714285714285,-12.511142857142858,-22.904285714285713,96.63628571428572,-19.00657142857143,1.066857142857143,2.3285714285714287,0.0,35.838,78.41742857142857,73.87714285714286,3.717714285714286
2019-02-13,-14.248571428571429,-9.688285714285714,-17.595428571428574,97.228,-14.873142857142856,2.629142857142857,3.2754285714285714,0.0,36.21657142857143,79.63142857142857,89.71771428571428,3.695142857142857
2019-02-14,-13.296000000000001,-8.856285714285715,-17.809142857142856,97.26685714285715,-13.974857142857143,1.6322857142857143,2.012,0.0,36.642,83.6242857142857,82.04971428571427,2.573714285714286
2019-02-15,-12.044571428571428,-9.052857142857144,-14.781142857142859,97.34171428571429,-12.728571428571428,3.1434285714285712,4.013428571428571,0.0,37.67428571428571,80.85714285714286,81.37599999999999,4.182285714285714
2019-02-16,-15.742285714285714,-12.304285714285713,-19.46257142857143,96.16,-16.468571428571426,0.3648571428571428,0.3454285714285714,0.019428571428571406,37.94314285714286,106.31742857142858,51.82085714285714,3.640285714285714
2019-02-17,-19.517714285714288,-14.836,-23.99142857142857,96.54657142857143,-20.050571428571427,0.14828571428571427,0.20914285714285716,0.0,37.545428571428566,114.03428571428572,47.14628571428572,3.2439999999999998
2019-02-18,-21.22085714285714,-17.457428571428572,-25.65942857142857,96.69714285714286,-21.701714285714285,0.23885714285714285,0.41114285714285714,0.0,37.167142857142856,125.34857142857142,42.060857142857145,3.4145714285714286
2019-02-19,-19.856571428571428,-12.705428571428572,-25.071714285714286,96.39142857142856,-20.431428571428572,0.106,0.14257142857142857,0.0,36.80571428571429,119.81714285714287,50.192,3.0468571428571427
2019-02-20,-13.068857142857143,-7.406,-17.292,97.01028571428571,-13.789142857142858,0.33485714285714285,0.5094285714285713,0.0,36.464285714285715,104.66657142857143,54.24028571428572,2.7125714285714286
2019-02-21,-9.794285714285715,-6.913714285714286,-12.696571428571428,96.46371428571429,-10.641714285714285,2.2785714285714285,2.6657142857142855,0.0,36.895714285714284,94.306,83.75457142857142,3.178
2019-02-22,-12.081428571428573,-7.011142857142857,-16.505142857142857,96.21828571428571,-12.905142857142858,0.3522857142857143,0.44371428571428567,0.0,36.826,101.438,73.89571428571428,2.134
2019-02-23,-9.145142857142856,-3.958285714285714,-14.110857142857142,96.93028571428572,-9.936857142857143,0.9934285714285715,1.318,0.0,36.49371428571428,94.06857142857143,70.56742857142858,2.505714285714286
2019-02-24,-7.607142857142857,-4.1891428571428575,-11.872,97.67371428571428,-8.274,7.433142857142858,8.818285714285715,0.0,37.856857142857145,62.87314285714285,93.20428571428572,4.803142857142857
2019-02-25,-18.06742857142857,-10.985142857142858,-22.79942857142857,93.74114285714286,-19.02714285714286,2.1125714285714285,2.330857142857143,0.0,40.14771428571429,123.22371428571428,65.616,7.066285714285714
2019-02-26,-20.206285714285716,-15.039428571428571,-24.43457142857143,94.048,-21.065714285714286,0.44628571428571434,0.18257142857142855,0.2637142857142858,39.97342857142857,138.46,40.963142857142856,3.873142857142857
2019-02-27,-16.492857142857144,-12.525428571428572,-19.736285714285714,95.68971428571429,-17.25057142857143,0.5825714285714286,1.2797142857142856,0.0,39.66171428571429,119.9282857142857,66.33514285714286,2.8728571428571428
2019-02-28,-14.539142857142858,-9.82057142857143,-18.70657142857143,95.54028571428572,-15.44742857142857,0.6034285714285714,0.6277142857142857,0.0,39.41257142857143,122.48914285714285,64.01142857142857,2.496
2019-03-01,-12.879714285714286,-9.37257142857143,-16.77285714285714,95.34714285714286,-13.885428571428571,0.3634285714285714,0.44571428571428573,0.0,39.16028571428571,128.02085714285712,65.22114285714285,2.515428571428571
2019-03-02,-15.063428571428572,-11.610000000000001,-18.493714285714287,95.79714285714286,-15.850571428571428,0.7791428571428571,1.0122857142857142,0.0,38.86628571428571,116.61971428571428,79.50857142857143,2.128285714285714
2019-03-03,-18.004285714285714,-14.416857142857143,-21.961714285714283,95.85457142857142,-18.676857142857145,0.5154285714285715,0.7417142857142858,0.0,38.784285714285716,124.94657142857143,65.80942857142857,2.724285714285714
2019-03-04,-18.694,-14.599142857142857,-22.540285714285712,95.00542857142857,-19.449428571428573,0.5931428571428572,0.8257142857142856,0.0,38.62485714285714,136.79742857142855,66.38685714285714,2.8705714285714286
2019-03-05,-18.608857142857143,-15.154,-22.09257142857143,95.54485714285715,-19.281428571428574,0.5265714285714286,0.77,0.0,38.541714285714285,132.9622857142857,69.962,3.069714285714286
2019-03-06,-18.949714285714286,-14.924857142857142,-23.136285714285712,95.574,-19.624285714285715,0.28971428571428576,0.49857142857142855,0.0,38.32942857142857,137.49485714285714,69.16857142857143,3.133142857142857
2019-03-07,-15.593714285714285,-9.92,-20.20828571428571,95.34028571428571,-16.438285714285715,0.31114285714285717,0.3822857142857143,0.0,38.03514285714286,153.91600000000003,52.99914285714286,3.711142857142857
2019-03-08,-11.641142857142857,-6.851714285714285,-15.895142857142858,95.60085714285715,-12.661714285714286,0.21771428571428572,0.324,0.0,37.59028571428572,159.58457142857142,59.156,3.0382857142857143
2019-03-09,-10.430571428571428,-3.3562857142857143,-16.128857142857143,95.74171428571428,-11.372857142857143,0.5,0.8340000000000001,0.0,37.132,128.50028571428572,66.93628571428572,2.978857142857143
2019-03-10,-5.870857142857143,-2.2994285714285714,-9.397142857142857,96.93914285714285,-6.681714285714286,4.132000000000001,5.098857142857143,0.0,37.50114285714286,88.95628571428571,97.3742857142857,4.267714285714286
2019-03-11,-9.49,-5.212285714285715,-13.266,95.30742857142857,-10.497428571428571,1.37,1.5451428571428572,0.0,38.30514285714286,141.882,77.01828571428571,4.371142857142857
2019-03-12,-7.12,-0.7511428571428571,-11.985142857142858,94.92971428571428,-8.247428571428571,0.142,0.12285714285714285,0.019142857142857142,37.81428571428572,161.0565714285714,69.71314285714286,3.467142857142857
2019-03-13,-1.7088571428571429,0.7131428571428572,-4.269428571428572,96.39,-2.3877142857142855,0.9782857142857143,1.4111428571428573,0.0,36.120285714285714,97.39514285714286,85.80171428571428,2.548285714285714
2019-03-14,-0.8688571428571429,1.4994285714285716,-3.140285714285714,98.31085714285715,-1.207142857142857,6.686,6.653428571428572,0.03257142857142803,34.060857142857145,65.71742857142857,96.55914285714286,3.7205714285714286
2019-03-15,-5.416857142857143,-1.491142857142857,-8.521142857142857,96.81771428571429,-6.166285714285714,4.1414285714285715,2.986285714285714,1.1551428571428572,32.868857142857145,82.53371428571428,95.63799999999999,5.423714285714286
2019-03-16,-11.292285714285715,-7.548857142857142,-14.489714285714285,94.08085714285714,-12.467142857142857,0.59,0.7185714285714285,0.0,33.457142857142856,148.6462857142857,76.584,4.444571428571429
2019-03-17,-12.063714285714287,-7.0528571428571425,-16.983428571428572,93.06971428571428,-13.398285714285715,0.1842857142857143,0.32971428571428574,0.0,33.084857142857146,178.33057142857143,58.52628571428571,2.909142857142857
2019-03-18,-9.72342857142857,-3.5051428571428573,-15.058857142857141,93.72228571428572,-10.971714285714285,0.22371428571428573,0.4257142857142857,0.0,32.34428571428571,185.91342857142857,55.47057142857143,2.1011428571428574
2019-03-19,-4.949428571428571,0.6791428571428572,-10.265428571428572,93.86685714285714,-6.151428571428572,0.4397142857142857,0.7100000000000001,0.0,31.821714285714286,155.75457142857144,69.674,2.734857142857143
2019-03-20,-1.3191428571428572,1.2357142857142858,-3.8377142857142856,95.26228571428571,-2.200857142857143,0.9542857142857143,1.412857142857143,0.0,30.431142857142856,134.35257142857142,84.59171428571429,2.8939999999999997
2019-03-21,-1.6031428571428572,1.1102857142857143,-5.2705714285714285,96.47971428571428,-2.287142857142857,1.5202857142857142,1.7251428571428573,0.0,28.611142857142855,97.91428571428571,84.55142857142857,3.8011428571428567
2019-03-22,-7.193142857142857,-1.9725714285714286,-11.748285714285714,94.25714285714285,-8.350571428571428,0.7545714285714286,0.6377142857142857,0.11685714285714288,28.175714285714285,175.11685714285716,68.13257142857142,4.037714285714285
2019-03-23,-6.764571428571428,0.4740000000000001,-13.338285714285716,91.23571428571428,-8.442285714285715,0.41314285714285715,0.2782857142857143,0.13485714285714284,27.79114285714286,193.41114285714286,33.23714285714286,4.299142857142857
2019-03-24,-9.350857142857143,-2.6794285714285713,-13.929142857142857,91.03171428571429,-10.99,0.46485714285714286,0.5934285714285714,0.0,26.476857142857146,201.03457142857144,36.645714285714284,4.562857142857142
2019-03-25,-10.146571428571429,-5.4388571428571435,-14.417142857142856,89.10742857142857,-12.304857142857143,0.21971428571428572,0.2245714285714286,0.0,26.249714285714287,224.26257142857142,22.72142857142857,4.252857142857143
2019-03-26,-7.074571428571429,0.4951428571428571,-13.593142857142857,90.00314285714286,-9.022,0.112,0.12485714285714286,0.0,25.824285714285715,184.78485714285716,52.14,3.1982857142857144
2019-03-27,-0.798,1.866,-3.564,91.6377142857143,-2.3282857142857147,1.9382857142857144,2.9411428571428573,0.0,24.856,133.04942857142856,84.07885714285715,3.4297142857142857
2019-03-28,-4.100285714285714,0.9600000000000001,-8.390571428571429,92.37599999999999,-5.465714285714286,1.7302857142857144,2.440571428571429,0.0,23.37142857142857,156.2177142857143,86.32971428571429,4.902
2019-03-29,-7.097714285714286,-2.265142857142857,-12.003142857142857,89.79828571428571,-9.070857142857143,0.6597142857142857,0.8671428571428571,0.0,22.650285714285715,204.3102857142857,52.14828571428571,2.9897142857142858
2019-03-30,-8.097142857142856,-3.2271428571428573,-12.538,91.23257142857142,-9.712857142857143,1.8837142857142855,2.527428571428571,0.0,22.616000000000003,178.85114285714286,66.85114285714286,3.4925714285714284
2019-03-31,-7.6565714285714295,-2.3688571428571428,-12.719142857142858,92.30971428571429,-9.168285714285714,2.1717142857142857,3.3005714285714287,0.0,23.207142857142856,192.38457142857143,67.92085714285714,3.376
2019-04-01,-5.195428571428572,-0.7331428571428571,-9.574285714285715,89.73857142857143,-7.1331428571428575,0.5814285714285715,0.9422857142857142,0.0,23.276,183.602,75.44542857142858,3.214571428571429
2019-04-02,-2.407142857142857,0.71,-5.489142857142857,92.28028571428571,-3.827714285714286,1.5677142857142858,2.3454285714285716,0.0,23.061999999999998,154.1862857142857,90.15542857142857,3.751428571428572
2019-04-03,-5.178285714285715,-1.6357142857142857,-8.428857142857142,89.28342857142857,-7.194,1.4505714285714284,2.2277142857142858,0.0,22.531714285714287,175.0262857142857,85.89228571428572,4.494857142857143
2019-04-04,-7.702,-2.2699999999999996,-13.286857142857144,85.00485714285715,-10.49,0.4208571428571429,0.386,0.034857142857142864,22.428285714285714,219.03571428571428,57.21171428571429,3.0325714285714285
2019-04-05,-3.316857142857143,0.5074285714285713,-6.928571428571429,91.80428571428571,-4.826285714285714,1.7042857142857142,2.693714285714286,0.0,22.472285714285714,151.30485714285714,89.35028571428572,3.1262857142857143
2019-04-06,-3.1277142857142857,1.6497142857142857,-7.510857142857143,93.16714285714285,-4.4471428571428575,0.5602857142857143,0.5782857142857143,0.0,21.9,197.3222857142857,74.35285714285715,2.0308571428571427
2019-04-07,-4.131428571428572,-0.4354285714285714,-7.815142857142856,94.99114285714286,-5.086285714285714,3.7717142857142854,4.257428571428571,0.0,21.09657142857143,144.23342857142856,73.23914285714285,2.975142857142857
2019-04-08,-3.8800000000000003,-0.8957142857142858,-6.507142857142857,95.832,-4.746,6.912857142857143,7.353428571428571,0.0,21.622285714285713,121.46142857142856,96.39057142857143,3.5485714285714285
2019-04-09,-4.741714285714286,-1.211142857142857,-7.803999999999999,93.51371428571429,-6.004,2.4545714285714286,2.3328571428571427,0.12171428571428589,22.206,169.26914285714287,80.10428571428572,3.4794285714285715
2019-04-10,-6.097714285714286,-1.6640000000000001,-10.376857142857142,89.83742857142857,-8.105428571428572,0.32685714285714285,0.30514285714285716,0.021714285714285686,22.745714285714286,238.87371428571427,52.844,3.086857142857143
2019-04-11,-5.997714285714286,-0.37114285714285716,-11.05857142857143,89.53371428571428,-7.974857142857143,0.14828571428571427,0.29628571428571426,0.0,22.513428571428573,239.48828571428572,57.67942857142857,3.123142857142857
2019-04-12,-2.6837142857142857,1.1274285714285712,-5.885714285714286,93.76342857142856,-3.8859999999999997,5.154857142857143,7.418857142857144,0.0,22.38342857142857,123.81314285714286,93.95657142857142,4.1005714285714285
2019-04-13,-1.9154285714285713,1.982857142857143,-5.513714285714285,90.49571428571429,-3.742571428571429,1.3142857142857143,1.2654285714285713,0.04885714285714293,22.341714285714286,197.82942857142856,83.05085714285715,3.8808571428571423
2019-04-14,-2.418285714285714,2.837714285714286,-7.831428571428572,88.49085714285714,-4.553428571428571,0.762,0.9914285714285715,0.0,21.874000000000002,224.056,47.56914285714286,2.5940000000000003
2019-04-15,-1.0742857142857143,2.8522857142857143,-5.101999999999999,88.56,-3.1462857142857144,1.9228571428571428,1.9442857142857142,0.0,19.826,234.372,51.87885714285714,3.198571428571429
2019-04-16,0.746,6.056857142857143,-3.7548571428571424,87.00628571428571,-1.6902857142857142,0.4854285714285714,0.2631428571428572,0.2222857142857142,16.690571428571428,221.09285714285716,58.55085714285715,2.4551428571428575
2019-04-17,2.748,7.976000000000001,-1.3445714285714285,84.97714285714285,-0.026571428571428576,0.5085714285714286,0.36228571428571427,0.1462857142857143,14.072857142857144,224.16828571428573,67.20800000000001,2.399142857142857
2019-04-18,3.440571428571429,8.23857142857143,-0.4982857142857142,86.31257142857143,0.9285714285714286,4.252285714285715,2.3077142857142854,1.9445714285714293,11.406857142857143,177.32314285714287,75.74542857142858,3.128
2019-04-19,3.764857142857143,10.102857142857143,-1.2074285714285713,81.99799999999999,0.43857142857142856,1.9554285714285713,0.13542857142857143,1.8199999999999998,9.259142857142857,191.54485714285713,64.64428571428572,2.8837142857142855
2019-04-20,5.164571428571429,10.911428571428571,0.5537142857142858,80.12628571428571,1.614,2.9448571428571433,0.10114285714285715,2.8437142857142863,7.482,176.588,74.04628571428572,4.111714285714285
2019-04-21,3.515142857142857,9.643714285714287,-1.8054285714285714,74.89628571428571,-1.1554285714285715,0.6997142857142856,0.04114285714285714,0.6585714285714285,6.734,236.67657142857144,57.238,2.7125714285714286
2019-04-22,3.9945714285714287,11.027142857142858,-1.752857142857143,75.51085714285715,-0.6074285714285714,0.942,0.20057142857142857,0.7414285714285713,6.4957142857142856,226.88857142857145,56.003142857142855,2.1285714285714286
2019-04-23,4.619142857142857,10.805142857142858,-0.6394285714285715,80.41628571428572,0.9928571428571429,3.758285714285714,2.2857142857142856,1.4725714285714284,5.918285714285714,211.59714285714284,56.60028571428571,3.1439999999999997
2019-04-24,5.1011428571428565,11.121714285714285,0.4662857142857144,80.46857142857144,1.6362857142857143,1.6605714285714288,0.134,1.5265714285714287,5.679142857142857,194.22685714285714,81.47028571428571,3.4957142857142856
2019-04-25,6.840571428571428,13.226571428571429,1.9737142857142858,79.22314285714286,2.946,1.2,0.1674285714285714,1.0325714285714285,4.604857142857142,211.79171428571428,75.79942857142858,3.2134285714285715
2019-04-26,1.936857142857143,6.867714285714285,-1.9891428571428573,77.88428571428571,-1.9120000000000001,5.107142857142857,1.3145714285714285,3.7925714285714283,9.138285714285713,175.6517142857143,82.68942857142858,3.8697142857142857
2019-04-27,-0.7991428571428572,3.3,-4.420285714285715,73.02,-5.448857142857143,1.676857142857143,1.7854285714285716,0.0,12.705714285714285,219.26714285714286,73.26314285714285,4.605714285714285
2019-04-28,-1.0062857142857142,3.701714285714286,-5.208285714285714,70.72914285714286,-6.280857142857143,0.40714285714285714,0.206,0.20114285714285715,13.17542857142857,264.5934285714286,58.21342857142857,3.383714285714286
2019-04-29,-0.26857142857142857,4.5362857142857145,-4.526285714285714,70.60885714285715,-5.451714285714286,0.6445714285714286,0.5945714285714286,0.04999999999999993,12.901142857142856,228.15028571428573,66.88942857142858,2.568
2019-04-30,1.3257142857142856,6.735142857142857,-3.3028571428571425,73.47485714285715,-3.5237142857142856,0.5985714285714285,0.19342857142857145,0.4051428571428571,13.097142857142856,268.9094285714286,54.430571428571426,2.319714285714286
2019-05-01,1.7357142857142858,6.170571428571429,-1.9422857142857144,77.22714285714285,-2.1902857142857144,2.1377142857142855,1.2997142857142858,0.8379999999999996,12.297142857142857,180.62742857142857,75.95685714285713,3.3240000000000003
2019-05-02,1.2142857142857142,5.312571428571428,-1.9477142857142857,82.1062857142857,-1.7251428571428573,2.6917142857142857,2.0254285714285714,0.6662857142857144,13.639714285714286,162.8297142857143,91.316,2.5822857142857143
2019-05-03,2.7454285714285716,8.508285714285714,-1.7677142857142856,81.024,-0.5848571428571429,1.48,0.18400000000000002,1.296,14.654571428571428,203.06685714285715,87.56657142857142,2.168285714285714
2019-05-04,4.2454285714285716,10.383142857142857,-0.4442857142857143,81.15257142857143,0.7934285714285714,1.9982857142857142,0.6885714285714286,1.3097142857142856,13.478,205.39485714285715,77.20114285714286,2.672571428571428
2019-05-05,4.202,9.141428571428571,0.060285714285714345,78.79828571428571,0.358,2.4259999999999997,1.638,0.7879999999999998,9.923428571428571,214.7222857142857,72.23571428571428,3.1377142857142855
2019-05-06,2.182285714285714,6.905428571428572,-2.0068571428571427,74.41,-2.39,0.594,0.3251428571428572,0.2688571428571428,9.47742857142857,191.65942857142858,82.48514285714286,2.916
2019-05-07,2.293142857142857,7.516285714285714,-2.274,73.16057142857143,-2.7054285714285715,0.8265714285714285,0.12342857142857144,0.7031428571428571,9.032,243.12914285714288,69.36914285714286,2.5851428571428574
2019-05-08,3.892857142857143,10.183714285714286,-1.8462857142857143,71.93485714285714,-1.4234285714285715,0.8808571428571428,0.41942857142857143,0.46142857142857135,6.236857142857143,247.27914285714286,53.47371428571429,2.55
2019-05-09,4.009714285714286,7.984571428571428,0.7591428571428571,83.52714285714285,1.2305714285714286,5.586285714285714,2.0654285714285714,3.520857142857143,9.585428571428572,134.396,94.50399999999999,3.3897142857142857
2019-05-10,4.452857142857143,9.108,0.37457142857142867,81.24142857142857,1.0742857142857143,2.386285714285714,0.4754285714285714,1.9108571428571426,11.12742857142857,177.80342857142855,85.00399999999999,2.9431428571428575
2019-05-11,6.02,13.253428571428572,-0.004571428571428575,74.75171428571429,1.1925714285714286,0.3248571428571429,0.01742857142857143,0.3074285714285715,8.893714285714285,250.278,56.352,2.613714285714286
2019-05-12,7.480857142857142,13.407714285714285,2.2182857142857144,77.09057142857144,3.2071428571428573,1.4705714285714286,0.226,1.2445714285714287,5.956,205.85885714285715,80.02228571428572,2.67
2019-05-13,8.781142857142857,15.040571428571427,3.2857142857142856,78.03314285714285,4.573714285714286,1.1268571428571428,0.004571428571428572,1.122285714285714,1.798857142857143,219.35057142857144,72.27771428571428,2.456
2019-05-14,9.352857142857143,15.251428571428571,4.338571428571428,77.98514285714286,5.109714285714285,1.6731428571428573,0.002285714285714286,1.670857142857143,0.6162857142857143,241.73142857142858,65.64485714285715,2.940571428571429
2019-05-15,7.080285714285714,13.291142857142857,1.0894285714285714,73.57314285714286,1.9622857142857144,1.5699999999999998,0.31,1.2599999999999998,1.2022857142857142,248.162,56.94457142857143,2.527142857142857
2019-05-16,5.925428571428571,10.788,1.5031428571428571,80.40828571428571,2.376,5.671428571428572,0.7519999999999999,4.919428571428572,3.069714285714286,152.22142857142856,83.832,2.9214285714285713
2019-05-17,5.360857142857142,10.086857142857143,0.9905714285714287,78.59628571428571,1.4008571428571428,2.0142857142857142,0.08857142857142858,1.9257142857142857,5.131714285714286,208.58828571428572,80.24457142857143,2.8554285714285714
2019-05-18,4.835428571428571,10.379714285714286,-0.2768571428571429,76.05114285714285,0.414,0.8817142857142857,0.11114285714285714,0.7705714285714286,5.553714285714285,199.0322857142857,74.99000000000001,2.286285714285714
2019-05-19,5.885142857142857,11.87742857142857,1.1417142857142857,80.00028571428572,2.3494285714285716,2.601714285714286,0.20942857142857144,2.3922857142857143,5.436285714285714,211.78628571428573,76.71028571428572,2.9817142857142858
2019-05-20,7.104857142857142,12.339714285714285,2.5454285714285714,80.79114285714286,3.6197142857142857,2.4662857142857146,0.5762857142857142,1.8900000000000006,5.635142857142857,219.414,71.27885714285715,3.4694285714285718
2019-05-21,9.150571428571428,17.107142857142858,2.446857142857143,72.91428571428571,3.628,0.3282857142857143,0.006571428571428572,0.32171428571428573,4.011142857142857,301.72371428571427,37.441428571428574,2.3642857142857143
2019-05-22,9.236571428571429,15.947142857142856,3.701714285714286,77.34057142857144,5.109428571428571,1.9360000000000002,0.004,1.9320000000000002,1.0234285714285714,169.62857142857143,66.26771428571428,2.7302857142857144
2019-05-23,7.8757142857142854,12.756,4.082285714285714,83.25314285714286,4.896571428571429,4.623142857142857,0.027714285714285716,4.595428571428571,1.7302857142857144,169.69314285714287,88.84771428571429,3.2351428571428573
2019-05-24,7.959428571428571,15.230285714285714,1.5585714285714285,77.19171428571428,3.6925714285714286,1.149142857142857,0.0008571428571428572,1.1482857142857141,0.9665714285714285,242.28942857142854,63.83314285714285,2.542
2019-05-25,9.450285714285714,14.964857142857142,5.566571428571429,87.32514285714286,7.287714285714285,6.584,0.1217142857142857,6.462285714285714,1.3485714285714288,129.78685714285714,95.78228571428572,3.1951428571428573
2019-05-26,7.594571428571428,12.65942857142857,3.3502857142857145,77.28428571428572,3.3045714285714283,1.2042857142857142,0.5505714285714286,0.6537142857142856,4.019714285714286,228.38571428571427,77.03057142857143,3.4617142857142857
2019-05-27,7.821142857142857,15.296857142857142,0.75,69.60114285714286,1.6457142857142857,0.26999999999999996,0.0008571428571428571,0.26914285714285713,2.9174285714285713,310.3337142857143,37.01114285714286,2.3488571428571428
2019-05-28,9.792857142857143,15.735142857142858,4.079714285714285,74.514,4.9631428571428575,1.596857142857143,0.003142857142857143,1.5937142857142859,1.7282857142857142,242.0531428571429,63.548857142857145,2.6554285714285712
2019-05-29,8.90457142857143,14.134857142857143,3.766285714285714,76.86057142857142,4.464285714285714,0.782,0.06314285714285714,0.7188571428571429,1.9980000000000002,240.39714285714285,65.56028571428571,2.488857142857143
2019-05-30,7.7368571428571435,13.121428571428572,2.5365714285714285,75.38685714285714,3.029714285714286,0.7140000000000001,0.15228571428571427,0.5617142857142858,2.564,236.7077142857143,68.43828571428571,2.7474285714285713
2019-05-31,7.506857142857143,12.774857142857144,2.4214285714285713,76.97285714285715,3.2074285714285717,1.0285714285714285,0.09428571428571429,0.9342857142857142,2.085714285714286,192.98742857142855,84.26342857142858,2.353142857142857
2019-06-01,7.999142857142858,13.512285714285715,2.9014285714285712,75.96885714285713,3.4019999999999997,1.4285714285714286,0.12799999999999997,1.3005714285714287,2.5660000000000003,229.8722857142857,72.79057142857143,2.3894285714285712
2019-06-02,6.847714285714285,11.697428571428572,2.342,77.89914285714286,2.7354285714285713,1.886857142857143,0.18628571428571428,1.7005714285714286,3.362285714285714,212.168,80.70742857142857,2.912
2019-06-03,6.777714285714286,12.234,2.1885714285714286,77.08228571428572,2.5782857142857143,1.498,0.032857142857142856,1.465142857142857,3.431428571428571,247.4317142857143,68.17457142857143,2.899142857142857
2019-06-04,8.303428571428572,14.427714285714284,3.200857142857143,80.67628571428571,4.797714285714285,2.873142857142857,0.06485714285714286,2.8082857142857143,2.5305714285714282,213.09428571428572,70.018,2.6234285714285717
2019-06-05,10.128857142857143,16.66857142857143,5.126285714285714,80.13428571428571,6.292285714285714,2.1414285714285715,0.014,2.1274285714285717,1.6034285714285716,242.69600000000003,71.05828571428572,1.8691428571428572
2019-06-06,12.391428571428571,18.903714285714287,6.246,76.95971428571428,7.823428571428571,1.2791428571428571,0.002285714285714286,1.276857142857143,0.6062857142857142,275.8434285714286,54.73685714285714,2.086857142857143
2019-06-07,13.499428571428572,20.752,6.732285714285714,74.88428571428571,8.363142857142856,1.1014285714285714,0.004285714285714286,1.0971428571428572,0.7040000000000001,300.17685714285716,41.213142857142856,2.1608571428571426
2019-06-08,16.160857142857143,23.847142857142856,9.964,76.34628571428571,11.401714285714286,6.732571428571428,0.0,6.732571428571428,0.29285714285714287,235.66714285714286,70.1062857142857,3.358857142857143
2019-06-09,16.159428571428574,22.866,10.489714285714285,78.10114285714286,11.932285714285713,5.3831428571428575,0.0,5.3831428571428575,0.0,239.16657142857142,68.77742857142857,2.8865714285714286
2019-06-10,12.72342857142857,17.058571428571426,8.742857142857142,82.34514285714286,9.422857142857143,10.423428571428571,0.006285714285714286,10.417142857142856,0.06657142857142857,159.40028571428573,84.17628571428571,3.0148571428571427
2019-06-11,11.116285714285715,16.204571428571427,6.153142857142857,76.73714285714286,6.640285714285715,2.2551428571428573,0.004,2.2511428571428573,0.4117142857142857,258.42685714285716,64.84742857142857,2.7945714285714285
2019-06-12,9.978571428571428,14.843142857142857,5.032285714285714,77.258,5.63,2.032,0.002285714285714286,2.029714285714286,0.3491428571428571,235.01057142857144,70.43057142857144,2.4582857142857146
2019-06-13,10.765428571428572,15.731714285714286,6.392,79.97085714285714,6.938285714285715,4.7542857142857144,0.0,4.7542857142857144,0.25114285714285717,207.01600000000002,74.97428571428571,2.36
2019-06-14,10.721714285714285,16.06542857142857,6.239428571428571,79.45885714285714,6.857142857142857,3.8939999999999997,0.10371428571428572,3.790285714285714,0.6805714285714286,234.49314285714286,76.50942857142857,3.0862857142857143
2019-06-15,9.58,14.568,5.619142857142857,80.62342857142858,5.929428571428572,3.3365714285714287,0.0005714285714285715,3.3360000000000003,0.7822857142857144,199.57485714285713,74.3997142857143,3.5982857142857143
2019-06-16,10.813142857142857,16.766285714285715,5.184857142857143,75.63257142857142,6.074571428571429,0.5105714285714286,0.017714285714285714,0.4928571428571428,0.7657142857142857,276.3197142857143,56.20085714285714,2.3797142857142854
2019-06-17,11.804,17.396571428571427,5.996857142857142,76.17085714285714,7.148285714285715,0.9017142857142857,0.00028571428571428574,0.9014285714285714,0.14657142857142857,268.63057142857144,51.996,2.031142857142857
2019-06-18,12.821428571428571,18.750285714285713,7.102571428571428,75.52342857142858,7.933428571428572,0.53,0.00028571428571428574,0.5297142857142857,0.18057142857142858,263.662,63.67342857142857,1.683142857142857
2019-06-19,14.313714285714287,19.896285714285714,8.478285714285715,72.38228571428571,8.663428571428572,0.7665714285714286,0.0034285714285714284,0.7631428571428571,0.3985714285714286,267.47371428571427,56.20542857142857,1.4720000000000002
2019-06-20,14.145428571428571,19.306,8.839714285714285,76.54,9.440285714285714,1.28,0.0,1.28,0.008857142857142857,277.678,44.92285714285714,2.17
2019-06-21,14.903142857142857,21.033142857142856,8.746857142857143,73.71771428571428,9.508857142857144,0.7557142857142857,0.0,0.7557142857142857,0.051428571428571435,306.38771428571425,36.58085714285714,2.353142857142857
2019-06-22,16.027714285714286,22.579428571428572,9.265428571428572,71.60314285714286,10.208857142857143,0.4011428571428572,0.0,0.4011428571428572,0.09857142857142857,295.23085714285713,43.90085714285714,2.155142857142857
2019-06-23,16.62657142857143,23.029714285714284,10.198857142857142,72.97057142857142,11.161714285714284,1.5394285714285716,0.0,1.5394285714285716,0.10085714285714285,276.1445714285714,57.22657142857143,2.189714285714286
2019-06-24,15.844285714285713,20.242571428571427,12.06,84.20142857142858,12.956,7.219428571428572,0.0,7.219428571428572,0.04542857142857142,152.34885714285716,87.16457142857143,2.5525714285714285
2019-06-25,15.639999999999999,19.708571428571428,12.529142857142856,87.69914285714285,13.37342857142857,10.886285714285714,0.0,10.886285714285714,0.0008571428571428571,147.53,91.79714285714286,3.0565714285714285
2019-06-26,15.47942857142857,20.106285714285715,11.558857142857143,83.56342857142856,12.340857142857143,3.9325714285714284,0.0,3.9325714285714284,0.046285714285714284,207.5722857142857,73.98342857142858,3.177142857142857
2019-06-27,16.154857142857143,22.05314285714286,10.518,77.76971428571429,11.644285714285715,1.7811428571428571,0.0,1.7811428571428571,0.10171428571428572,264.8285714285714,57.68114285714285,2.6277142857142857
2019-06-28,16.788,21.863142857142858,11.520285714285714,77.74257142857142,12.292000000000002,1.624,0.0,1.624,0.0797142857142857,233.16514285714285,60.346000000000004,2.230571428571429
2019-06-29,15.82457142857143,21.133714285714284,10.911428571428571,80.08285714285715,11.838857142857144,1.2605714285714285,0.002285714285714286,1.2582857142857142,0.3408571428571429,232.07314285714284,65.27371428571428,2.125142857142857
2019-06-30,16.757428571428573,23.676,11.012571428571428,77.39657142857143,12.184571428571427,1.647142857142857,0.0,1.647142857142857,0.010285714285714285,276.80285714285714,61.71742857142858,2.6537142857142855
2019-07-01,18.559714285714286,23.998285714285714,13.267428571428573,74.50057142857143,13.293714285714287,0.6382857142857142,0.0,0.6382857142857142,0.0,278.37742857142854,48.34571428571428,2.708
2019-07-02,19.263428571428573,25.637142857142855,12.930571428571428,74.53085714285714,14.003142857142857,0.8185714285714285,0.0,0.8185714285714285,0.0,266.578,39.037142857142854,2.166857142857143
2019-07-03,19.382571428571428,25.251714285714286,13.373142857142858,73.38342857142857,13.80457142857143,0.6534285714285715,0.0,0.6534285714285715,0.0,294.4562857142857,42.240857142857145,2.189142857142857
2019-07-04,19.796857142857142,25.363142857142858,14.570285714285713,76.19057142857143,14.933142857142856,3.2117142857142857,0.0,3.2117142857142857,0.0,253.1022857142857,62.71142857142858,1.878857142857143
2019-07-05,18.983714285714285,24.09142857142857,14.25457142857143,78.13685714285714,14.582,2.4157142857142855,0.0,2.4157142857142855,0.06857142857142857,243.09971428571427,63.168000000000006,2.539428571428571
2019-07-06,16.775714285714287,22.27342857142857,11.257428571428571,74.36685714285714,11.52257142857143,0.7428571428571429,0.0,0.7428571428571429,0.0,297.8085714285714,42.12085714285714,2.4034285714285715
2019-07-07,17.559714285714286,23.565142857142856,11.468285714285713,68.81228571428571,11.05857142857143,0.4762857142857143,0.0,0.4762857142857143,0.0,302.5617142857143,30.524285714285718,2.2874285714285714
2019-07-08,18.451142857142855,25.104857142857142,12.182285714285713,74.25857142857143,13.150285714285713,1.7631428571428571,0.0,1.7631428571428571,0.134,242.08628571428574,47.13428571428572,2.2477142857142858
2019-07-09,19.11714285714286,24.59314285714286,14.057428571428572,80.14228571428572,15.107142857142858,5.362285714285714,0.0,5.362285714285714,0.0,204.2937142857143,71.45171428571429,2.146857142857143
2019-07-10,17.584285714285716,22.414571428571428,13.785142857142858,83.408,14.349714285714287,7.9399999999999995,0.0,7.9399999999999995,0.038,180.08228571428572,86.954,2.4114285714285715
2019-07-11,16.87457142857143,22.32371428571429,11.983714285714285,79.87142857142857,12.994571428571428,4.039714285714286,0.00028571428571428574,4.039428571428572,0.09942857142857142,231.95371428571428,59.13028571428571,2.7094285714285715
2019-07-12,16.262,21.168857142857142,12.185714285714285,82.01714285714286,12.821428571428571,7.538285714285715,0.0,7.538285714285715,0.012571428571428572,179.08114285714285,76.45942857142857,2.8937142857142857
2019-07-13,16.580857142857145,22.813428571428574,11.143142857142857,77.98771428571429,12.125428571428571,0.7325714285714285,0.0,0.7325714285714285,0.2651428571428571,252.52228571428574,51.481142857142856,2.466285714285714
2019-07-14,17.95942857142857,24.205714285714286,12.056285714285716,77.956,13.585714285714285,1.5759999999999998,0.0,1.5759999999999998,0.0,234.18714285714285,63.201142857142855,2.322571428571429
2019-07-15,17.825142857142858,23.203714285714284,12.865142857142857,83.66628571428572,14.709428571428573,5.717142857142857,0.0,5.717142857142857,0.0,212.59971428571427,73.16171428571428,2.2994285714285714
2019-07-16,18.182285714285715,23.254571428571428,13.752,80.62285714285714,14.349714285714287,8.450571428571427,0.0,8.450571428571427,0.0,213.68885714285713,73.76714285714286,3.8048571428571427
2019-07-17,17.527428571428572,23.056,12.064,77.61771428571429,13.136,2.2385714285714284,0.0,2.2385714285714284,0.0,279.118,42.579142857142855,2.2688571428571427
2019-07-18,17.947142857142858,22.980285714285714,13.946571428571428,85.206,15.179714285714285,10.322571428571429,0.0,10.322571428571429,0.0,182.67485714285715,83.17857142857143,2.7634285714285713
2019-07-19,19.351142857142857,24.81142857142857,14.83457142857143,83.84371428571428,16.187428571428573,4.342,0.0,4.342,0.012571428571428572,223.73714285714286,68.75714285714285,3.0425714285714283
2019-07-20,17.711142857142857,22.35085714285714,13.569142857142857,81.42314285714285,14.096571428571428,2.77,0.0,2.77,0.013428571428571429,225.9362857142857,76.47857142857143,2.879142857142857
2019-07-21,15.547142857142857,20.136285714285712,10.732571428571427,77.97228571428572,11.164571428571428,1.5562857142857143,0.0,1.5562857142857143,0.03457142857142857,247.87114285714284,57.89971428571429,3.040285714285714
2019-07-22,15.41657142857143,19.983428571428572,11.014000000000001,77.02,10.975428571428571,0.9422857142857144,0.0,0.9422857142857144,0.0,224.20142857142858,59.208000000000006,3.0197142857142856
2019-07-23,15.974,22.10457142857143,10.207999999999998,78.6437142857143,11.735714285714286,1.0122857142857142,0.0,1.0122857142857142,0.0,232.47771428571428,56.047714285714285,2.2722857142857142
2019-07-24,17.368285714285715,23.427142857142854,11.986571428571429,77.02685714285714,12.64257142857143,1.0637142857142856,0.0,1.0637142857142856,0.0,257.3677142857143,51.38142857142857,2.104285714285714
2019-07-25,19.13114285714286,25.530285714285714,13.480571428571428,77.09885714285714,14.567142857142859,1.5885714285714285,0.0,1.5885714285714285,0.0,237.26028571428574,51.864285714285714,2.4885714285714284
2019-07-26,19.787714285714287,24.699428571428573,15.252285714285716,81.62285714285714,16.054285714285715,4.868571428571428,0.0,4.868571428571428,0.0,193.52428571428572,68.30628571428572,2.6454285714285715
2019-07-27,18.67142857142857,23.291428571428572,14.542857142857143,82.63571428571429,15.297142857142857,5.187428571428572,0.0,5.187428571428572,0.0,173.17857142857142,76.37371428571429,2.8262857142857145
2019-07-28,20.08657142857143,26.779714285714284,14.250571428571428,78.51857142857143,15.697714285714284,1.0297142857142856,0.0,1.0297142857142856,0.0,266.83971428571425,43.43,2.314
2019-07-29,18.851714285714284,23.677714285714288,14.679714285714285,84.20742857142857,15.877428571428572,8.248285714285714,0.0,8.248285714285714,0.0,140.50542857142858,81.88514285714285,3.2279999999999998
2019-07-30,15.246857142857143,20.538285714285717,10.738285714285714,76.04085714285713,10.441714285714285,3.329142857142857,0.0,3.329142857142857,0.0,223.91542857142858,62.138571428571424,3.436857142857143
2019-07-31,16.569142857142857,23.59285714285714,9.943142857142856,71.61714285714285,10.688285714285715,0.39685714285714285,0.0,0.39685714285714285,0.0,287.2897142857143,29.317428571428575,2.448857142857143
2019-08-01,18.903714285714287,25.443714285714286,12.97942857142857,74.76971428571429,13.664857142857143,1.046857142857143,0.0,1.046857142857143,0.0,244.02,47.97228571428571,1.9025714285714286
2019-08-02,18.578,24.363142857142858,13.4,77.44628571428571,13.871142857142857,0.7997142857142857,0.0,0.7997142857142857,0.0,241.114,50.95628571428571,2.028857142857143
2019-08-03,17.81257142857143,23.779714285714284,12.094857142857142,75.69428571428573,12.78057142857143,0.676,0.0,0.676,0.0,259.80657142857143,40.12657142857143,1.798
2019-08-04,18.811999999999998,25.242857142857144,12.951714285714285,75.35028571428572,13.721428571428572,1.846857142857143,0.0,1.846857142857143,0.0,243.464,45.05314285714285,2.358
2019-08-05,19.207428571428572,24.63114285714286,14.322571428571429,76.69085714285714,14.44057142857143,1.9479999999999997,0.0,1.9479999999999997,0.0,217.76000000000002,60.150571428571425,2.6060000000000003
2019-08-06,18.489428571428572,23.384285714285717,14.159142857142857,80.62942857142858,14.640571428571427,3.9017142857142857,0.0,3.9017142857142857,0.0,205.14971428571428,68.46971428571429,2.327428571428572
2019-08-07,18.062857142857144,22.422285714285714,14.244571428571428,80.37485714285714,14.096857142857143,3.5614285714285714,0.0,3.5614285714285714,0.0,198.95971428571428,71.11285714285714,2.417142857142857
2019-08-08,16.326285714285714,20.081142857142858,12.913714285714287,81.264,12.757428571428571,4.655428571428572,0.0,4.655428571428572,0.0,177.796,72.692,3.068
2019-08-09,14.878571428571428,18.709714285714288,11.418285714285714,78.83257142857143,10.732857142857142,1.5714285714285714,0.0,1.5714285714285714,0.0,180.07171428571428,71.21857142857144,3.528857142857143
2019-08-10,15.974,22.420571428571428,10.506571428571428,76.088,11.166571428571428,0.7874285714285714,0.0,0.7874285714285714,0.0,230.60114285714286,52.47485714285714,2.931142857142857
2019-08-11,16.973714285714287,21.906000000000002,12.391142857142857,76.43257142857142,12.155999999999999,1.3399999999999999,0.0,1.3399999999999999,0.0,235.30742857142857,47.84428571428571,2.9545714285714286
2019-08-12,16.045714285714286,20.668,11.578000000000001,76.40457142857143,11.233428571428572,1.2642857142857142,0.0,1.2642857142857142,0.0,224.52257142857144,51.07714285714286,2.7962857142857143
2019-08-13,15.068571428571428,19.78257142857143,10.727142857142857,77.85771428571428,10.595142857142857,0.7080000000000001,0.0,0.7080000000000001,0.0,198.81114285714287,71.72457142857144,2.2142857142857144
2019-08-14,15.464285714285714,21.146571428571427,10.300571428571429,74.18285714285715,10.223142857142857,0.616,0.0,0.616,0.0,208.67971428571428,65.64314285714286,2.125714285714286
2019-08-15,16.719142857142856,22.226285714285712,11.920857142857143,75.74085714285714,11.867714285714285,1.266,0.0,1.266,0.0,204.58542857142857,71.77657142857143,2.2448571428571427
2019-08-16,17.396857142857144,22.718571428571426,12.948285714285714,80.99600000000001,13.631428571428572,2.765142857142857,0.0,2.765142857142857,0.0,197.60142857142858,72.65085714285715,2.099142857142857
2019-08-17,18.403714285714287,23.920571428571428,13.804285714285713,82.39342857142857,14.936285714285713,4.1165714285714285,0.0,4.1165714285714285,0.0,183.2242857142857,70.22828571428572,2.2705714285714285
2019-08-18,18.656000000000002,23.29942857142857,14.692,83.07542857142857,15.246285714285714,8.229714285714286,0.0,8.229714285714286,0.0,170.3397142857143,71.04199999999999,2.5597142857142856
2019-08-19,17.46142857142857,22.03857142857143,12.948571428571428,73.95028571428573,12.104,3.692857142857143,0.0,3.692857142857143,0.0,214.83,65.74514285714285,3.3634285714285714
2019-08-20,16.678285714285714,21.240571428571428,12.45,76.71485714285714,12.017714285714286,2.9057142857142857,0.0,2.9057142857142857,0.0,197.90342857142858,57.946285714285715,2.686857142857143
2019-08-21,14.94857142857143,18.78542857142857,11.345142857142857,81.33685714285714,11.436285714285713,1.7022857142857142,0.0,1.7022857142857142,0.0,165.5022857142857,78.35428571428572,2.3048571428571427
2019-08-22,13.379142857142856,17.834285714285716,9.62342857142857,80.00285714285714,9.523428571428571,0.7848571428571428,0.0,0.7848571428571428,0.0,172.7814285714286,73.41,2.3851428571428572
2019-08-23,13.966857142857142,20.443142857142856,8.468571428571428,75.96228571428571,9.141142857142857,0.3848571428571429,0.0,0.3848571428571429,0.0,224.31485714285716,46.38542857142857,2.1702857142857144
2019-08-24,15.946857142857143,22.78857142857143,10.152285714285714,73.48771428571429,10.625142857142857,0.4662857142857143,0.0,0.4662857142857143,0.0,236.15371428571427,46.80914285714285,2.516
2019-08-25,17.705714285714286,23.702857142857145,12.354571428571427,73.84057142857144,12.424,0.376,0.0,0.376,0.0,242.9325714285714,29.220285714285716,3.224
2019-08-26,17.409428571428574,22.25057142857143,13.24,81.6782857142857,13.866,2.5922857142857145,0.0,2.5922857142857145,0.0,172.45685714285713,56.87914285714286,3.263714285714286
2019-08-27,16.61714285714286,20.00257142857143,14.147142857142857,88.482,14.603142857142858,11.085714285714285,0.0,11.085714285714285,0.0,90.83542857142857,93.33942857142857,3.4
2019-08-28,14.309714285714286,18.27657142857143,11.546285714285714,85.7777142857143,11.633142857142857,5.434857142857143,0.0,5.434857142857143,0.0,136.46371428571427,78.57142857142857,3.8222857142857145
2019-08-29,12.814,16.693714285714286,9.644,81.38114285714286,9.330285714285715,4.325428571428572,0.0,4.325428571428572,0.0,140.362,83.45800000000001,3.828
2019-08-30,12.731428571428571,16.417142857142856,9.563142857142857,77.70514285714285,8.467428571428572,2.398285714285714,0.0,2.398285714285714,0.0,153.97400000000002,82.49514285714285,4.269142857142857
2019-08-31,11.941142857142857,17.969714285714286,6.742571428571429,76.32857142857142,7.295428571428571,1.0611428571428572,0.0,1.0611428571428572,0.0,203.25057142857145,48.287142857142854,2.3077142857142854
2019-09-01,12.968285714285713,17.496285714285715,9.536285714285714,81.89114285714285,9.603714285714286,4.484285714285714,0.006571428571428572,4.477714285714286,0.15685714285714286,132.64085714285716,81.57857142857142,2.3362857142857143
2019-09-02,11.07,15.443428571428571,7.065714285714286,77.39457142857142,6.662571428571429,1.6345714285714286,0.0,1.6345714285714286,0.18,184.59971428571427,68.09885714285714,2.883142857142857
2019-09-03,10.06,14.816857142857144,6.063428571428571,79.52114285714286,6.387428571428572,4.7545714285714284,0.0,4.7545714285714284,0.001142857142857143,133.54914285714287,76.82142857142857,2.443714285714286
2019-09-04,11.026857142857143,15.95,6.618285714285714,79.88571428571429,7.260285714285715,2.6188571428571428,0.0,2.6188571428571428,0.0,164.17828571428572,65.07142857142857,3.2797142857142854
2019-09-05,10.683142857142858,15.942571428571428,6.402857142857143,80.69914285714285,6.976,1.5954285714285714,0.0,1.5954285714285714,0.0,168.55971428571428,60.274571428571434,2.014
2019-09-06,11.014857142857142,15.460857142857142,7.659142857142857,84.79485714285715,8.278,2.7294285714285715,0.0,2.7294285714285715,0.0,106.184,88.57371428571429,1.7214285714285715
2019-09-07,10.494,13.804285714285713,7.770571428571429,85.92857142857143,7.974857142857143,3.664571428571428,0.0,3.664571428571428,0.0,122.08342857142857,89.78,2.325142857142857
2019-09-08,9.612571428571428,14.805714285714288,5.308857142857143,80.00657142857143,5.811714285714285,1.2557142857142858,0.0,1.2557142857142858,0.0,138.06914285714285,72.58114285714286,2.0228571428571427
2019-09-09,10.018285714285714,15.06942857142857,5.914285714285715,79.61542857142857,6.21,1.4745714285714286,0.0,1.4745714285714286,0.0,150.49742857142857,77.666,1.8939999999999997
2019-09-10,9.949142857142858,13.320857142857143,7.314571428571428,88.934,8.097142857142856,8.630571428571429,0.001142857142857143,8.629428571428571,0.08342857142857142,74.79714285714286,93.71685714285715,2.870857142857143
2019-09-11,10.468571428571428,15.736571428571429,6.867999999999999,84.15457142857143,7.5771428571428565,1.332285714285714,0.0025714285714285713,1.3297142857142854,0.06314285714285714,142.35057142857144,70.00028571428572,2.3162857142857143
2019-09-12,9.686,16.00342857142857,4.568,77.9842857142857,5.5208571428571425,1.913714285714286,0.0,1.913714285714286,0.0,188.92285714285714,50.66257142857143,2.6025714285714288
2019-09-13,10.078285714285714,13.812285714285714,7.420285714285714,87.36085714285714,7.913428571428573,11.450571428571427,0.0,11.450571428571427,0.0,72.49514285714285,93.054,3.4560000000000004
2019-09-14,11.524857142857144,15.71142857142857,8.646857142857142,85.24199999999999,8.791428571428572,3.278285714285714,0.0,3.278285714285714,0.0,128.37657142857142,79.244,3.430285714285714
2019-09-15,11.905714285714286,18.525142857142857,7.132571428571429,81.80428571428571,8.584285714285715,0.6231428571428571,0.0,0.6231428571428571,0.0,157.648,55.93971428571428,2.268
2019-09-16,15.131714285714287,22.557142857142857,9.556285714285714,82.03857142857143,11.701714285714285,0.6985714285714285,0.0,0.6985714285714285,0.0,168.14857142857142,50.77542857142858,1.8834285714285715
2019-09-17,16.993714285714287,23.493142857142857,11.774285714285716,82.02085714285714,13.590857142857143,1.260857142857143,0.0,1.260857142857143,0.0,165.646,38.82228571428571,2.0714285714285716
2019-09-18,17.88657142857143,22.503714285714285,14.734857142857143,88.25999999999999,15.695142857142859,4.085142857142857,0.0,4.085142857142857,0.0,108.588,69.56857142857143,2.8854285714285712
2019-09-19,16.86542857142857,21.424857142857142,12.838285714285714,83.24257142857142,13.706857142857142,3.0417142857142854,0.0,3.0417142857142854,0.0,114.71285714285713,78.8217142857143,3.327428571428572
2019-09-20,14.74457142857143,20.97942857142857,10.118857142857143,82.46685714285715,11.435714285714285,1.014857142857143,0.0,1.014857142857143,0.0,142.32514285714285,62.02514285714286,1.9677142857142857
2019-09-21,17.087714285714288,23.38285714285714,12.79342857142857,88.25314285714286,14.924000000000001,5.568,0.0,5.568,0.0,123.02085714285712,63.41914285714286,2.99
2019-09-22,16.594857142857144,20.24514285714286,13.654571428571428,88.10914285714286,14.442857142857143,5.356571428571429,0.0,5.356571428571429,0.0,90.55314285714286,86.33257142857143,3.434285714285714
2019-09-23,13.405999999999999,17.489142857142856,9.934571428571427,83.94485714285715,10.449714285714286,2.822,0.0,2.822,0.0,123.24771428571428,70.96885714285713,2.4431428571428575
2019-09-24,13.016,18.531142857142857,9.397428571428572,84.278,10.114,3.252,0.0,3.252,0.0,140.05628571428574,49.96371428571429,2.7465714285714284
2019-09-25,12.718857142857141,16.294857142857143,9.735999999999999,87.52971428571429,10.524285714285716,10.564,0.0,10.564,0.0,89.22285714285715,81.20314285714286,3.1414285714285715
2019-09-26,10.042285714285715,13.528285714285715,7.0765714285714285,83.36885714285714,7.023428571428571,3.376857142857143,0.0,3.376857142857143,0.05457142857142857,125.25885714285715,74.79542857142857,3.2377142857142855
2019-09-27,8.611714285714287,12.104857142857144,5.212285714285715,82.94714285714286,5.540857142857143,5.774,0.014,5.76,0.46028571428571424,94.40057142857142,81.53628571428571,3.0582857142857143
2019-09-28,6.916571428571428,10.758857142857144,3.2414285714285715,79.97285714285715,3.3274285714285714,1.716,0.008857142857142857,1.707142857142857,1.7814285714285714,99.59142857142857,75.284,2.986285714285714
2019-09-29,5.3668571428571425,9.694285714285714,1.6505714285714286,78.02714285714285,1.4720000000000002,0.8525714285714285,0.004,0.8485714285714285,2.4108571428571426,120.9457142857143,74.64542857142858,2.580857142857143
2019-09-30,5.841428571428571,9.864,3.106,85.53114285714287,3.343714285714286,8.645714285714284,1.8531428571428572,6.792571428571427,6.716571428571429,75.81885714285714,92.79885714285714,2.779142857142857
2019-10-01,6.877142857142857,9.99,4.511428571428572,91.78942857142857,5.547428571428571,6.894571428571429,2.7002857142857146,4.194285714285714,8.90942857142857,72.57114285714285,88.732,2.8160000000000003
2019-10-02,5.056285714285714,9.21942857142857,1.9559999999999997,83.55314285714286,2.2031428571428573,1.3625714285714285,0.05028571428571429,1.3122857142857143,8.468285714285713,95.29885714285714,82.6242857142857,2.5802857142857145
2019-10-03,3.5754285714285716,7.632571428571429,0.7931428571428571,85.32485714285714,1.1528571428571428,2.4228571428571426,0.326,2.0968571428571425,9.978,88.14628571428571,78.96028571428572,2.4934285714285713
2019-10-04,4.619142857142857,10.704571428571429,0.8665714285714285,84.14857142857143,1.874,0.4442857142857143,0.04314285714285714,0.40114285714285713,10.562857142857142,131.7125714285714,47.44114285714286,2.384
2019-10-05,5.069714285714285,9.862,1.238,86.61742857142858,2.832857142857143,1.3662857142857143,0.002285714285714286,1.364,9.287714285714285,108.19457142857142,56.233714285714285,3.022
2019-10-06,7.902857142857144,11.376285714285714,5.228,88.49742857142857,5.954571428571429,5.339714285714285,0.07057142857142856,5.269142857142857,7.435714285714286,63.33114285714286,95.72885714285715,4.040571428571428
2019-10-07,7.781714285714286,11.046000000000001,5.540285714285714,84.048,5.002857142857143,1.4200000000000002,0.004857142857142858,1.4151428571428573,3.925428571428571,95.49600000000001,80.978,3.874
2019-10-08,8.269428571428572,15.838571428571429,3.4897142857142858,80.89828571428572,4.7705714285714285,0.32742857142857146,0.0005714285714285715,0.3268571428571429,2.155142857142857,142.37114285714284,41.21057142857143,3.0894285714285714
2019-10-09,10.589142857142857,15.86057142857143,6.584285714285714,82.44742857142857,7.424857142857143,0.7317142857142857,0.0,0.7317142857142857,0.23914285714285718,122.19171428571428,53.91057142857142,3.06
2019-10-10,8.481142857142856,13.361142857142857,4.9388571428571435,86.19114285714286,5.998285714285714,2.7085714285714286,1.3885714285714286,1.32,3.041142857142857,98.8937142857143,60.244,2.8554285714285714
2019-10-11,8.670857142857143,13.844,4.687428571428572,87.00542857142857,6.216571428571429,8.009714285714285,2.629714285714286,5.379999999999999,4.120857142857143,89.36142857142858,70.30257142857143,3.7045714285714286
2019-10-12,6.678,10.492571428571429,3.349142857142857,83.50800000000001,3.8394285714285714,8.854857142857144,1.193142857142857,7.661714285714287,5.924857142857143,63.59428571428572,89.52285714285715,3.633142857142857
2019-10-13,3.9465714285714286,7.182571428571428,1.6125714285714285,86.89857142857143,1.7054285714285713,3.040285714285714,0.292,2.748285714285714,7.588285714285713,80.59085714285713,81.59857142857142,2.7485714285714287
2019-10-14,3.5285714285714285,6.537999999999999,1.3802857142857143,89.00828571428572,1.6974285714285713,1.9071428571428573,0.3065714285714286,1.6005714285714285,8.414285714285715,70.54514285714285,89.64542857142858,2.8065714285714285
2019-10-15,3.868285714285714,7.921142857142858,1.3371428571428572,88.21257142857144,1.91,1.2142857142857142,0.13171428571428573,1.0825714285714285,8.114571428571429,76.3682857142857,83.77457142857143,2.3377142857142856
2019-10-16,3.432,6.016571428571429,1.3591428571428572,89.94,1.8342857142857143,4.377714285714286,1.098,3.2797142857142862,9.676571428571426,60.86914285714286,88.91742857142857,3.022
2019-10-17,2.463142857142857,6.224,-0.11685714285714292,86.682,0.30742857142857144,1.3617142857142859,0.056285714285714286,1.3054285714285716,10.761999999999999,82.84514285714286,78.88000000000001,3.2334285714285715
2019-10-18,2.8854285714285712,8.246285714285714,-0.23057142857142857,83.81057142857142,0.148,0.32857142857142857,0.039142857142857146,0.2894285714285714,10.299428571428573,94.89942857142857,72.66057142857143,2.8702857142857146
2019-10-19,5.301142857142857,10.848857142857142,1.6765714285714286,87.20057142857142,3.153142857142857,1.1585714285714286,0.009714285714285715,1.1488571428571428,7.569999999999999,84.058,68.11314285714286,3.2471428571428573
2019-10-20,7.348571428571428,11.864571428571429,4.385142857142857,88.70771428571429,5.460285714285714,1.3474285714285716,0.0,1.3474285714285716,3.480857142857143,80.23,72.13457142857143,2.2271428571428573
2019-10-21,6.464,9.928,3.757428571428571,91.42257142857143,5.155428571428572,0.8468571428571429,0.003428571428571429,0.8434285714285714,1.940857142857143,77.31971428571428,68.02771428571428,2.605142857142857
2019-10-22,6.912857142857143,9.592,4.904,92.0097142857143,5.614571428571428,11.128285714285715,0.10485714285714286,11.023428571428573,3.100571428571429,39.255714285714284,96.99085714285714,4.388571428571429
2019-10-23,4.837142857142857,6.844571428571428,2.983714285714286,88.53942857142857,2.972857142857143,4.067714285714286,0.7702857142857144,3.297428571428571,6.430857142857143,54.97371428571429,92.56771428571429,4.219142857142857
2019-10-24,2.150857142857143,4.823142857142857,-0.4642857142857143,82.20542857142857,-0.7637142857142857,1.3597142857142859,0.38542857142857145,0.9742857142857144,9.38942857142857,69.19457142857142,88.098,3.842857142857143
2019-10-25,0.9834285714285714,5.486285714285715,-1.976,85.26628571428571,-1.443142857142857,0.42942857142857144,0.076,0.3534285714285714,10.803428571428572,72.29171428571429,84.16057142857143,2.626857142857143
2019-10-26,3.531142857142857,8.759428571428572,0.246,86.09,1.1580000000000001,0.9042857142857142,0.23714285714285716,0.667142857142857,10.980285714285714,84.22771428571428,68.23657142857144,3.0577142857142854
2019-10-27,4.446857142857143,7.118571428571428,2.5505714285714283,90.05971428571429,2.9042857142857144,4.392571428571429,0.07542857142857141,4.317142857142858,10.090857142857143,39.09028571428572,94.3062857142857,3.5377142857142854
2019-10-28,2.4425714285714286,5.3991428571428575,0.03571428571428568,85.088,0.029714285714285714,0.5545714285714286,0.22057142857142856,0.3340000000000001,10.129142857142856,65.5717142857143,74.198,2.9219999999999997
2019-10-29,1.1982857142857144,4.117999999999999,-1.1465714285714286,83.04342857142858,-1.5394285714285714,1.228,0.7571428571428571,0.47085714285714286,11.88342857142857,59.17942857142858,84.394,2.7002857142857146
2019-10-30,-0.39514285714285713,1.6634285714285715,-2.226857142857143,77.79457142857143,-3.9734285714285713,0.5408571428571428,0.39599999999999996,0.14485714285714285,13.350285714285715,52.81028571428571,87.23342857142858,2.888857142857143
2019-10-31,-1.6417142857142857,1.3614285714285714,-3.960571428571429,82.89942857142857,-4.468285714285714,2.6285714285714286,0.9880000000000001,1.6405714285714286,13.670857142857141,51.13171428571428,91.506,2.4734285714285713
2019-11-01,-2.1514285714285712,0.6162857142857143,-4.2051428571428575,81.1437142857143,-5.2134285714285715,2.8874285714285715,1.9548571428571428,0.9325714285714286,15.889714285714286,53.309714285714286,96.27857142857142,3.1054285714285714
2019-11-02,-1.536,0.6825714285714286,-3.2722857142857142,88.77285714285715,-3.373428571428571,1.9437142857142857,2.0051428571428573,0.0,16.25,41.16314285714286,98.16542857142856,2.396857142857143
2019-11-03,-2.0165714285714285,0.7074285714285715,-4.122571428571429,88.63628571428572,-3.925428571428571,0.9877142857142858,0.76,0.22771428571428576,16.035714285714285,53.05685714285714,92.84514285714286,2.5851428571428574
2019-11-04,-1.836,1.6957142857142857,-4.607428571428571,89.18914285714285,-3.638,1.9848571428571429,1.7125714285714284,0.27228571428571446,16.135714285714286,44.88971428571429,94.3742857142857,2.5900000000000003
2019-11-05,-4.014285714285714,-1.138,-6.761142857142857,82.90257142857143,-6.723714285714286,1.8299999999999998,1.796,0.03399999999999981,15.743428571428572,48.523714285714284,93.38828571428571,3.450857142857143
2019-11-06,-5.961428571428572,-3.5517142857142856,-8.458285714285715,81.40542857142857,-8.949714285714286,2.069428571428572,1.8305714285714283,0.23885714285714355,15.971714285714285,50.41085714285714,90.62857142857143,3.9199999999999995
2019-11-07,-8.433142857142858,-5.978285714285715,-10.589142857142857,80.23457142857143,-11.44742857142857,1.191142857142857,1.040857142857143,0.15028571428571413,17.043714285714284,54.988,91.22571428571429,3.3154285714285714
2019-11-08,-9.220285714285714,-6.462285714285715,-11.394285714285715,79.41514285714287,-12.387714285714285,0.6505714285714286,0.49028571428571427,0.1602857142857143,17.25057142857143,61.973142857142854,87.33542857142857,2.6311428571428572
2019-11-09,-7.4237142857142855,-4.549428571428571,-9.7,86.29942857142858,-9.598571428571429,1.8222857142857143,1.7457142857142858,0.07657142857142851,17.25057142857143,40.18028571428571,93.81228571428571,2.7034285714285717
2019-11-10,-9.374,-6.188000000000001,-11.918571428571427,85.84342857142857,-11.493142857142857,1.3694285714285714,1.233142857142857,0.13628571428571434,17.25057142857143,48.056000000000004,91.28542857142858,3.9268571428571426
2019-11-11,-13.05257142857143,-11.080285714285715,-14.804,81.49485714285714,-15.624571428571429,1.0702857142857143,2.0134285714285713,0.0,17.252571428571425,52.193714285714286,82.97485714285715,3.416857142857143
2019-11-12,-14.558285714285715,-10.748,-17.792,84.99428571428572,-16.645142857142858,1.102857142857143,1.0842857142857143,0.018571428571428683,17.255142857142857,59.47771428571428,72.58171428571428,3.148
2019-11-13,-12.102571428571428,-7.547714285714286,-16.36257142857143,88.07542857142857,-13.956285714285713,0.5514285714285715,0.7742857142857144,0.0,17.251142857142856,50.80142857142857,81.33,3.0345714285714283
2019-11-14,-8.810285714285715,-5.743428571428572,-11.632,91.84142857142857,-10.250285714285715,1.9725714285714286,2.3562857142857143,0.0,17.252,30.680285714285713,96.54114285714286,3.4228571428571426
2019-11-15,-10.872857142857143,-6.720571428571429,-14.664857142857143,86.40085714285715,-12.889714285714286,1.0031428571428571,0.9928571428571429,0.010285714285714231,17.339142857142853,59.96714285714285,67.29971428571427,4.646571428571429
2019-11-16,-10.918285714285714,-3.4817142857142858,-17.146,90.23485714285714,-12.450857142857142,1.2697142857142856,1.454,0.0,17.38657142857143,48.78,73.658,3.3534285714285716
2019-11-17,-3.238,-0.44314285714285706,-6.338571428571428,92.63542857142858,-4.539142857142857,2.5162857142857145,3.1971428571428575,0.0,17.759714285714285,34.75285714285714,92.03542857142857,3.132285714285714
2019-11-18,-3.9897142857142853,-0.7351428571428571,-6.4554285714285715,96.10542857142858,-4.81,0.7485714285714286,0.8537142857142856,0.0,17.813142857142854,27.974285714285713,95.33714285714287,1.921142857142857
2019-11-19,-2.8522857142857143,0.48999999999999994,-4.994285714285715,96.77342857142858,-3.5517142857142856,0.872,0.7291428571428571,0.1428571428571429,17.75857142857143,29.240571428571428,96.222,1.7645714285714285
2019-11-20,-2.66,0.20628571428571438,-4.977428571428572,96.11457142857144,-3.4165714285714284,0.6951428571428571,0.5637142857142857,0.13142857142857134,17.75057142857143,29.112857142857145,93.35542857142858,2.027428571428571
2019-11-21,-4.917428571428571,-2.0297142857142854,-8.401142857142858,95.24828571428571,-5.787428571428571,5.153142857142858,4.717714285714286,0.43542857142857194,17.822857142857142,26.05657142857143,88.83657142857143,3.146857142857143
2019-11-22,-8.818857142857144,-2.148,-14.167142857142858,93.52371428571428,-10.063714285714287,1.5982857142857143,1.4080000000000001,0.19028571428571417,18.13942857142857,47.84257142857143,73.92371428571428,4.2702857142857145
2019-11-23,-3.1854285714285715,-0.07942857142857146,-6.145142857142858,94.04428571428572,-4.356285714285714,0.6868571428571428,0.7497142857142857,0.0,18.30314285714286,38.64142857142857,83.16228571428572,3.467142857142857
2019-11-24,-2.9811428571428573,-0.37742857142857145,-5.470285714285715,96.39942857142857,-3.766857142857143,2.261142857142857,2.4294285714285713,0.0,18.385142857142856,31.481142857142856,85.79942857142858,2.5625714285714287
2019-11-25,-4.474571428571429,-1.3562857142857143,-7.192571428571429,97.52628571428572,-5.111142857142856,1.918,1.8317142857142856,0.0862857142857143,18.533142857142856,29.68885714285714,86.79628571428572,2.420285714285714
2019-11-26,-4.897428571428572,-2.1934285714285715,-7.189714285714286,97.04857142857142,-5.637142857142858,5.354571428571428,1.1631428571428573,4.19142857142857,19.60085714285714,36.19057142857143,80.77228571428572,2.4205714285714284
2019-11-27,-6.37,-3.7151428571428573,-8.464571428571428,96.57771428571428,-7.2294285714285715,6.271142857142857,2.915428571428571,3.3557142857142863,22.29857142857143,23.92742857142857,84.66885714285714,3.6434285714285712
2019-11-28,-6.839428571428571,-4.203428571428572,-9.311428571428571,94.30828571428572,-8.051714285714286,0.964857142857143,0.4897142857142857,0.47514285714285726,22.66342857142857,36.44171428571428,84.73228571428572,3.0385714285714283
2019-11-29,-10.001142857142858,-7.096857142857142,-12.498285714285714,94.03485714285713,-11.23457142857143,0.22971428571428573,0.2734285714285714,0.0,22.519714285714283,37.45171428571428,66.58857142857143,1.9165714285714286
2019-11-30,-12.013714285714286,-8.856285714285713,-14.936,94.13714285714286,-13.188571428571429,0.11,0.192,0.0,21.928857142857144,48.69857142857143,56.882285714285715,2.413142857142857
2019-12-01,-13.145428571428571,-9.435142857142857,-16.236857142857144,95.23257142857142,-14.068,0.616,1.5659999999999998,0.0,22.486857142857144,46.48771428571428,55.138,3.3194285714285714
2019-12-02,-11.906857142857143,-6.412285714285715,-15.363714285714286,95.43142857142857,-12.816571428571429,0.3882857142857143,0.3862857142857143,0.0020000000000000018,22.75857142857143,55.35457142857143,43.99314285714286,2.9917142857142855
2019-12-03,-8.272857142857143,-4.7377142857142855,-11.71142857142857,94.88885714285715,-9.409142857142857,0.6711428571428572,0.7040000000000001,0.0,22.614,28.242285714285714,76.15914285714287,2.5637142857142856
2019-12-04,-7.372571428571429,-4.538285714285714,-9.950857142857144,95.99771428571428,-8.30857142857143,0.9582857142857143,0.8822857142857142,0.07600000000000007,22.660285714285713,26.929714285714283,94.89542857142858,2.907142857142857
2019-12-05,-9.058857142857143,-6.244,-11.86142857142857,94.98514285714286,-10.16,0.8188571428571428,0.9279999999999999,0.0,22.718,29.26857142857143,90.00571428571428,2.9697142857142858
2019-12-06,-12.943714285714286,-8.833714285714287,-16.67942857142857,94.75228571428572,-13.943428571428571,0.8797142857142857,1.0377142857142858,0.0,22.79,37.97857142857143,81.60428571428572,2.892571428571429
2019-12-07,-12.187999999999999,-6.5528571428571425,-16.762,95.64314285714286,-13.104,0.5608571428571428,0.8277142857142857,0.0,22.82857142857143,34.489714285714285,81.27314285714286,2.950285714285714
2019-12-08,-10.198571428571428,-3.274,-17.76,95.42028571428571,-11.048,2.4228571428571426,3.2497142857142856,0.0,23.37485714285714,33.446285714285715,78.62028571428571,4.555428571428571
2019-12-09,-18.372857142857143,-14.752,-20.758285714285712,96.33600000000001,-18.824,2.356,2.4134285714285713,0.0,23.704,27.874285714285715,75.91485714285714,2.9614285714285713
2019-12-10,-21.772,-17.70657142857143,-25.62942857142857,95.27571428571429,-22.341714285714286,1.1934285714285715,1.1214285714285714,0.07200000000000006,24.464,44.53657142857143,60.17742857142857,3.6765714285714286
2019-12-11,-21.728571428571428,-19.101999999999997,-24.73857142857143,93.62228571428572,-22.592000000000002,0.5308571428571429,0.7211428571428572,0.0,24.548,42.622571428571426,59.11571428571429,3.9411428571428573
2019-12-12,-20.844857142857144,-16.71314285714286,-24.212285714285713,95.02057142857143,-21.564,0.38771428571428573,0.6411428571428571,0.0,24.497142857142858,43.764857142857146,52.885714285714286,2.983714285714286
2019-12-13,-18.304285714285715,-14.091714285714287,-22.25,96.698,-18.858285714285714,0.9068571428571428,1.0885714285714285,0.0,24.575714285714284,35.068000000000005,65.1002857142857,2.4277142857142855
2019-12-14,-16.436857142857143,-13.403142857142857,-19.821428571428573,98.53942857142857,-16.698857142857143,4.48,2.4259999999999997,2.0540000000000007,25.512285714285714,30.269714285714286,67.79257142857143,2.3488571428571428
2019-12-15,-21.615142857142857,-16.138857142857145,-25.992857142857144,96.7282857142857,-22.07057142857143,0.6699999999999999,0.6462857142857142,0.023714285714285688,26.223714285714284,46.59285714285714,56.35485714285714,3.648
2019-12-16,-17.337142857142855,-12.721142857142857,-22.012285714285717,95.42485714285714,-18.128285714285713,0.24714285714285716,0.35114285714285715,0.0,26.091428571428573,37.77571428571429,63.96657142857143,2.4714285714285715
2019-12-17,-16.71314285714286,-12.844285714285714,-20.623142857142856,96.64771428571429,-17.30257142857143,0.596,0.9517142857142857,0.0,26.020285714285716,34.45542857142857,73.37942857142858,2.756
2019-12-18,-23.372,-17.04857142857143,-28.687428571428573,96.94428571428573,-23.728,0.6162857142857143,0.9885714285714287,0.0,26.037142857142857,42.01,52.57628571428572,3.484857142857143
2019-12-19,-21.09257142857143,-16.05142857142857,-25.986571428571427,96.46771428571428,-21.593999999999998,0.7071428571428572,0.8128571428571428,0.0,26.20485714285714,40.62714285714286,55.19085714285715,2.1599999999999997
2019-12-20,-18.02942857142857,-12.11,-22.231714285714286,96.80657142857143,-18.545428571428573,0.27228571428571424,0.20142857142857143,0.07085714285714281,26.211142857142857,38.648857142857146,62.30228571428571,2.551428571428571
2019-12-21,-10.343428571428571,-5.163428571428572,-14.536285714285714,97.418,-11.015142857142857,1.0534285714285714,1.5411428571428571,0.0,26.275142857142857,24.208,90.45285714285714,3.0422857142857143
2019-12-22,-6.4317142857142855,-3.3882857142857143,-9.528857142857143,98.69285714285714,-6.897142857142858,1.0557142857142858,1.5557142857142858,0.0,26.628857142857143,24.89857142857143,89.91628571428572,2.862
2019-12-23,-7.102571428571428,-3.1737142857142855,-11.304857142857143,98.42485714285714,-7.589142857142857,0.7497142857142857,0.902,0.0,26.818571428571428,33.04914285714286,78.74828571428571,3.626
2019-12-24,-10.234,-6.451142857142857,-13.55857142857143,96.74314285714286,-11.072285714285714,0.31485714285714284,0.49228571428571427,0.0,26.616285714285713,28.533714285714286,85.85342857142857,2.3882857142857143
2019-12-25,-9.414571428571428,-6.144,-12.116571428571428,98.01485714285714,-10.032571428571428,0.1757142857142857,0.3454285714285714,0.0,26.52257142857143,27.851142857142857,83.11114285714285,2.149142857142857
2019-12-26,-8.99,-5.077999999999999,-11.54342857142857,98.236,-9.541714285714285,2.124,2.917142857142857,0.0,26.643714285714285,20.563714285714287,85.21542857142857,2.690857142857143
2019-12-27,-5.388285714285715,-3.1817142857142855,-8.195714285714287,97.89742857142856,-6.001428571428572,1.2871428571428571,1.1388571428571428,0.14828571428571435,27.196,24.874,89.08228571428572,3.428857142857143
2019-12-28,-7.867999999999999,-5.474571428571429,-10.331714285714286,96.65628571428572,-8.751142857142858,0.12200000000000001,0.17685714285714288,0.0,27.052285714285713,32.66028571428571,74.40971428571429,3.049142857142857
2019-12-29,-10.658857142857142,-8.291714285714285,-12.695142857142857,97.46857142857144,-11.308857142857143,2.762857142857143,3.915714285714285,0.0,27.121142857142857,22.424285714285716,90.35571428571428,2.8825714285714286
2019-12-30,-9.256285714285715,-6.500285714285714,-11.151428571428571,97.34942857142858,-10.017428571428573,5.132000000000001,5.355142857142857,0.0,28.61657142857143,20.23257142857143,91.36371428571428,4.437428571428572
2019-12-31,-10.763142857142856,-7.546857142857142,-13.513142857142856,97.60371428571429,-11.367714285714285,2.032857142857143,1.7997142857142858,0.2331428571428571,30.119714285714288,29.447714285714287,86.59085714285713,3.428
2020-01-01,-13.225714285714284,-8.621142857142857,-17.698857142857143,96.95428571428572,-13.885142857142858,0.5591428571428572,0.5777142857142857,0.0,30.298000000000002,31.85142857142857,81.90371428571429,2.8059999999999996
2020-01-02,-10.071428571428571,-6.880571428571429,-13.362,97.51142857142857,-10.699428571428571,1.385142857142857,2.0214285714285714,0.0,30.350571428571428,26.472285714285714,85.19142857142856,2.5822857142857143
2020-01-03,-10.506571428571428,-7.372,-14.376,98.17142857142858,-10.999428571428572,0.9600000000000001,0.8734285714285714,0.08657142857142863,30.83085714285714,27.06085714285714,84.92057142857142,2.5851428571428574
2020-01-04,-12.313142857142857,-8.994,-15.192,96.63000000000001,-13.07,0.46028571428571424,0.45057142857142857,0.009714285714285675,30.730285714285714,28.06742857142857,87.354,2.047428571428571
2020-01-05,-12.784285714285714,-9.826285714285715,-15.67142857142857,96.11771428571429,-13.615714285714287,1.4697142857142858,2.1391428571428572,0.0,30.768000000000004,31.015428571428572,88.75028571428572,2.690571428571429
2020-01-06,-11.322571428571429,-8.47942857142857,-14.59057142857143,95.93542857142856,-12.258857142857144,2.304,2.4785714285714286,0.0,31.73971428571428,36.665142857142854,84.04457142857143,3.766
2020-01-07,-12.269142857142858,-7.7794285714285705,-16.824571428571428,96.75228571428572,-12.987142857142857,1.2788571428571427,1.4111428571428573,0.0,32.07714285714286,35.33,79.55914285714286,3.565714285714286
2020-01-08,-19.45485714285714,-13.676,-24.51257142857143,95.84057142857144,-20.086,0.5197142857142858,0.5185714285714286,0.0011428571428572232,32.28742857142857,51.53828571428571,51.83828571428571,3.8
2020-01-09,-19.63142857142857,-12.612285714285715,-26.072857142857142,95.46714285714286,-20.342000000000002,2.274,3.1117142857142857,0.0,32.56428571428572,30.98971428571429,79.31314285714286,2.9931428571428573
2020-01-10,-12.157714285714285,-8.947142857142856,-16.11257142857143,98.15428571428572,-12.570857142857143,1.5768571428571427,1.8725714285714283,0.0,33.87314285714285,29.091714285714286,85.48314285714285,3.466285714285714
2020-01-11,-17.97657142857143,-12.84,-23.702857142857145,98.49971428571429,-18.148285714285713,3.1871428571428573,2.7905714285714285,0.3965714285714288,33.88742857142857,46.976285714285716,53.634,3.556
2020-01-12,-22.06657142857143,-16.86,-26.71542857142857,97.68657142857144,-22.31542857142857,2.649142857142857,3.8477142857142854,0.0,33.77514285714286,44.812000000000005,79.20342857142857,3.3059999999999996
2020-01-13,-19.02714285714286,-13.842571428571429,-23.410285714285713,97.40342857142856,-19.47285714285714,0.3954285714285714,0.406,0.0,33.61828571428571,42.642857142857146,65.54057142857143,2.2397142857142858
2020-01-14,-13.221142857142857,-9.249142857142857,-17.468,97.88228571428571,-13.76457142857143,2.0457142857142854,2.446,0.0,33.97257142857143,31.157714285714285,86.64685714285714,2.5860000000000003
2020-01-15,-14.446857142857143,-10.013714285714286,-18.284285714285716,97.36971428571428,-15.021714285714285,0.654,0.8768571428571429,0.0,34.58971428571429,38.69314285714286,78.93,2.5125714285714285
2020-01-16,-20.514857142857142,-16.91257142857143,-24.08514285714286,97.53885714285714,-20.899428571428572,0.6911428571428572,0.8414285714285714,0.0,34.61457142857143,57.16257142857143,54.841142857142856,3.3737142857142857
2020-01-17,-23.073428571428572,-16.280571428571427,-28.803428571428572,96.71171428571428,-23.510857142857144,0.24257142857142858,0.3097142857142857,0.0,34.45628571428571,53.68,67.52714285714285,2.8494285714285716
2020-01-18,-14.639142857142858,-11.918285714285714,-18.048857142857145,97.65371428571429,-15.201142857142855,4.224,6.706571428571428,0.0,35.22342857142857,27.956857142857142,96.76514285714286,3.3431428571428574
2020-01-19,-16.856857142857145,-13.049142857142858,-20.550857142857144,98.02428571428571,-17.314857142857143,1.4662857142857142,1.3908571428571428,0.0754285714285714,36.68828571428571,61.92742857142857,58.68257142857143,3.9028571428571426
2020-01-20,-18.868,-13.146857142857142,-22.852857142857143,97.42914285714285,-19.28857142857143,0.35742857142857143,0.1597142857142857,0.19771428571428573,36.61085714285714,70.88057142857143,30.036571428571428,3.6991428571428573
2020-01-21,-11.507428571428571,-6.792571428571429,-16.56057142857143,97.11800000000001,-12.295714285714286,0.40885714285714286,0.4202857142857143,0.0,36.43514285714286,43.79914285714286,84.23514285714286,3.867428571428572
2020-01-22,-6.293714285714286,-4.531428571428571,-8.51057142857143,97.276,-7.096571428571428,0.5185714285714286,0.9082857142857143,0.0,36.03342857142857,34.84342857142857,94.97742857142858,4.738571428571428
2020-01-23,-10.334857142857144,-6.327428571428571,-13.906571428571429,97.22571428571429,-11.021142857142857,0.4468571428571429,0.762,0.0,35.67857142857143,45.66542857142857,84.60485714285714,2.724857142857143
2020-01-24,-12.185714285714285,-7.152857142857143,-15.682,98.24714285714286,-12.667714285714286,0.37742857142857145,0.2988571428571428,0.07857142857142863,35.46971428571429,51.198,74.78485714285713,2.787714285714286
2020-01-25,-8.615428571428572,-4.592,-11.505714285714285,98.86485714285715,-9.090285714285715,2.228857142857143,2.009714285714286,0.2191428571428573,35.42257142857143,33.13485714285714,89.61571428571429,2.7262857142857144
2020-01-26,-8.179428571428572,-5.878571428571429,-10.321428571428571,98.79857142857142,-8.707999999999998,2.4237142857142855,2.1262857142857143,0.29742857142857115,36.364285714285714,31.810857142857145,94.81771428571429,2.6754285714285713
2020-01-27,-10.520285714285714,-7.849142857142858,-12.921999999999999,97.89742857142856,-11.184571428571427,0.4022857142857143,0.44571428571428573,0.0,36.638,42.266,84.95685714285713,2.5762857142857145
2020-01-28,-12.569428571428572,-9.107999999999999,-15.610857142857142,97.4842857142857,-13.259142857142857,0.20285714285714285,0.224,0.0,36.308571428571426,53.152,75.50057142857143,2.3474285714285714
2020-01-29,-14.908571428571427,-10.536571428571428,-18.544857142857143,97.32628571428572,-15.498285714285716,0.17914285714285716,0.1482857142857143,0.03085714285714286,36.031142857142854,72.65971428571429,60.89314285714286,2.2002857142857146
2020-01-30,-13.373714285714286,-8.455428571428572,-16.880285714285712,96.24342857142857,-14.220571428571427,0.11485714285714284,0.16171428571428573,0.0,35.797428571428576,62.397999999999996,70.08457142857144,1.9725714285714286
2020-01-31,-9.545714285714286,-5.047428571428571,-13.121428571428572,96.60028571428572,-10.436857142857143,0.568,0.5468571428571428,0.02114285714285713,35.601142857142854,45.03057142857143,84.20914285714287,2.362
2020-02-01,-5.306857142857143,-2.369142857142857,-7.774571428571429,97.76914285714285,-6.0045714285714284,1.2165714285714284,1.3888571428571428,0.0,35.76257142857143,41.50228571428571,95.00314285714286,3.044857142857143
2020-02-02,-5.9877142857142855,-2.8377142857142856,-8.622285714285713,98.32028571428572,-6.594571428571428,1.1217142857142857,1.3428571428571427,0.0,35.93714285714285,39.98257142857143,92.87457142857143,2.6834285714285713
2020-02-03,-8.610000000000001,-5.611714285714285,-12.077142857142857,97.22542857142857,-9.379714285714286,0.61,0.7348571428571429,0.0,35.90114285714286,53.964571428571425,90.39171428571429,3.424857142857143
2020-02-04,-14.27657142857143,-10.250857142857143,-17.48371428571429,96.20285714285714,-15.006571428571428,0.37999999999999995,0.4948571428571429,0.0,35.681714285714285,68.20885714285714,77.16657142857143,3.7214285714285715
2020-02-05,-15.61257142857143,-9.769428571428572,-20.50057142857143,95.56828571428571,-16.442,0.4114285714285714,0.5388571428571428,0.0,35.44114285714286,75.75257142857143,63.81971428571429,3.667142857142857
2020-02-06,-18.31114285714286,-12.311714285714285,-22.994571428571426,96.71028571428572,-18.93942857142857,0.6977142857142856,1.1234285714285714,0.0,35.36514285714286,76.48828571428572,58.228,2.970857142857143
2020-02-07,-24.53857142857143,-18.560000000000002,-29.944857142857142,97.85057142857143,-24.763714285714286,0.6677142857142857,0.7328571428571428,0.0,35.358,89.73628571428571,52.75657142857143,3.3954285714285715
2020-02-08,-21.899714285714285,-14.46,-28.851142857142857,97.05142857142857,-22.30314285714286,0.4082857142857143,0.22428571428571428,0.18400000000000002,35.30314285714285,81.71542857142857,56.35914285714286,2.8282857142857143
2020-02-09,-14.700571428571427,-9.882285714285715,-19.744857142857143,97.36399999999999,-15.293714285714286,0.5888571428571429,0.7557142857142857,0.0,35.296571428571426,66.64657142857143,83.39028571428571,3.0134285714285713
2020-02-10,-11.637714285714285,-7.0048571428571424,-15.864,97.50657142857143,-12.281428571428572,1.1182857142857143,1.6797142857142857,0.0,35.48028571428571,74.11914285714286,78.578,2.575142857142857
2020-02-11,-9.992571428571429,-6.426,-14.114,97.10571428571428,-10.768857142857144,0.9085714285714286,1.2285714285714286,0.0,35.489714285714285,69.59428571428572,83.46485714285714,3.185142857142857
2020-02-12,-16.53257142857143,-8.086285714285713,-24.198857142857143,96.91771428571428,-17.148,1.312857142857143,1.5677142857142858,0.0,35.74371428571428,87.32114285714285,60.18628571428572,4.700285714285714
2020-02-13,-26.510285714285715,-19.426,-32.718,97.96914285714286,-26.676857142857145,0.40114285714285713,0.824,0.0,35.952571428571424,101.20628571428573,46.466,3.374857142857143
2020-02-14,-25.087714285714288,-14.609714285714286,-32.38685714285714,97.24771428571428,-25.38057142857143,0.22285714285714286,0.3137142857142857,0.0,35.836285714285715,98.78542857142857,60.694857142857146,3.290285714285714
2020-02-15,-11.315428571428573,-7.361714285714286,-16.53457142857143,96.07657142857143,-12.247142857142856,1.3722857142857143,2.1605714285714286,0.0,35.92314285714286,71.67485714285714,88.37314285714285,5.192
2020-02-16,-15.437142857142856,-10.303142857142857,-20.177142857142858,96.46542857142857,-16.053714285714285,0.5005714285714286,0.7877142857142857,0.0,36.01114285714286,104.99685714285714,52.388,4.218285714285715
2020-02-17,-16.602,-10.157714285714285,-22.12857142857143,96.12485714285714,-17.32057142857143,0.4711428571428572,0.7502857142857142,0.0,35.83314285714286,99.85085714285715,58.51114285714285,2.5660000000000003
2020-02-18,-13.999428571428572,-10.197714285714286,-17.60085714285714,97.50171428571429,-14.582,1.8,3.237142857142857,0.0,36.148,79.18657142857144,77.36257142857143,3.9451428571428573
2020-02-19,-19.015428571428572,-14.333428571428572,-22.681428571428572,95.44257142857143,-19.72542857142857,0.3017142857142857,0.41257142857142853,0.0,36.21971428571429,116.174,41.95771428571428,4.393714285714286
2020-02-20,-18.92657142857143,-11.265142857142857,-24.64857142857143,96.31,-19.548000000000002,0.14485714285714288,0.19657142857142856,0.0,35.99542857142857,112.25657142857143,50.27,3.8722857142857143
2020-02-21,-8.859714285714285,-2.4097142857142857,-13.141714285714285,96.76057142857142,-9.729714285714286,0.1437142857142857,0.10914285714285714,0.03457142857142857,35.658,129.02685714285712,34.23,5.056285714285714
2020-02-22,-5.051714285714286,-0.5820000000000001,-8.486857142857144,96.66771428571428,-5.842,0.13171428571428573,0.20171428571428573,0.0,35.09685714285715,120.28314285714285,50.963142857142856,3.8808571428571423
2020-02-23,-5.353714285714285,-1.7765714285714285,-8.734857142857143,97.03828571428572,-6.053714285714285,0.6457142857142857,1.098857142857143,0.0,34.486,98.30314285714286,70.18285714285715,3.163142857142857
2020-02-24,-5.909428571428572,-2.7174285714285715,-8.726285714285714,97.17142857142858,-6.598285714285714,0.768,1.2777142857142856,0.0,34.191428571428574,97.82257142857142,76.84685714285713,3.1497142857142855
2020-02-25,-11.497428571428571,-7.632857142857143,-14.617142857142857,96.60257142857144,-12.269714285714286,0.218,0.3422857142857143,0.0,33.81371428571428,118.55714285714286,69.82742857142857,2.9997142857142856
2020-02-26,-15.907714285714285,-12.636,-19.31714285714286,96.88114285714286,-16.50342857142857,0.37028571428571433,1.1245714285714286,0.0,33.54457142857143,114.76114285714286,64.22371428571428,2.933142857142857
2020-02-27,-17.242,-13.445714285714287,-20.947142857142858,96.222,-17.874000000000002,2.4051428571428572,4.331142857142857,0.0,33.76257142857143,108.55171428571428,65.25171428571429,4.119142857142857
2020-02-28,-17.38057142857143,-13.328285714285714,-20.818571428571428,95.59314285714287,-18.108,1.44,1.9060000000000001,0.0,34.633428571428574,124.42771428571429,67.67142857142858,4.692285714285714
2020-02-29,-14.652000000000001,-8.403714285714285,-19.956857142857142,95.95257142857143,-15.415999999999999,0.39942857142857147,0.5322857142857143,0.0,34.73685714285714,125.72085714285716,61.080285714285715,3.074857142857143
2020-03-01,-10.387142857142857,-4.027142857142857,-15.421999999999999,96.77485714285714,-11.110000000000001,1.3857142857142857,2.7037142857142857,0.0,34.68257142857143,106.6182857142857,71.45685714285713,2.9065714285714286
2020-03-02,-5.592571428571428,-2.5565714285714285,-8.688571428571429,97.396,-6.259714285714286,1.5839999999999999,2.3037142857142854,0.0,35.144285714285715,97.312,89.26685714285715,4.144
2020-03-03,-7.347142857142856,-3.672285714285714,-11.190285714285714,97.81514285714286,-7.978000000000001,1.1288571428571428,1.7208571428571429,0.0,34.78371428571429,103.11371428571428,84.43514285714286,2.4497142857142857
2020-03-04,-8.454285714285714,-4.698285714285714,-12.339714285714285,96.46457142857143,-9.268571428571429,0.7382857142857143,1.0634285714285714,0.0,34.76285714285714,123.27,76.18628571428572,2.964857142857143
2020-03-05,-10.786,-6.438,-15.455428571428573,95.39571428571428,-11.779142857142856,0.8414285714285714,1.489142857142857,0.0,34.612,138.16228571428573,59.57257142857143,2.524
2020-03-06,-11.259142857142857,-5.267142857142857,-17.249142857142857,96.32,-11.990285714285713,0.7845714285714286,0.8814285714285713,0.0,34.69771428571429,137.79457142857143,65.19828571428572,3.3471428571428574
2020-03-07,-8.059714285714286,-1.554857142857143,-15.008571428571427,94.82314285714286,-9.129714285714286,0.5148571428571428,0.7485714285714286,0.0,34.364285714285714,131.702,67.9282857142857,3.924857142857143
2020-03-08,-11.482285714285714,-5.419428571428572,-15.094571428571427,95.18714285714286,-12.403428571428572,1.2742857142857142,2.562,0.0,33.98742857142857,123.99771428571428,78.58371428571428,3.7794285714285714
2020-03-09,-12.924285714285713,-8.301428571428572,-16.162285714285712,96.15428571428572,-13.620571428571429,1.5525714285714287,2.6417142857142855,0.0,33.81114285714286,110.93257142857142,84.17314285714285,3.4957142857142856
2020-03-10,-12.056571428571429,-6.792857142857143,-17.37542857142857,96.01771428571428,-12.807142857142857,1.560857142857143,1.0754285714285714,0.48542857142857154,33.10457142857143,149.14714285714285,65.29714285714286,3.2365714285714287
2020-03-11,-11.0,-4.199142857142857,-16.875999999999998,93.34628571428571,-12.196857142857143,0.376,0.7045714285714286,0.0,33.13885714285714,148.02342857142855,56.61571428571428,2.011142857142857
2020-03-12,-5.299714285714286,-0.908,-8.770857142857144,95.81114285714285,-6.207142857142857,1.5002857142857142,2.4505714285714286,0.0,33.308571428571426,103.7277142857143,86.64200000000001,2.8505714285714285
2020-03-13,-4.723714285714286,-1.6591428571428573,-7.629714285714286,94.99257142857144,-5.805142857142857,5.048571428571428,6.4631428571428575,0.0,34.09714285714286,103.11057142857142,96.85514285714285,5.513714285714285
2020-03-14,-11.310285714285715,-6.8754285714285714,-15.040285714285714,92.622,-12.702,0.3917142857142857,0.42857142857142855,0.0,34.63685714285714,180.4102857142857,54.95742857142857,4.313142857142857
2020-03-15,-14.329142857142857,-7.136285714285715,-21.038,91.7217142857143,-15.840571428571428,0.06942857142857144,0.11314285714285714,0.0,33.72571428571429,194.66057142857142,49.545428571428566,2.7785714285714285
2020-03-16,-7.118857142857142,-2.1605714285714286,-11.817428571428572,92.35942857142857,-8.671714285714286,1.392,2.201142857142857,0.0,33.349714285714285,136.03714285714287,81.61371428571428,3.759714285714286
2020-03-17,-7.667428571428572,-3.5462857142857143,-11.054285714285713,93.77485714285714,-8.926571428571428,0.9451428571428571,1.4202857142857144,0.0,34.233714285714285,162.886,73.62742857142857,4.327714285714285
2020-03-18,-11.181142857142856,-5.702285714285714,-16.632571428571428,92.27428571428571,-12.584285714285715,0.10114285714285715,0.18657142857142858,0.0,33.456,175.42085714285713,56.76571428571428,2.3994285714285715
2020-03-19,-8.784285714285714,-4.569999999999999,-12.897428571428572,94.53942857142857,-9.8,1.7474285714285716,2.5628571428571427,0.0,33.399142857142856,142.94085714285714,83.48028571428571,2.4497142857142857
2020-03-20,-10.826285714285715,-4.7294285714285715,-16.923142857142857,96.006,-11.615428571428572,3.3560000000000003,3.6957142857142857,0.0,34.44114285714286,172.03,60.25885714285714,4.732
2020-03-21,-13.533714285714286,-6.201428571428572,-19.607714285714284,90.47142857142858,-15.269714285714286,0.08514285714285715,0.09057142857142857,0.0,34.989428571428576,218.92285714285714,44.469142857142856,2.7311428571428573
2020-03-22,-9.275142857142857,-1.8465714285714285,-15.908,90.688,-11.012285714285715,0.2057142857142857,0.3848571428571429,0.0,34.40228571428571,191.00428571428571,51.01171428571429,3.356
2020-03-23,-3.137142857142857,0.26028571428571434,-6.3108571428571425,95.18085714285714,-4.096285714285714,0.9348571428571428,1.5662857142857143,0.0,34.73085714285714,145.114,79.38114285714286,3.3714285714285714
2020-03-24,-3.512857142857143,1.0294285714285714,-7.95,94.95285714285714,-4.551142857142857,0.8045714285714286,1.160857142857143,0.0,33.392857142857146,169.55371428571428,69.99342857142857,2.1902857142857144
2020-03-25,-3.5274285714285716,0.7674285714285715,-7.9399999999999995,94.39828571428572,-4.588571428571428,2.940857142857143,3.686,0.0,32.49857142857143,143.71571428571428,85.03514285714286,3.9474285714285715
2020-03-26,-6.919714285714286,-0.22999999999999998,-12.708571428571428,93.68285714285715,-8.114571428571429,1.0462857142857143,1.4831428571428573,0.0,31.783714285714286,176.27914285714286,71.24371428571428,2.8282857142857147
2020-03-27,-3.8388571428571434,2.2774285714285716,-8.694857142857142,92.29371428571427,-5.442285714285714,0.5477142857142857,0.8282857142857143,0.0,31.097428571428573,195.70371428571428,56.33942857142857,2.924
2020-03-28,-0.566,3.214,-4.065142857142857,92.16457142857143,-2.009714285714286,0.5185714285714286,0.5831428571428572,0.0,29.130285714285712,189.0797142857143,54.80828571428572,2.9179999999999997
2020-03-29,-0.9377142857142859,3.5114285714285716,-4.493428571428572,93.20714285714286,-2.2374285714285715,3.5945714285714288,2.786,0.8085714285714287,26.74857142857143,150.68857142857144,73.13228571428571,3.942857142857143
2020-03-30,-3.332857142857143,1.462,-7.513428571428572,91.36057142857142,-5.005142857142857,1.2302857142857142,0.7857142857142857,0.4445714285714285,25.681714285714285,189.36742857142858,62.56828571428571,3.7385714285714284
2020-03-31,-2.051428571428571,3.541142857142857,-6.416285714285714,91.31657142857142,-3.782285714285714,0.28,0.23114285714285715,0.04885714285714288,24.335714285714285,191.0137142857143,65.97514285714286,2.803142857142857
2020-04-01,-0.648,3.5428571428571427,-5.150857142857143,90.57828571428573,-2.4602857142857144,0.2382857142857143,0.1662857142857143,0.07200000000000001,23.149714285714285,226.47285714285715,42.332,2.5094285714285713
2020-04-02,-0.2242857142857143,3.6917142857142857,-4.022571428571428,91.19114285714286,-1.8765714285714288,0.53,0.3131428571428571,0.21685714285714291,21.305142857142854,203.4017142857143,49.64771428571429,2.859714285714286
2020-04-03,-0.4634285714285714,3.3722857142857143,-4.317714285714286,92.21885714285713,-1.8774285714285712,2.0342857142857143,1.7400000000000002,0.29428571428571404,20.754,161.16457142857143,71.81457142857144,2.7888571428571427
2020-04-04,-1.104857142857143,3.0245714285714285,-4.621142857142857,89.41142857142857,-3.0054285714285713,2.1274285714285712,2.838,0.0,19.934285714285714,172.64885714285714,76.46542857142857,2.376571428571429
2020-04-05,-1.8994285714285715,2.754857142857143,-6.154571428571429,87.18571428571428,-4.3265714285714285,0.34114285714285714,0.3317142857142857,0.009428571428571453,19.038857142857143,197.48228571428572,70.81914285714286,3.005714285714286
2020-04-06,-1.643142857142857,3.6874285714285713,-6.578285714285714,85.61685714285714,-4.485142857142857,0.15685714285714286,0.17342857142857143,0.0,18.561714285714285,225.05885714285716,46.766,2.398285714285714
2020-04-07,-1.3125714285714285,3.9259999999999997,-5.822,88.83371428571428,-3.4737142857142858,1.7611428571428571,2.1857142857142855,0.0,17.89085714285714,175.65057142857145,67.41371428571429,2.4594285714285715
2020-04-08,-0.47371428571428564,3.084,-3.8777142857142857,91.00800000000001,-2.1065714285714288,1.6688571428571428,1.8397142857142856,0.0,18.15542857142857,144.86228571428572,88.96542857142857,2.54
2020-04-09,-1.9677142857142857,1.0919999999999999,-4.748571428571428,88.52685714285714,-4.027142857142857,1.7545714285714284,2.1845714285714286,0.0,18.771714285714285,187.58457142857142,79.94342857142857,3.827142857142857
2020-04-10,-3.4554285714285715,0.4722857142857143,-6.774285714285714,83.34,-6.420571428571429,0.5594285714285715,0.7108571428571429,0.0,20.024857142857144,205.80914285714286,68.81885714285714,3.9808571428571424
2020-04-11,-2.536,1.9262857142857144,-6.541142857142857,85.33857142857143,-5.210857142857143,0.6908571428571428,1.0297142857142856,0.0,19.980571428571427,203.98399999999998,71.85114285714286,2.7520000000000002
2020-04-12,-1.7271428571428573,2.180285714285714,-5.117714285714285,86.02914285714286,-4.252285714285715,0.62,0.8114285714285714,0.0,19.60457142857143,201.9,78.33828571428572,2.528285714285714
2020-04-13,-3.214857142857143,-0.14028571428571435,-6.313142857142857,88.92,-5.180000000000001,5.925142857142857,6.314571428571428,0.0,17.890571428571427,146.18,90.40685714285713,4.1245714285714286
2020-04-14,-7.280571428571428,-4.247142857142857,-10.005142857142857,81.23085714285715,-10.536,1.252,1.7251428571428573,0.0,19.578857142857142,218.89085714285716,84.69514285714286,4.642571428571429
2020-04-15,-7.669714285714286,-4.2628571428571425,-11.257428571428571,81.72485714285715,-10.857999999999999,0.49314285714285716,0.7154285714285714,0.0,20.75857142857143,230.87685714285712,74.92571428571429,3.4245714285714284
2020-04-16,-6.469142857142857,-2.9402857142857144,-9.589142857142857,82.18285714285715,-9.622285714285713,0.414,0.8814285714285715,0.0,20.579428571428572,220.0037142857143,76.24514285714285,3.608857142857143
2020-04-17,-3.718857142857143,1.737142857142857,-8.395142857142856,83.20114285714286,-6.774857142857143,0.27914285714285714,0.3931428571428571,0.0,19.83,239.94,66.41142857142857,3.1922857142857146
2020-04-18,-1.7505714285714284,3.2014285714285715,-6.558857142857143,85.24314285714286,-4.389714285714286,1.8994285714285715,2.589714285714286,0.0,19.216571428571427,203.29142857142855,78.34742857142857,4.118285714285714
2020-04-19,-5.280571428571428,-0.20771428571428574,-9.092857142857143,79.934,-8.785714285714286,0.7465714285714286,0.7671428571428571,0.0,18.21142857142857,236.5377142857143,69.36428571428571,3.775142857142857
2020-04-20,-4.079428571428571,0.7294285714285714,-8.469999999999999,81.226,-7.518285714285714,1.8648571428571428,3.1354285714285712,0.0,18.042857142857144,212.33542857142857,75.61971428571428,4.087142857142857
2020-04-21,-6.597714285714286,-1.9622857142857144,-10.641714285714285,79.354,-10.210857142857142,1.2234285714285715,2.13,0.0,19.463714285714286,231.47885714285715,73.54914285714285,4.842
2020-04-22,-7.096857142857142,-1.0157142857142856,-12.803142857142857,76.74314285714286,-11.258285714285714,0.18685714285714286,0.284,0.0,19.895142857142854,283.7057142857143,48.78971428571429,3.2317142857142858
2020-04-23,-3.4937142857142858,3.1474285714285712,-8.857142857142858,80.87542857142857,-7.027428571428572,0.4825714285714286,0.7254285714285714,0.0,19.747999999999998,253.286,58.218857142857146,2.313142857142857
2020-04-24,0.5137142857142857,6.1491428571428575,-4.126,82.67028571428571,-2.679142857142857,0.23285714285714287,0.2934285714285714,0.0,18.450285714285712,231.62942857142858,64.49828571428571,2.065714285714286
2020-04-25,1.6348571428571428,7.599714285714286,-3.6225714285714288,80.06742857142858,-2.212857142857143,0.1982857142857143,0.17142857142857143,0.026857142857142857,14.696571428571428,257.21457142857145,58.75,1.988
2020-04-26,2.375714285714286,8.236285714285714,-3.2737142857142856,78.55857142857143,-1.7457142857142858,0.1605714285714286,0.04857142857142857,0.11200000000000002,10.542285714285715,281.9154285714286,31.71114285714286,3.2502857142857144
2020-04-27,3.806,9.732857142857142,-1.3322857142857143,78.98714285714286,-0.20142857142857146,0.986,0.16942857142857143,0.8165714285714285,7.496857142857142,255.38228571428576,44.03514285714286,3.3325714285714287
2020-04-28,3.999142857142857,9.762571428571428,-0.9402857142857142,82.36057142857142,0.7908571428571428,0.41685714285714287,0.31314285714285717,0.1037142857142857,5.637142857142858,211.73999999999998,66.31428571428572,2.415428571428571
2020-04-29,3.613142857142857,9.026857142857143,-1.0868571428571427,82.3742857142857,0.42257142857142843,1.3457142857142859,0.3922857142857143,0.9534285714285715,5.863142857142857,207.69114285714284,75.43285714285715,2.8811428571428572
2020-04-30,5.22,11.523714285714286,0.03571428571428571,82.85971428571429,1.9808571428571429,3.6700000000000004,0.4565714285714286,3.213428571428572,7.066285714285714,201.87199999999999,66.76114285714286,2.7965714285714283
2020-05-01,7.039714285714285,14.221428571428572,0.9725714285714285,78.09514285714286,2.830857142857143,0.5385714285714286,0.031714285714285716,0.5068571428571429,5.014571428571428,243.16342857142854,60.92657142857142,2.5508571428571427
2020-05-02,4.853999999999999,10.095714285714287,0.7457142857142858,83.73028571428571,2.0700000000000003,3.3582857142857145,1.4248571428571428,1.9334285714285717,5.783714285714286,148.65114285714284,86.88285714285715,3.2488571428571427
2020-05-03,2.476857142857143,6.733428571428571,-1.2222857142857144,78.58914285714286,-1.2674285714285713,1.9034285714285715,1.494,0.4094285714285715,10.055428571428571,203.91171428571428,87.17857142857143,3.766
2020-05-04,0.4305714285714286,7.174571428571428,-4.996285714285714,67.98171428571429,-5.534571428571429,0.14914285714285713,0.05057142857142857,0.09857142857142856,10.138285714285713,283.94057142857145,60.47971428571429,2.87
2020-05-05,2.4945714285714287,9.230571428571428,-3.2214285714285715,68.70628571428571,-3.566857142857143,0.3894285714285714,0.20714285714285716,0.18228571428571425,7.38,275.37885714285716,47.86371428571429,2.7551428571428573
2020-05-06,1.7494285714285713,6.473142857142857,-2.6462857142857144,68.566,-4.103714285714285,0.20914285714285716,0.24857142857142855,0.0,6.526285714285714,253.8402857142857,64.2537142857143,3.240285714285714
2020-05-07,-0.9825714285714285,2.724,-4.186571428571429,67.89857142857143,-6.564571428571428,0.884,1.2765714285714285,0.0,10.406285714285715,223.56685714285715,79.66371428571429,3.5417142857142854
2020-05-08,-2.5771428571428574,0.7285714285714285,-5.346571428571428,69.07314285714286,-7.816285714285714,1.3274285714285714,1.8705714285714286,0.0,13.631714285714287,203.7822857142857,90.11457142857144,4.194857142857143
2020-05-09,-1.5637142857142856,2.27,-4.6817142857142855,73.01485714285714,-6.174857142857143,1.4817142857142858,2.0705714285714287,0.0,13.156857142857143,206.3457142857143,89.44885714285715,4.300857142857143
2020-05-10,-1.1077142857142859,2.8245714285714287,-4.314285714285714,72.82542857142857,-5.8594285714285705,0.7565714285714286,1.3034285714285714,0.0,12.581142857142856,225.98371428571429,87.79114285714286,4.582285714285714
2020-05-11,-2.4691428571428573,1.8814285714285712,-6.267428571428572,68.21085714285715,-8.050571428571429,0.4634285714285714,0.6868571428571428,0.0,12.424571428571427,269.67771428571433,66.55485714285714,3.900857142857143
2020-05-12,-0.1308571428571429,6.256,-5.432857142857143,68.85685714285715,-5.972285714285714,0.13657142857142857,0.22857142857142856,0.0,11.088857142857142,294.4382857142857,44.907714285714285,3.183142857142857
2020-05-13,3.8454285714285716,11.366,-2.5925714285714285,69.16142857142857,-2.206571428571429,0.18057142857142858,0.001142857142857143,0.17942857142857144,9.799714285714286,310.91485714285716,27.51,2.7457142857142856
2020-05-14,4.868857142857142,9.869714285714286,0.818,83.65371428571429,2.0565714285714285,2.406285714285714,0.19628571428571429,2.21,7.155714285714286,156.4625714285714,87.37742857142857,2.431142857142857
2020-05-15,6.619142857142857,11.91342857142857,2.4457142857142857,85.432,4.042285714285714,1.9068571428571428,0.19542857142857142,1.7114285714285713,5.277142857142857,158.03885714285713,91.18742857142857,2.290857142857143
2020-05-16,6.8914285714285715,14.157428571428571,0.7371428571428572,74.82428571428571,1.946,0.43600000000000005,0.033999999999999996,0.4020000000000001,4.311999999999999,260.8208571428571,58.272285714285715,1.9394285714285713
2020-05-17,8.919428571428572,16.268285714285714,2.0780000000000003,73.64142857142856,3.835714285714286,0.2957142857142857,0.0017142857142857142,0.294,2.018,277.38342857142857,54.25885714285714,2.734857142857143
2020-05-18,10.902285714285714,17.60457142857143,4.590571428571428,74.61857142857143,5.844857142857142,0.848,0.0014285714285714286,0.8465714285714285,0.5788571428571428,268.56314285714285,66.35885714285715,3.519142857142857
2020-05-19,11.619142857142858,18.686857142857143,5.122285714285714,71.79142857142857,5.928,0.18828571428571428,0.0,0.18828571428571428,0.0,269.584,66.35714285714286,3.491142857142857
2020-05-20,13.509714285714285,21.70542857142857,6.403142857142858,73.44828571428572,8.180857142857143,0.8714285714285714,0.022857142857142857,0.8485714285714285,0.13685714285714287,291.80657142857143,48.09571428571428,3.0185714285714287
2020-05-21,12.448857142857142,19.628285714285713,5.941142857142857,74.27114285714285,7.185428571428571,1.5045714285714284,0.17114285714285715,1.3334285714285712,2.0114285714285716,263.82114285714283,55.516,2.6302857142857143
2020-05-22,11.826571428571429,18.94457142857143,5.300285714285714,73.91685714285715,6.674,1.0985714285714288,0.2382857142857143,0.8602857142857144,3.1425714285714283,244.82685714285716,51.49628571428571,2.3885714285714283
2020-05-23,13.753714285714286,21.37857142857143,7.155714285714287,77.83714285714287,9.38,1.7194285714285715,0.29971428571428566,1.419714285714286,3.0214285714285714,235.92342857142856,66.07457142857143,2.386285714285714
2020-05-24,16.346,22.21142857142857,11.018,83.05428571428571,13.151714285714286,1.9814285714285713,0.0,1.9814285714285713,1.5722857142857143,213.97542857142858,82.63485714285714,2.4337142857142857
2020-05-25,16.449142857142856,22.18542857142857,11.436571428571428,82.36457142857144,12.968285714285713,1.7485714285714287,0.0,1.7485714285714287,0.7708571428571429,240.86942857142859,76.08428571428571,2.091714285714286
2020-05-26,15.267142857142858,20.768857142857144,10.756857142857143,85.81085714285715,12.654,6.195714285714286,0.0,6.195714285714286,0.060000000000000005,176.8897142857143,84.10571428571428,2.297142857142857
2020-05-27,17.221999999999998,23.388,11.947714285714286,83.24485714285714,13.855428571428572,4.397428571428572,0.0,4.397428571428572,0.0,224.5602857142857,75.40942857142856,2.992857142857143
2020-05-28,15.773142857142858,20.579142857142855,11.447714285714286,81.67057142857142,12.23942857142857,3.4939999999999998,0.0,3.4939999999999998,0.34828571428571425,176.68514285714284,77.53457142857143,2.5837142857142856
2020-05-29,9.595714285714287,14.473999999999998,5.9954285714285716,80.16399999999999,6.065714285714286,4.426857142857143,0.31314285714285717,4.113714285714286,2.7728571428571427,140.07028571428572,96.36114285714285,3.535142857142857
2020-05-30,6.381714285714286,10.666,1.9485714285714286,75.44257142857143,1.879142857142857,1.336285714285714,0.10628571428571429,1.2299999999999998,3.626857142857143,203.81542857142858,89.94228571428572,3.226
2020-05-31,7.930000000000001,14.128571428571428,2.1617142857142855,72.4962857142857,2.5614285714285714,0.8237142857142856,0.03628571428571429,0.7874285714285714,3.0625714285714287,263.1505714285714,65.45314285714286,2.4988571428571427
2020-06-01,9.617142857142857,15.879714285714284,4.092285714285714,77.68771428571429,5.477428571428572,1.8571428571428572,0.014857142857142857,1.8422857142857143,2.524,218.784,75.33771428571428,2.5477142857142856
2020-06-02,12.128571428571428,18.024857142857144,7.288285714285714,83.24285714285715,9.015714285714287,3.212,0.0817142857142857,3.1302857142857143,1.9937142857142858,173.88400000000001,81.05514285714285,2.9377142857142857
2020-06-03,12.984285714285713,17.652857142857144,8.52742857142857,81.79714285714286,9.448857142857142,1.663714285714286,0.0008571428571428571,1.662857142857143,1.3091428571428572,198.56685714285715,82.95314285714286,2.263142857142857
2020-06-04,12.497142857142856,18.287142857142857,7.293714285714286,77.91371428571429,8.123714285714286,1.558857142857143,0.06428571428571428,1.4945714285714287,0.8911428571428571,250.77257142857147,59.80085714285715,2.3925714285714283
2020-06-05,11.661428571428571,16.851999999999997,7.018285714285715,78.88228571428571,7.67,1.7551428571428571,0.06971428571428571,1.6854285714285715,1.1888571428571428,203.76999999999998,75.06228571428571,2.4014285714285712
2020-06-06,9.901714285714286,14.889999999999999,4.974857142857143,76.52457142857143,5.386,1.6262857142857143,0.04714285714285714,1.5791428571428572,1.5082857142857142,223.31428571428572,76.8562857142857,2.6405714285714286
2020-06-07,9.369142857142858,14.905428571428573,4.4957142857142856,78.28914285714285,5.329142857142857,3.2037142857142857,0.010571428571428572,3.193142857142857,1.7077142857142855,233.00685714285714,75.50114285714285,2.444571428571429
2020-06-08,11.306571428571429,17.789428571428573,6.179428571428572,80.77514285714285,7.669142857142858,6.057142857142857,0.00028571428571428574,6.056857142857143,1.1214285714285714,170.42285714285714,83.33371428571428,2.6377142857142855
2020-06-09,12.14742857142857,18.154571428571426,7.217428571428572,80.634,8.452857142857141,5.717142857142857,0.0037142857142857142,5.7134285714285715,0.7942857142857143,207.22485714285713,83.47428571428571,2.91
2020-06-10,12.585142857142857,17.374285714285715,9.07,87.75942857142857,10.463142857142856,12.146285714285714,0.42742857142857144,11.718857142857143,1.5002857142857144,107.09514285714286,94.85771428571428,4.132285714285715
2020-06-11,8.697142857142856,13.040857142857144,5.580285714285714,84.24714285714286,5.903714285714286,8.484,2.1674285714285713,6.316571428571429,4.751142857142857,153.4557142857143,93.08,4.87
2020-06-12,7.433142857142858,13.692285714285715,2.8374285714285716,73.84742857142857,2.4662857142857146,1.2805714285714285,0.2488571428571429,1.0317142857142856,6.248285714285714,287.0562857142857,70.906,3.740857142857143
2020-06-13,10.637714285714285,18.12485714285714,3.2439999999999998,67.83085714285714,3.9480000000000004,0.20914285714285716,0.002,0.20714285714285716,4.381714285714286,347.0762857142857,27.272285714285715,2.2125714285714286
2020-06-14,13.312000000000001,20.495428571428572,5.938285714285715,66.84828571428572,6.381142857142858,0.38600000000000007,0.0,0.38600000000000007,0.8691428571428572,322.26428571428573,36.74314285714286,2.660285714285714
2020-06-15,15.316857142857144,22.501714285714286,8.310857142857143,69.948,9.238857142857142,0.6862857142857143,0.0,0.6862857142857143,0.055714285714285716,316.28514285714283,43.108,2.793142857142857
2020-06-16,18.08057142857143,24.965999999999998,11.945714285714287,73.61399999999999,12.599428571428572,3.835714285714286,0.0,3.835714285714286,0.0,288.5797142857143,60.770857142857146,2.729142857142857
2020-06-17,20.155428571428573,26.843999999999998,14.026000000000002,74.24057142857143,14.654285714285713,4.496285714285714,0.0,4.496285714285714,0.08485714285714287,271.74285714285713,59.905142857142856,2.6351428571428572
2020-06-18,18.796285714285716,24.968,13.09457142857143,75.17457142857143,13.582285714285714,9.617714285714285,0.014,9.603714285714286,0.5088571428571429,239.04142857142858,57.419428571428575,2.8245714285714287
2020-06-19,17.18942857142857,22.475142857142856,12.366571428571428,78.31085714285715,12.8,3.3068571428571425,0.0034285714285714284,3.303428571428571,0.66,225.27514285714287,63.93514285714286,2.3202857142857143
2020-06-20,17.369428571428575,23.22942857142857,12.006857142857143,76.24000000000001,12.471714285714285,1.802,0.0,1.802,0.4277142857142857,241.74285714285713,70.45914285714287,1.679142857142857
2020-06-21,16.97657142857143,21.502285714285716,12.79657142857143,81.25399999999999,13.322571428571429,6.120571428571428,0.0,6.120571428571428,0.1414285714285714,185.26028571428571,82.84228571428571,2.3562857142857143
2020-06-22,15.782571428571428,20.54828571428571,11.259714285714285,81.27542857142856,12.155714285714286,2.487142857142857,0.0014285714285714286,2.4857142857142858,0.374,200.17885714285714,80.46714285714286,2.0274285714285716
2020-06-23,14.922857142857142,19.506285714285713,10.802857142857144,81.58771428571428,11.40942857142857,5.348285714285714,0.0,5.348285714285714,0.28914285714285715,210.3422857142857,74.544,2.6174285714285714
2020-06-24,13.622285714285715,18.726285714285712,8.851714285714285,78.5,9.351428571428572,7.553142857142857,0.006285714285714286,7.546857142857143,0.4277142857142857,250.07685714285716,57.80885714285714,3.4451428571428573
2020-06-25,15.778857142857143,21.65657142857143,10.308857142857143,74.27857142857142,10.476571428571429,1.6185714285714285,0.0014285714285714286,1.6171428571428572,0.1754285714285714,257.9705714285714,58.15942857142857,2.8
2020-06-26,17.46485714285714,23.886285714285712,11.839714285714285,77.97571428571429,12.983714285714285,2.366285714285714,0.002285714285714286,2.364,0.192,231.01485714285715,66.13371428571428,2.3274285714285714
2020-06-27,18.812857142857144,24.878,13.335142857142857,78.30085714285715,14.363428571428573,2.4654285714285717,0.0,2.4654285714285717,0.07228571428571429,259.5211428571429,60.94257142857142,2.201714285714286
2020-06-28,20.572857142857142,27.160857142857143,14.044571428571428,74.19828571428572,15.109428571428573,0.432,0.0,0.432,0.0,315.77771428571424,36.958,2.288
2020-06-29,21.96314285714286,28.63457142857143,15.38857142857143,72.88571428571429,16.155142857142856,0.5617142857142857,0.0,0.5617142857142857,0.0,307.23199999999997,32.35,2.121714285714286
2020-06-30,22.060285714285715,27.959714285714288,16.18457142857143,77.94857142857143,17.512,1.7577142857142858,0.0,1.7577142857142858,0.025142857142857144,282.3391428571428,52.07057142857143,1.8577142857142857
2020-07-01,22.430285714285713,28.339714285714287,17.225714285714286,78.45742857142857,17.876285714285714,2.878857142857143,0.0,2.878857142857143,0.05,267.4142857142857,53.93371428571429,2.1354285714285712
2020-07-02,22.072857142857142,28.28257142857143,16.709142857142854,76.68828571428571,17.00857142857143,4.709428571428572,0.0,4.709428571428572,0.16542857142857142,252.62371428571427,61.524571428571434,2.310857142857143
2020-07-03,21.835714285714285,27.526,16.255714285714287,74.08885714285715,16.315142857142856,0.6877142857142857,0.0,0.6877142857142857,0.13514285714285715,288.9522857142857,54.35628571428572,2.0557142857142856
2020-07-04,21.077714285714286,26.72714285714286,15.782,74.95114285714286,15.693999999999999,1.463142857142857,0.0,1.463142857142857,0.0,257.86514285714287,62.22142857142857,2.1154285714285717
2020-07-05,20.39428571428571,25.908285714285714,15.18057142857143,76.21914285714286,15.395142857142858,2.3365714285714287,0.0,2.3365714285714287,0.0,299.686,49.87714285714286,1.8217142857142856
2020-07-06,21.064285714285713,26.61542857142857,16.02857142857143,77.88199999999999,16.43114285714286,2.2762857142857142,0.0,2.2762857142857142,0.0005714285714285715,252.33342857142858,57.952,2.1608571428571426
2020-07-07,21.891714285714286,26.722571428571428,17.21314285714286,75.97914285714286,16.77457142857143,2.368,0.0,2.368,0.0,285.02657142857146,50.379714285714286,2.556
2020-07-08,21.926,27.826285714285714,16.213428571428572,74.74799999999999,16.608571428571427,1.0694285714285714,0.0,1.0694285714285714,0.0,283.5617142857143,38.17257142857143,2.2122857142857146
2020-07-09,22.076857142857143,27.120285714285714,17.465142857142855,79.90942857142856,17.925142857142855,3.512857142857143,0.0,3.512857142857143,0.0,243.544,64.932,2.202
2020-07-10,20.978,25.65085714285714,16.851714285714284,81.73571428571428,17.29,5.485714285714286,0.0,5.485714285714286,0.028,203.06657142857142,76.762,2.523142857142857
2020-07-11,17.39428571428571,21.808,13.860000000000001,82.26685714285715,14.055428571428571,3.494285714285714,0.0,3.494285714285714,0.00028571428571428574,157.43485714285714,88.77742857142857,2.8642857142857143
2020-07-12,16.529999999999998,21.32714285714286,12.217428571428572,78.032,12.260857142857143,0.7879999999999999,0.0005714285714285715,0.7874285714285714,0.08857142857142858,237.40485714285714,61.94828571428572,2.585428571428572
2020-07-13,17.459714285714288,23.38657142857143,12.052285714285714,75.75314285714286,12.604,0.9162857142857143,0.0005714285714285715,0.9157142857142857,0.11171428571428572,266.99657142857143,50.122571428571426,2.4362857142857144
2020-07-14,18.38285714285714,23.244571428571426,13.939714285714285,78.24942857142857,14.096857142857143,4.185714285714286,0.0,4.185714285714286,0.0,211.17885714285714,70.98228571428572,2.8874285714285715
2020-07-15,19.581714285714288,24.652857142857144,14.856285714285715,75.34542857142857,14.569142857142857,3.982,0.0,3.982,0.0,240.15685714285715,67.03657142857143,3.250285714285714
2020-07-16,19.72142857142857,24.192,15.734857142857143,77.55342857142857,15.320285714285715,2.816857142857143,0.0,2.816857142857143,0.0,221.45285714285714,75.592,3.071142857142857
2020-07-17,19.585428571428572,24.86542857142857,14.689142857142857,76.99600000000001,14.813142857142859,2.1637142857142857,0.0,2.1637142857142857,0.0,279.87114285714284,50.87942857142857,2.9537142857142857
2020-07-18,19.945714285714285,25.509714285714285,15.324000000000002,81.62114285714286,16.27714285714286,4.816571428571429,0.0,4.816571428571429,0.0,205.15171428571426,66.67142857142858,2.3614285714285717
2020-07-19,18.455142857142857,23.009714285714285,15.290285714285714,86.61457142857144,15.988857142857142,9.555714285714286,0.0,9.555714285714286,0.0,135.05514285714287,89.28257142857143,3.486285714285714
2020-07-20,15.66257142857143,20.79057142857143,11.458571428571428,78.14028571428571,11.318571428571428,0.9014285714285715,0.0,0.9014285714285715,0.0,219.0037142857143,70.82114285714285,3.3522857142857143
2020-07-21,16.767142857142858,22.50657142857143,11.278571428571428,73.99257142857144,11.538857142857143,0.5765714285714285,0.0,0.5765714285714285,0.0,258.91799999999995,49.71371428571429,1.8285714285714285
2020-07-22,18.444857142857146,24.118285714285715,12.904,74.322,13.174285714285714,1.768,0.0,1.768,0.0,230.13571428571427,64.33314285714285,1.7668571428571427
2020-07-23,19.937714285714286,25.97057142857143,13.692571428571428,72.68057142857144,14.191714285714285,0.5388571428571428,0.0,0.5388571428571428,0.0,280.63742857142853,43.07114285714286,2.1714285714285713
2020-07-24,21.218,28.044,15.001428571428571,73.54142857142857,15.697999999999999,0.37028571428571433,0.0,0.37028571428571433,0.0,272.9574285714286,44.32542857142857,2.4108571428571426
2020-07-25,22.878,28.041428571428572,18.43885714285714,81.61942857142857,19.079142857142855,3.521142857142857,0.0,3.521142857142857,0.0,193.89885714285714,79.01828571428571,2.492857142857143
2020-07-26,23.582,28.67742857142857,19.197142857142858,78.43857142857142,19.075714285714284,2.775142857142857,0.0,2.775142857142857,0.0,242.26285714285717,61.335428571428565,2.781142857142857
2020-07-27,20.920285714285715,24.928571428571427,17.356857142857145,79.24257142857142,16.838,3.5820000000000003,0.0,3.5820000000000003,0.0,207.33914285714286,70.2782857142857,2.9402857142857144
2020-07-28,17.639142857142858,21.47342857142857,14.235714285714286,82.37885714285714,14.13,2.900857142857143,0.0,2.900857142857143,0.0,202.34371428571427,76.07142857142857,2.6534285714285715
2020-07-29,17.511142857142858,22.408285714285714,13.265714285714287,78.83942857142857,13.288,1.0614285714285714,0.0,1.0614285714285714,0.0,231.30542857142856,69.20142857142858,2.5182857142857142
2020-07-30,18.395142857142858,24.56714285714286,12.685428571428572,74.65257142857143,13.056857142857144,0.4714285714285714,0.0,0.4714285714285714,0.0,273.5557142857143,34.88428571428572,1.9294285714285715
2020-07-31,20.03857142857143,26.471714285714285,13.672285714285715,72.204,14.163142857142859,2.214571428571429,0.0,2.214571428571429,0.0,267.82514285714285,22.989714285714285,1.991142857142857
2020-08-01,18.430857142857143,23.40742857142857,13.992571428571429,77.26371428571429,13.841714285714286,2.660285714285714,0.0,2.660285714285714,0.0,214.5337142857143,58.94828571428572,2.3854285714285712
2020-08-02,15.468857142857141,19.672285714285714,11.502571428571429,80.52685714285714,11.781714285714287,3.4268571428571426,0.0,3.4268571428571426,0.0,162.05314285714286,78.03628571428571,2.9957142857142856
2020-08-03,14.481142857142856,19.130285714285716,10.235999999999999,77.80028571428572,10.124857142857143,1.2982857142857143,0.0,1.2982857142857143,0.0,203.77514285714287,64.04057142857143,2.382
2020-08-04,14.977428571428572,20.20885714285714,9.919142857142857,77.906,10.537428571428572,1.3231428571428572,0.0,1.3231428571428572,0.0,213.4494285714286,53.84542857142857,1.7722857142857142
2020-08-05,16.352857142857143,22.119714285714284,10.712,74.47114285714287,11.07542857142857,1.7305714285714286,0.0,1.7305714285714286,0.0,226.356,48.749428571428574,2.4134285714285713
2020-08-06,19.034857142857145,25.673714285714286,13.194857142857142,73.16314285714286,13.458571428571428,0.15114285714285713,0.0,0.15114285714285713,0.0,265.664,34.981142857142856,2.3537142857142856
2020-08-07,20.78857142857143,26.652,15.321714285714286,74.55685714285715,15.493428571428572,0.2902857142857143,0.0,0.2902857142857143,0.0,252.28685714285712,32.76542857142857,2.372
2020-08-08,20.91542857142857,26.004,16.21257142857143,78.30714285714286,16.442857142857143,1.5054285714285713,0.0,1.5054285714285713,0.0,235.61171428571427,48.175714285714285,2.2197142857142858
2020-08-09,20.84285714285714,26.650285714285715,15.555428571428573,75.85257142857144,15.799142857142858,1.5937142857142856,0.0,1.5937142857142856,0.0,222.74371428571428,59.23057142857143,2.4762857142857144
2020-08-10,20.455714285714286,24.69542857142857,16.794571428571427,79.148,16.176857142857145,3.3274285714285714,0.0,3.3274285714285714,0.0,205.91514285714285,66.22114285714285,3.193714285714286
2020-08-11,19.38942857142857,23.638285714285715,15.082571428571429,72.09171428571429,13.644571428571428,1.707142857142857,0.0,1.707142857142857,0.0,221.12942857142858,55.07142857142857,3.6417142857142855
2020-08-12,18.636,24.441714285714287,13.425714285714285,74.42914285714285,13.180285714285715,2.4651428571428573,0.0,2.4651428571428573,0.0,243.14685714285713,38.50942857142857,2.064
2020-08-13,19.453142857142858,26.29657142857143,13.367428571428572,74.17028571428571,14.014000000000001,1.2825714285714287,0.0,1.2825714285714287,0.0,264.9365714285714,26.245428571428572,2.087142857142857
2020-08-14,20.513142857142856,26.14428571428571,15.612285714285713,78.34714285714286,16.057142857142857,3.9954285714285716,0.0,3.9954285714285716,0.0,209.15914285714285,53.62771428571428,2.857142857142857
2020-08-15,19.83028571428571,24.290857142857142,15.615714285714288,77.88057142857143,15.345142857142859,7.975714285714285,0.0,7.975714285714285,0.0,210.82628571428572,56.09057142857143,3.3514285714285714
2020-08-16,17.642857142857142,21.504571428571428,14.101428571428572,81.13199999999999,14.002,3.0691428571428574,0.0,3.0691428571428574,0.0,179.94714285714284,62.93942857142857,2.636
2020-08-17,15.52057142857143,19.367428571428572,12.015142857142857,80.22057142857142,11.703999999999999,2.4817142857142858,0.0,2.4817142857142858,0.0,180.7122857142857,70.31342857142857,2.8
2020-08-18,14.266857142857143,18.80314285714286,10.252571428571429,78.9717142857143,10.263428571428571,0.9194285714285714,0.0,0.9194285714285714,0.0,180.0957142857143,69.63799999999999,2.3294285714285716
2020-08-19,15.03057142857143,20.008285714285712,10.866857142857143,79.3062857142857,11.050285714285714,2.7574285714285716,0.0,2.7574285714285716,0.0,195.13,63.36,1.9868571428571427
2020-08-20,16.059428571428572,21.975142857142856,11.02057142857143,79.35628571428572,12.008857142857144,1.564,0.0,1.564,0.0,180.98542857142857,69.03314285714285,2.0074285714285716
2020-08-21,17.68,23.544571428571427,12.751142857142858,79.47314285714286,13.589428571428572,1.6631428571428573,0.0,1.6631428571428573,0.0,204.53685714285714,57.356,2.0348571428571427
2020-08-22,17.484,22.711714285714283,13.215714285714286,82.08714285714287,13.955428571428572,2.0025714285714287,0.0,2.0025714285714287,0.0,180.20857142857145,66.29,1.9245714285714286
2020-08-23,17.091428571428573,21.792857142857144,13.339714285714285,83.79971428571427,13.951142857142857,2.6685714285714286,0.0,2.6685714285714286,0.0,165.30914285714286,72.60971428571429,1.9348571428571428
2020-08-24,17.569428571428574,22.268571428571427,13.71942857142857,84.05457142857142,14.388,3.9808571428571424,0.0,3.9808571428571424,0.0,153.4625714285714,74.67542857142857,2.4794285714285715
2020-08-25,15.172285714285714,19.30142857142857,11.724857142857143,78.51542857142857,10.987142857142857,0.7611428571428571,0.0,0.7611428571428571,0.0,172.32857142857142,72.13371428571428,2.7528571428571427
2020-08-26,13.715142857142856,18.516571428571428,9.722,80.90171428571428,10.156,3.4082857142857144,0.0,3.4082857142857144,0.0,135.22799999999998,76.55142857142857,2.3365714285714287
2020-08-27,14.470857142857144,18.81942857142857,10.856857142857143,84.62857142857143,11.52657142857143,4.016571428571428,0.0,4.016571428571428,0.0,132.37914285714288,82.09628571428571,2.4985714285714287
2020-08-28,14.402285714285714,19.135428571428573,10.505142857142857,84.414,11.55942857142857,2.8360000000000003,0.0,2.8360000000000003,0.0,135.32771428571428,80.194,1.8859999999999997
2020-08-29,13.778857142857143,17.321142857142856,11.114,85.7217142857143,11.189428571428572,5.889428571428572,0.0,5.889428571428572,0.0,115.73571428571428,90.21971428571429,3.3442857142857143
2020-08-30,12.813428571428572,18.176,8.57942857142857,78.84314285714285,8.71942857142857,0.9094285714285714,0.0,0.9094285714285714,0.0,190.63942857142857,60.82742857142857,2.440571428571429
2020-08-31,13.268857142857144,18.590857142857146,9.039428571428571,81.96,9.882857142857143,6.653428571428572,0.0,6.653428571428572,0.0,156.12057142857142,59.32742857142857,3.138857142857143
2020-09-01,14.675142857142857,19.49085714285714,10.565714285714286,78.07057142857143,10.439714285714285,3.1848571428571426,0.0,3.1848571428571426,0.0,171.1477142857143,74.908,3.466857142857143
2020-09-02,14.849142857142859,18.94514285714286,11.651714285714286,82.32542857142857,11.55,3.826,0.0,3.826,0.0,141.55828571428572,86.93628571428572,3.4988571428571427
2020-09-03,13.202857142857143,16.81942857142857,10.187142857142858,84.60085714285715,10.348857142857142,7.509428571428571,0.0,7.509428571428571,0.0,130.33171428571427,69.07942857142856,3.3874285714285715
2020-09-04,11.561428571428571,15.220857142857144,8.715714285714286,78.92028571428571,7.640285714285715,2.2688571428571427,0.0,2.2688571428571427,0.0,160.2822857142857,71.4902857142857,4.418571428571429
2020-09-05,11.479142857142856,16.056,7.703714285714286,77.56485714285714,7.177714285714286,0.7337142857142857,0.0,0.7337142857142857,0.0,169.92457142857143,58.58085714285714,3.244285714285714
2020-09-06,11.062285714285714,15.26942857142857,7.463428571428572,83.35685714285714,7.913714285714287,7.428857142857143,0.0,7.428857142857143,0.0,126.85942857142857,67.4437142857143,2.8085714285714283
2020-09-07,10.050857142857142,13.512,6.85,80.87857142857143,6.572,8.893714285714285,0.24114285714285713,8.652571428571427,0.678,118.01085714285715,90.4962857142857,5.209714285714286
2020-09-08,8.384571428571428,11.99,5.146000000000001,79.27942857142858,4.646285714285715,1.1757142857142857,0.0,1.1757142857142857,0.557142857142857,128.3042857142857,86.08742857142857,3.01
2020-09-09,8.581142857142856,13.706,4.638285714285715,79.91228571428572,4.928285714285715,0.6765714285714286,0.0008571428571428571,0.6757142857142857,0.6588571428571428,119.98285714285713,85.22114285714287,2.1728571428571426
2020-09-10,9.747142857142856,15.401142857142856,5.542285714285714,79.09485714285715,5.844285714285714,1.436,0.0,1.436,0.3117142857142857,143.718,76.58457142857144,2.826571428571429
2020-09-11,10.805142857142858,17.19857142857143,5.837142857142857,76.85057142857143,6.314857142857143,0.42228571428571426,0.0,0.42228571428571426,0.00028571428571428574,185.87,42.59742857142857,2.3574285714285717
2020-09-12,12.203999999999999,17.239142857142856,8.270857142857144,81.78342857142857,8.899142857142857,1.9394285714285713,0.0,1.9394285714285713,0.0,129.36085714285716,71.72742857142858,3.111142857142857
2020-09-13,11.407428571428571,15.006285714285715,8.567714285714287,83.35085714285714,8.396,3.578857142857143,0.0,3.578857142857143,0.0,117.4102857142857,77.64628571428571,3.8162857142857143
2020-09-14,8.505142857142857,13.612,4.0682857142857145,76.5717142857143,4.093428571428571,0.4342857142857143,0.0,0.4342857142857143,0.0,170.52885714285716,49.263714285714286,2.870857142857143
2020-09-15,8.766857142857143,13.248285714285714,5.422285714285715,84.60971428571429,6.030571428571428,2.6542857142857144,0.006857142857142857,2.6474285714285717,0.14771428571428571,92.23228571428572,85.41942857142857,2.1648571428571426
2020-09-16,9.08,12.19,5.709142857142857,78.65428571428572,4.966571428571429,1.560857142857143,0.024000000000000004,1.536857142857143,1.3428571428571427,135.948,79.23514285714286,4.003428571428572
2020-09-17,5.6568571428571435,10.565142857142856,1.1442857142857141,66.25828571428572,-0.8214285714285714,0.74,0.10914285714285714,0.6308571428571429,1.8705714285714286,179.81657142857142,50.98,3.9262857142857137
2020-09-18,5.054,10.340285714285713,0.24000000000000002,70.51514285714286,-0.6,0.13171428571428573,0.019714285714285712,0.11200000000000002,2.556285714285714,154.46657142857143,64.32085714285715,2.767142857142857
2020-09-19,6.973428571428571,13.65,1.7891428571428571,73.478,1.9382857142857144,0.7274285714285714,0.0008571428571428571,0.7265714285714285,1.676,162.09485714285714,58.940000000000005,2.0014285714285713
2020-09-20,9.850571428571428,16.948857142857143,5.234285714285714,79.12771428571428,5.862571428571428,0.2542857142857143,0.0,0.2542857142857143,0.9122857142857143,163.38771428571428,36.48714285714286,2.8877142857142855
2020-09-21,13.48542857142857,18.93942857142857,9.834857142857144,78.46857142857144,9.354857142857144,0.752,0.0,0.752,0.04857142857142857,137.338,47.60057142857143,3.9097142857142857
2020-09-22,14.069142857142857,18.859428571428573,10.277142857142858,80.2342857142857,10.287714285714285,0.6957142857142856,0.0,0.6957142857142856,0.0,114.54571428571428,69.13228571428571,3.1714285714285713
2020-09-23,12.544857142857143,17.12857142857143,8.663142857142857,81.80657142857143,9.176857142857143,0.9391428571428573,0.0,0.9391428571428573,0.0,121.22628571428572,65.82314285714286,2.568857142857143
2020-09-24,9.947142857142856,15.051142857142857,5.773428571428571,79.19657142857143,6.097428571428571,0.22285714285714286,0.0,0.22285714285714286,0.012857142857142857,117.77657142857144,72.84942857142858,2.070857142857143
2020-09-25,10.932285714285713,16.872,6.959428571428572,85.61800000000001,8.369428571428571,3.3722857142857143,0.0,3.3722857142857143,0.0,91.69228571428572,81.234,2.570857142857143
2020-09-26,14.222,19.836,10.457142857142857,86.69114285714286,11.763714285714286,2.161428571428571,0.0,2.161428571428571,0.0,122.80857142857144,69.028,2.632285714285714
2020-09-27,14.022285714285713,17.455428571428573,11.461142857142857,89.60542857142858,12.238285714285714,6.3345714285714285,0.0,6.3345714285714285,0.0,83.08057142857143,90.984,3.0537142857142854
2020-09-28,11.422857142857143,14.373142857142858,9.087428571428571,90.738,9.843428571428571,3.4451428571428573,0.0,3.4451428571428573,0.0,66.41399999999999,90.23828571428572,2.3914285714285715
2020-09-29,9.593714285714286,11.977142857142857,7.7622857142857145,90.33514285714286,7.916285714285714,5.198857142857143,0.0,5.198857142857143,0.0,75.02485714285714,95.74057142857143,2.7074285714285713
2020-09-30,7.984857142857144,10.314,6.303428571428571,90.16371428571429,6.373428571428572,3.8294285714285716,0.0,3.8294285714285716,0.0,79.61171428571429,95.50285714285714,2.920857142857143
2020-10-01,5.261142857142858,7.676285714285715,3.1385714285714283,82.31142857142858,2.245142857142857,1.7488571428571429,0.09257142857142858,1.6562857142857144,2.3497142857142856,98.96485714285714,91.606,3.8011428571428567
2020-10-02,3.2922857142857143,6.762,0.7411428571428571,81.03228571428572,0.032571428571428515,0.7914285714285714,0.08571428571428572,0.7057142857142856,5.3351428571428565,83.57342857142858,95.87542857142857,2.128
2020-10-03,2.939142857142857,6.5202857142857145,0.007714285714285718,78.78028571428571,-0.7108571428571429,0.5448571428571428,0.2608571428571429,0.2839999999999999,4.878857142857143,83.82971428571429,95.79771428571429,1.538
2020-10-04,3.3825714285714286,7.831428571428572,-0.10399999999999997,79.73314285714285,-0.13028571428571425,0.8702857142857143,0.06914285714285714,0.8011428571428572,4.287714285714285,94.01828571428571,87.54228571428571,2.325714285714286
2020-10-05,6.956285714285714,11.688285714285714,3.5874285714285716,82.52657142857143,3.917142857142857,2.9014285714285712,0.0,2.9014285714285712,2.8722857142857143,77.88371428571428,90.84428571428572,3.6417142857142855
2020-10-06,8.04257142857143,11.586,5.284285714285714,85.13342857142857,5.493142857142857,2.2022857142857144,0.2945714285714286,1.907714285714286,2.5874285714285716,74.94771428571428,86.39142857142856,3.583142857142857
2020-10-07,5.46,8.38942857142857,2.6051428571428574,84.09342857142857,2.7077142857142857,1.7577142857142858,0.026857142857142857,1.7308571428571429,4.2382857142857135,90.9497142857143,88.06228571428571,3.4094285714285713
2020-10-08,3.6197142857142857,8.066571428571429,0.033714285714285704,79.80142857142857,0.010857142857142829,0.35571428571428576,0.05742857142857142,0.2982857142857143,4.898285714285715,102.21428571428571,71.61257142857143,2.7625714285714285
2020-10-09,4.435142857142857,9.291428571428572,0.8097142857142858,85.96085714285715,2.0479999999999996,3.2939999999999996,2.2594285714285713,1.0345714285714283,6.4637142857142855,61.96857142857143,81.58285714285715,2.6488571428571426
2020-10-10,5.55,9.26142857142857,1.6331428571428572,81.7282857142857,2.326857142857143,1.0628571428571427,0.5468571428571428,0.5159999999999999,7.884285714285714,88.49142857142857,76.84971428571428,3.642857142857143
2020-10-11,3.3851428571428572,9.644857142857143,-0.8737142857142858,80.10114285714286,-0.16742857142857145,0.21428571428571427,0.11657142857142858,0.0977142857142857,8.073714285714285,120.82257142857142,45.82571428571429,3.404857142857143
2020-10-12,6.849142857142857,12.210285714285714,3.268,85.32914285714286,4.345428571428571,6.672571428571429,0.0005714285714285715,6.672,7.1259999999999994,80.62657142857142,61.378571428571426,4.182285714285714
2020-10-13,7.318857142857143,11.38857142857143,3.790857142857143,82.84885714285714,4.232285714285714,4.371142857142857,0.04028571428571429,4.330857142857143,5.85,107.38342857142857,62.30028571428572,3.666857142857143
2020-10-14,5.474571428571429,9.337428571428571,2.222,80.95542857142857,2.1091428571428574,2.285142857142857,0.054571428571428576,2.2305714285714284,5.246285714285714,101.15885714285714,70.302,2.966857142857143
2020-10-15,3.3165714285714287,6.199142857142857,0.2988571428571429,79.97914285714286,-0.050285714285714406,4.725428571428571,0.4774285714285715,4.247999999999999,9.352285714285713,58.47371428571429,95.38571428571429,3.824571428571429
2020-10-16,0.6057142857142858,3.520285714285714,-2.0957142857142856,77.316,-3.2794285714285714,1.0337142857142858,0.3231428571428572,0.7105714285714286,12.969714285714284,93.71342857142857,83.68314285714285,2.811714285714286
2020-10-17,0.8551428571428571,4.516285714285714,-1.6334285714285715,78.29514285714285,-2.8648571428571428,0.8514285714285714,0.574,0.27742857142857147,12.63742857142857,87.59971428571428,79.41428571428571,2.3894285714285712
2020-10-18,1.6288571428571428,4.094285714285714,-0.8148571428571427,81.6317142857143,-1.4757142857142858,2.8897142857142857,1.5974285714285714,1.2922857142857143,13.261142857142858,56.925714285714285,93.55028571428572,3.0891428571428574
2020-10-19,0.1708571428571428,3.2302857142857144,-2.121142857142857,82.53028571428571,-2.7174285714285715,0.6697142857142857,0.3422857142857143,0.3274285714285714,13.961714285714285,71.39828571428572,87.56142857142858,2.242
2020-10-20,-0.1662857142857143,3.765714285714286,-3.170857142857143,80.24371428571429,-3.543428571428571,0.7197142857142858,0.16285714285714287,0.5568571428571429,14.181999999999999,85.83714285714287,80.93771428571429,2.0945714285714288
2020-10-21,0.7882857142857143,4.017142857142857,-1.664857142857143,86.94371428571428,-1.3257142857142858,3.416,2.7725714285714282,0.6434285714285717,14.552285714285713,54.80542857142857,95.84771428571429,2.336
2020-10-22,0.804,4.0925714285714285,-1.604857142857143,88.88142857142857,-1.0225714285714285,0.8074285714285714,0.49828571428571433,0.30914285714285705,14.359142857142855,60.734,91.15342857142856,1.9508571428571428
2020-10-23,0.7811428571428572,3.992857142857143,-2.0931428571428574,85.338,-1.6651428571428573,3.7462857142857144,4.2054285714285715,0.0,14.392571428571427,63.51542857142857,84.81857142857143,2.8945714285714286
2020-10-24,-1.9017142857142857,1.5965714285714288,-4.940571428571429,80.25114285714285,-5.248,0.9597142857142859,0.766,0.19371428571428584,14.624571428571427,71.27514285714285,88.0277142857143,3.094
2020-10-25,-3.137142857142857,-0.14571428571428574,-5.772,76.09171428571429,-7.162285714285715,0.3182857142857143,0.3425714285714286,0.0,14.669142857142855,65.10342857142857,85.85428571428572,2.322
2020-10-26,-2.9882857142857144,-0.4751428571428572,-5.266285714285714,79.434,-6.3665714285714285,0.970857142857143,1.457142857142857,0.0,15.494571428571428,57.53371428571429,91.24571428571429,2.4197142857142855
2020-10-27,-3.531142857142857,-0.36571428571428566,-6.202857142857143,80.58314285714285,-6.6574285714285715,0.5397142857142857,0.5357142857142857,0.0040000000000000036,15.776571428571428,56.318285714285715,87.56714285714285,3.140285714285714
2020-10-28,-1.9342857142857144,0.5845714285714286,-4.369142857142857,84.18485714285714,-4.541428571428571,0.9377142857142857,1.138,0.0,15.551142857142857,53.69771428571429,92.54057142857143,3.398285714285714
2020-10-29,-5.885142857142857,-1.5665714285714287,-9.752285714285714,78.92657142857142,-9.300285714285714,0.3337142857142857,0.09371428571428571,0.24,15.468857142857141,85.06371428571428,61.89942857142857,2.8934285714285712
2020-10-30,-6.354285714285713,-0.3605714285714286,-10.388,80.61457142857144,-9.615428571428572,0.2317142857142857,0.1182857142857143,0.1134285714285714,16.566,79.82571428571428,61.482,2.603142857142857
2020-10-31,-2.444571428571429,2.2399999999999998,-6.078571428571428,86.03914285714285,-4.834285714285714,4.160571428571429,5.145428571428572,0.0,16.172,47.99142857142857,78.00485714285715,3.6679999999999997
2020-11-01,-2.313142857142857,0.87,-5.796,84.64228571428572,-4.8262857142857145,3.874,3.21,0.6640000000000001,15.907428571428571,55.226,88.546,5.419714285714286
2020-11-02,-3.8154285714285714,0.8594285714285714,-7.980857142857142,82.35914285714286,-6.767142857142857,1.27,1.398,0.0,16.959142857142854,48.995428571428576,88.99514285714285,4.27
2020-11-03,-2.478,1.465142857142857,-5.159142857142857,85.33485714285713,-4.976571428571429,1.0991428571428572,1.4182857142857144,0.0,16.479714285714284,50.264857142857146,82.73857142857143,2.86
2020-11-04,-0.03571428571428574,4.9951428571428576,-3.2694285714285716,93.55371428571429,-1.1385714285714286,0.3742857142857143,0.38742857142857146,0.0,16.36228571428571,61.55942857142857,67.58371428571428,2.5851428571428574
2020-11-05,1.9657142857142855,4.739714285714285,-0.7140000000000001,94.24057142857143,1.0025714285714287,0.686,0.6688571428571428,0.017142857142857237,15.329999999999998,61.617714285714285,67.50571428571428,3.082857142857143
2020-11-06,1.7022857142857142,5.954,-1.4637142857142855,93.606,0.5522857142857143,2.017714285714286,2.788,0.0,14.464857142857142,48.270857142857146,89.8682857142857,2.7345714285714284
2020-11-07,0.6328571428571428,4.322571428571428,-1.786,92.83028571428571,-0.6788571428571428,0.474,0.49114285714285716,0.0,12.68342857142857,51.88228571428571,85.60514285714285,2.4085714285714284
2020-11-08,3.246,8.076,-0.13171428571428576,93.69942857142857,2.0625714285714287,1.2114285714285713,1.5042857142857142,0.0,11.817142857142857,56.51914285714286,70.71628571428572,2.4225714285714286
2020-11-09,6.744857142857143,11.313142857142857,2.789142857142857,92.46457142857143,5.456,3.0865714285714287,1.3242857142857143,1.7622857142857145,11.095142857142857,45.742285714285714,67.37371428571429,3.1108571428571428
2020-11-10,2.7574285714285716,7.5440000000000005,-1.3642857142857143,86.21142857142857,0.42085714285714304,2.376857142857143,0.9,1.4768571428571429,10.878285714285715,42.51171428571429,80.54514285714285,3.188285714285714
2020-11-11,-1.1082857142857143,2.9234285714285715,-4.685714285714286,83.472,-3.951142857142857,3.1894285714285715,2.5891428571428574,0.6002857142857141,13.254571428571428,52.01257142857143,72.95800000000001,3.274
2020-11-12,-3.1925714285714286,0.09428571428571421,-5.616,87.56657142857142,-5.433714285714286,0.802,1.03,0.0,14.266285714285715,52.77542857142858,80.05885714285714,2.305428571428571
2020-11-13,-4.929428571428572,-1.9002857142857144,-8.038,86.89657142857143,-7.126857142857143,0.8765714285714286,0.5548571428571428,0.32171428571428573,13.799714285714284,42.628,86.94257142857144,2.466
2020-11-14,-4.753714285714286,0.37999999999999995,-8.466571428571427,87.95971428571428,-6.8911428571428575,0.10457142857142858,0.1437142857142857,0.0,14.851142857142856,58.91857142857143,66.51342857142856,3.042
2020-11-15,-0.9974285714285716,1.6308571428571428,-3.781428571428571,92.14971428571428,-2.3214285714285716,6.690571428571429,5.753142857142858,0.9374285714285717,15.069142857142856,14.822571428571427,95.96428571428571,4.232285714285714
2020-11-16,-5.62,-1.863142857142857,-9.055142857142858,85.59514285714286,-8.066285714285714,2.1585714285714284,1.7674285714285713,0.391142857142857,15.266571428571426,41.07828571428571,86.91514285714287,5.674571428571429
2020-11-17,-9.925714285714285,-6.774571428571428,-12.518285714285714,83.794,-12.56,0.5354285714285715,0.2868571428571428,0.24857142857142867,17.57257142857143,36.50685714285714,85.26428571428572,4.323428571428571
2020-11-18,-10.129142857142856,-4.846,-14.132,84.16371428571429,-12.717142857142857,0.6874285714285714,0.882,0.0,17.73142857142857,38.62714285714286,85.84114285714286,3.0157142857142856
2020-11-19,-2.6599999999999997,0.614857142857143,-6.515142857142857,91.17,-4.296285714285714,1.1322857142857143,1.5188571428571427,0.0,16.728285714285715,33.87685714285715,94.116,3.7119999999999997
2020-11-20,-3.174857142857143,-0.6985714285714285,-5.563714285714285,89.17485714285714,-5.134857142857143,1.0702857142857143,1.1934285714285715,0.0,16.538285714285713,31.784857142857145,90.36685714285714,3.507428571428571
2020-11-21,-7.3668571428571425,-3.189714285714286,-10.763142857142856,86.04828571428571,-9.751142857142858,0.16542857142857142,0.1722857142857143,0.0,16.65885714285714,39.233428571428576,77.682,2.930571428571428
2020-11-22,-6.301142857142857,-2.7834285714285714,-9.709428571428571,91.18257142857142,-7.897142857142857,1.1151428571428572,2.020285714285714,0.0,17.25542857142857,29.15085714285714,88.196,2.7785714285714285
2020-11-23,-9.551142857142858,-5.025428571428571,-13.396,88.81457142857144,-11.326285714285715,1.3902857142857141,1.7105714285714286,0.0,18.075714285714284,34.07371428571428,88.53028571428571,3.0154285714285716
2020-11-24,-10.835428571428572,-5.940285714285714,-14.883142857142856,88.61342857142857,-12.692,1.0202857142857142,1.2245714285714286,0.0,18.06114285714286,37.89714285714286,82.21114285714286,2.6414285714285715
2020-11-25,-5.309428571428572,-2.213142857142857,-8.557142857142857,94.486,-6.359714285714285,1.804,2.1457142857142855,0.0,18.686,25.625999999999998,94.32828571428571,2.4945714285714287
2020-11-26,-2.309428571428571,0.4828571428571428,-5.1414285714285715,96.56914285714286,-3.015428571428571,1.378,1.201142857142857,0.17685714285714282,18.783714285714286,17.68457142857143,96.28885714285714,3.0974285714285714
2020-11-27,-4.015142857142857,-1.0728571428571427,-7.374,93.634,-5.177142857142857,0.4485714285714286,0.5888571428571429,0.0,18.881714285714285,26.962857142857143,91.15171428571428,3.1157142857142857
2020-11-28,-4.235428571428572,-1.3211428571428572,-6.899714285714286,93.50028571428572,-5.491714285714286,0.7148571428571429,1.0177142857142856,0.0,18.791142857142855,33.100857142857144,88.18257142857142,2.785142857142857
2020-11-29,-5.665714285714286,-2.392571428571429,-8.788,93.66571428571429,-6.884571428571429,1.0194285714285714,1.544857142857143,0.0,18.819142857142857,33.15342857142858,86.35057142857143,2.675142857142857
2020-11-30,-8.529714285714286,-5.260857142857143,-11.298,93.22371428571428,-9.718285714285713,1.0057142857142858,0.77,0.23571428571428577,18.65057142857143,31.633428571428574,81.57857142857142,2.9614285714285717
2020-12-01,-9.698857142857142,-5.714857142857143,-12.192571428571428,93.30828571428572,-10.912285714285714,1.0279999999999998,2.0394285714285716,0.0,18.981142857142856,43.510285714285715,60.17285714285715,3.7154285714285713
2020-12-02,-8.51142857142857,-4.233428571428571,-11.449142857142858,92.55,-9.90457142857143,0.3048571428571429,0.55,0.0,18.95542857142857,43.056000000000004,55.855714285714285,3.6514285714285712
2020-12-03,-5.649714285714286,-2.8134285714285716,-7.946285714285715,94.522,-6.797714285714285,0.3425714285714286,0.5131428571428571,0.0,18.93342857142857,30.636,80.35085714285715,3.5414285714285714
2020-12-04,-6.500571428571429,-4.248285714285714,-8.780285714285714,93.63142857142857,-7.726857142857143,0.5888571428571429,0.5817142857142857,0.0071428571428571175,18.97142857142857,26.18342857142857,83.60685714285714,3.156285714285714
2020-12-05,-9.09,-5.476,-11.746857142857143,94.22314285714286,-10.232,0.2337142857142857,0.316,0.0,18.951714285714285,42.33371428571429,59.01085714285715,2.3674285714285714
2020-12-06,-8.77057142857143,-5.568285714285714,-10.958857142857143,93.89228571428572,-9.939142857142857,0.6245714285714286,0.6822857142857143,0.0,19.02914285714286,35.65257142857143,68.27628571428572,2.054
2020-12-07,-8.763428571428571,-4.482285714285714,-11.554857142857143,93.67742857142858,-9.968857142857143,0.18914285714285714,0.168,0.02114285714285713,19.034571428571425,33.46514285714286,81.32114285714285,2.3480000000000003
2020-12-08,-5.246285714285714,-1.160857142857143,-8.560857142857143,95.49285714285715,-6.2,1.044857142857143,1.5217142857142856,0.0,19.203714285714284,29.722285714285714,84.41428571428571,3.038
2020-12-09,-2.1497142857142855,0.04314285714285715,-4.051714285714286,96.12685714285715,-2.8945714285714286,0.8042857142857143,0.908,0.0,19.518857142857144,25.01,87.83914285714286,3.2454285714285716
2020-12-10,-4.386,-1.4834285714285715,-7.747714285714286,96.49314285714286,-5.152571428571429,1.298857142857143,1.46,0.0,19.516,24.09742857142857,87.53971428571428,2.462857142857143
2020-12-11,-9.634,-5.377142857142857,-13.327714285714286,94.196,-10.57457142857143,0.2717142857142857,0.42828571428571427,0.0,19.491714285714288,30.197714285714287,77.702,2.5262857142857142
2020-12-12,-12.281714285714287,-9.286,-14.448,94.49285714285715,-13.177142857142856,1.5322857142857143,1.9537142857142855,0.0,19.462,29.38,69.18028571428572,2.8297142857142856
2020-12-13,-13.070285714285715,-9.300857142857142,-15.945428571428572,94.47571428571429,-14.031428571428572,0.7771428571428571,0.728,0.049142857142857155,19.348285714285712,31.300571428571427,79.87885714285714,2.986
2020-12-14,-14.185428571428572,-9.980571428571428,-17.611714285714285,91.44771428571428,-15.507142857142858,1.0268571428571427,1.247142857142857,0.0,19.557142857142857,33.601142857142854,80.03457142857143,3.805142857142857
2020-12-15,-19.43542857142857,-15.628285714285715,-22.325142857142858,88.306,-21.047428571428572,0.25657142857142856,0.26999999999999996,0.0,19.619999999999997,47.279714285714284,55.002857142857145,3.156285714285714
2020-12-16,-15.993428571428572,-10.473999999999998,-20.283142857142856,91.15485714285714,-17.364285714285714,0.9325714285714286,0.9720000000000001,0.0,19.558857142857143,32.80914285714285,85.738,3.012
2020-12-17,-10.991428571428571,-7.063142857142857,-14.116571428571428,92.53514285714286,-12.314571428571428,0.6094285714285714,0.708857142857143,0.0,19.85085714285714,34.983714285714285,76.35257142857144,2.9931428571428573
2020-12-18,-8.885714285714286,-3.680571428571428,-13.875428571428571,92.93028571428572,-10.218285714285713,1.2605714285714285,1.4045714285714286,0.0,19.89257142857143,34.696,74.00314285714286,3.45
2020-12-19,-10.860285714285714,-4.304857142857143,-15.668571428571427,93.78828571428572,-11.879142857142856,1.0297142857142856,1.382,0.0,20.091714285714282,27.168,78.62114285714286,3.7622857142857145
2020-12-20,-7.979714285714286,-3.908571428571429,-12.589142857142857,96.30914285714286,-8.728285714285715,1.7305714285714286,2.0780000000000003,0.0,20.521714285714285,22.357142857142858,94.76028571428571,3.8065714285714285
2020-12-21,-13.02657142857143,-8.851142857142857,-16.58,94.08485714285713,-13.958285714285715,0.47285714285714286,0.45714285714285713,0.015714285714285736,20.67342857142857,26.349714285714285,86.11200000000001,2.6274285714285712
2020-12-22,-14.256285714285715,-10.24,-17.74657142857143,94.33085714285714,-15.178857142857142,0.5751428571428571,0.53,0.04514285714285704,20.703714285714284,28.056285714285714,82.80257142857143,2.4988571428571427
2020-12-23,-13.389142857142858,-9.360000000000001,-17.780857142857144,95.10971428571429,-14.258857142857144,5.312285714285714,6.854857142857142,0.0,21.144,23.93342857142857,91.44942857142857,3.4994285714285716
2020-12-24,-14.765714285714285,-11.504,-18.536,95.55314285714286,-15.437428571428569,4.147142857142858,3.9205714285714284,0.2265714285714293,23.14542857142857,28.119714285714288,78.2282857142857,4.7542857142857144
2020-12-25,-17.496285714285715,-12.583428571428572,-22.750857142857143,94.68857142857142,-18.29,1.8885714285714283,3.331428571428572,0.0,23.531714285714287,25.929142857142857,71.16085714285714,3.1254285714285714
2020-12-26,-15.196285714285715,-12.665142857142857,-17.616,94.32457142857143,-16.165714285714287,0.7414285714285714,1.0591428571428572,0.0,23.531428571428574,31.526857142857143,77.37971428571429,3.5042857142857144
2020-12-27,-16.52885714285714,-12.687999999999999,-19.91857142857143,95.47428571428571,-17.306285714285714,0.2134285714285714,0.2337142857142857,0.0,23.378,31.912000000000003,74.48457142857143,3.0565714285714285
2020-12-28,-17.473142857142857,-13.670571428571428,-21.688285714285715,96.046,-18.078285714285716,1.0945714285714285,1.4365714285714286,0.0,23.272,38.80542857142857,59.493142857142864,3.9465714285714286
2020-12-29,-15.766857142857143,-10.107714285714286,-19.87685714285714,93.78742857142856,-16.788857142857143,0.238,0.33314285714285713,0.0,23.125714285714285,44.005428571428574,61.53942857142857,3.7788571428571425
2020-12-30,-10.696285714285715,-7.462285714285715,-14.501142857142858,96.74057142857143,-11.508571428571429,2.373142857142857,3.1679999999999997,0.0,23.338857142857144,24.394857142857145,91.98914285714285,2.990857142857143
2020-12-31,-12.097142857142858,-7.644571428571429,-15.976857142857144,95.35085714285715,-13.076571428571429,0.4337142857142857,0.44628571428571434,0.0,23.63942857142857,30.719428571428573,85.35342857142857,3.1982857142857144
2021-01-01,-10.217142857142857,-7.135142857142857,-13.528857142857143,96.37599999999999,-11.089142857142857,0.32971428571428574,0.7782857142857142,0.0,23.530285714285714,27.019142857142857,89.87400000000001,2.3019999999999996
2021-01-02,-9.03657142857143,-5.008,-12.647142857142859,97.66657142857143,-9.73542857142857,1.2157142857142855,2.064,0.0,23.492857142857144,24.78685714285714,92.27742857142857,2.436
2021-01-03,-5.398285714285715,-3.016285714285714,-8.14257142857143,97.98942857142858,-6.019142857142858,1.0562857142857143,1.364,0.0,23.673142857142857,24.508857142857142,89.14485714285715,2.6719999999999997
2021-01-04,-3.9720000000000004,-1.476,-6.534,97.44057142857143,-4.630571428571429,0.9305714285714286,1.344,0.0,23.739428571428572,20.299714285714288,92.29714285714286,3.0317142857142856
2021-01-05,-8.074000000000002,-3.4834285714285715,-11.981428571428571,96.6502857142857,-8.835142857142857,0.34400000000000003,0.42114285714285715,0.0,23.614571428571427,26.333142857142857,90.44171428571428,2.218
2021-01-06,-12.102857142857143,-7.352571428571427,-16.173714285714286,97.23771428571429,-12.745142857142858,0.08057142857142857,0.13542857142857143,0.0,23.450857142857142,27.416285714285717,85.77542857142856,2.4017142857142857
2021-01-07,-10.72257142857143,-6.384,-14.012285714285715,97.12628571428571,-11.450571428571427,0.07342857142857143,0.1437142857142857,0.0,23.28085714285714,44.10142857142857,74.38371428571428,2.9931428571428573
2021-01-08,-9.703142857142858,-5.457428571428571,-13.030857142857142,97.21171428571428,-10.462,0.06714285714285714,0.1385714285714286,0.0,23.098285714285716,44.42714285714286,60.50314285714286,2.7605714285714287
2021-01-09,-9.555428571428571,-5.579428571428571,-12.648,96.07342857142858,-10.55257142857143,0.08971428571428572,0.2017142857142857,0.0,22.94742857142857,34.332857142857144,80.82514285714286,2.426285714285714
2021-01-10,-10.133142857142857,-6.2625714285714285,-13.028,97.674,-10.841142857142858,0.126,0.238,0.0,22.822285714285712,32.94342857142857,87.95485714285715,2.484
2021-01-11,-6.9871428571428575,-4.260857142857143,-9.486857142857144,97.338,-7.760857142857143,0.236,0.46399999999999997,0.0,22.706857142857142,23.59342857142857,91.75514285714286,2.8302857142857145
2021-01-12,-7.094571428571428,-3.6202857142857146,-9.739142857142857,97.42142857142858,-7.862571428571428,0.25371428571428567,0.46799999999999997,0.0,22.585428571428572,27.647714285714283,84.6242857142857,2.7762857142857142
2021-01-13,-4.959714285714286,-2.4497142857142857,-7.556571428571429,97.90057142857142,-5.610857142857142,0.8837142857142857,1.4437142857142857,0.0,22.763714285714286,23.34742857142857,90.26314285714285,2.658857142857143
2021-01-14,-5.607714285714286,-1.9617142857142855,-8.811428571428571,97.42114285714285,-6.315142857142857,0.31,0.492,0.0,22.77885714285714,24.88057142857143,93.10571428571428,2.3574285714285717
2021-01-15,-5.564571428571428,-2.6648571428571426,-8.798571428571428,98.19714285714286,-6.185428571428572,0.6208571428571429,0.8497142857142856,0.0,22.784,26.148857142857143,90.30914285714286,3.0051428571428573
2021-01-16,-9.405714285714286,-5.9148571428571435,-12.044285714285715,97.74257142857144,-10.045428571428573,0.8797142857142857,1.2274285714285715,0.0,22.85742857142857,34.07028571428572,86.32028571428572,2.612857142857143
2021-01-17,-12.833714285714287,-9.416571428571428,-16.398285714285713,96.95542857142857,-13.516857142857143,0.8485714285714285,1.0554285714285714,0.0,22.88457142857143,45.764857142857146,74.95257142857143,2.8174285714285716
2021-01-18,-16.36228571428571,-12.63,-19.35085714285714,95.45742857142858,-17.172285714285714,0.6357142857142857,0.9294285714285715,0.0,23.075142857142858,49.57,74.69428571428573,2.329714285714286
2021-01-19,-18.445714285714285,-15.327428571428573,-21.423714285714286,95.53342857142857,-19.162857142857145,0.5554285714285715,0.9634285714285714,0.0,23.216571428571427,48.31114285714286,76.25800000000001,2.9097142857142857
2021-01-20,-17.512857142857143,-10.355714285714285,-22.708,95.43057142857144,-18.27057142857143,1.9962857142857144,2.904,0.0,23.47142857142857,46.29257142857143,78.4722857142857,3.664285714285714
2021-01-21,-11.529428571428571,-6.8668571428571425,-16.336285714285715,96.468,-12.295142857142856,2.286,3.31,0.0,24.818285714285715,41.03057142857143,89.16828571428572,4.7291428571428575
2021-01-22,-17.754285714285714,-13.319714285714285,-22.379142857142856,96.08085714285714,-18.38657142857143,0.45742857142857146,0.6657142857142857,0.0,25.15,52.568,77.89571428571428,3.532857142857143
2021-01-23,-19.93457142857143,-15.274000000000001,-23.866857142857143,95.58942857142857,-20.60085714285714,0.17914285714285713,0.2674285714285714,0.0,25.085714285714285,60.03371428571428,67.15971428571429,2.5
2021-01-24,-18.382285714285715,-13.456,-22.88057142857143,96.36428571428571,-19.00057142857143,1.216,1.5862857142857143,0.0,25.29,57.88371428571429,64.98885714285714,2.404
2021-01-25,-18.07542857142857,-13.780857142857142,-21.804285714285715,96.62657142857142,-18.664285714285715,0.41028571428571425,0.5117142857142857,0.0,25.586285714285715,56.534,69.85028571428572,2.206857142857143
2021-01-26,-19.755714285714287,-15.855714285714287,-22.97085714285714,97.36857142857143,-20.154857142857143,0.35,0.9777142857142856,0.0,25.53457142857143,56.292,76.1782857142857,2.5714285714285716
2021-01-27,-20.434857142857144,-16.95,-23.908571428571427,96.83114285714286,-20.912285714285712,0.4042857142857143,0.5071428571428571,0.0,25.499714285714287,67.39771428571429,64.65685714285713,2.9474285714285715
2021-01-28,-20.830857142857145,-16.050857142857144,-24.533714285714286,96.42714285714285,-21.310285714285715,0.236,0.408,0.0,25.483714285714285,70.174,55.826,3.562
2021-01-29,-19.46742857142857,-15.265142857142857,-22.929714285714283,96.5037142857143,-19.98057142857143,0.1937142857142857,0.22114285714285714,0.0,25.398285714285713,71.27742857142857,56.656,3.0254285714285714
2021-01-30,-17.086,-11.028,-21.251142857142856,96.35628571428572,-17.732285714285712,0.2662857142857143,0.34828571428571425,0.0,25.279999999999998,72.52371428571428,61.78000000000001,2.1154285714285717
2021-01-31,-14.657428571428571,-10.738,-17.64114285714286,96.80342857142857,-15.314857142857143,0.7702857142857144,0.9620000000000001,0.0,25.439999999999998,73.89228571428572,65.47,2.5228571428571427
2021-02-01,-14.347428571428573,-9.598571428571429,-17.928571428571427,96.55428571428571,-15.097428571428571,0.28314285714285714,0.46085714285714285,0.0,25.53514285714286,73.20028571428573,61.505714285714284,2.4854285714285713
2021-02-02,-14.28857142857143,-8.886,-18.530285714285714,96.87142857142857,-14.948857142857143,0.2902857142857143,0.18828571428571428,0.10200000000000004,25.421714285714284,72.07171428571428,70.72971428571428,2.833142857142857
2021-02-03,-10.456857142857142,-4.97,-14.536857142857144,96.53857142857143,-11.304857142857143,0.6088571428571429,0.8088571428571429,0.0,25.364285714285714,72.26914285714285,69.23942857142858,3.5597142857142856
2021-02-04,-7.570285714285713,-2.913142857142857,-11.928571428571429,96.23057142857144,-8.515714285714287,2.222,3.218,0.0,25.77885714285714,61.14114285714286,79.9437142857143,3.0357142857142856
2021-02-05,-10.929428571428572,-6.194,-14.706000000000001,96.51942857142856,-11.651714285714286,3.8800000000000003,5.454857142857143,0.0,27.24657142857143,49.50485714285715,94.40257142857143,4.882000000000001
2021-02-06,-17.786,-13.62742857142857,-20.720285714285716,95.74542857142858,-18.493714285714287,2.092,2.8422857142857145,0.0,28.634857142857143,66.87628571428571,76.55057142857143,5.626571428571428
2021-02-07,-22.85257142857143,-20.079428571428572,-26.031714285714287,95.648,-23.430857142857143,0.7177142857142857,1.2322857142857142,0.0,29.131428571428568,82.048,59.668000000000006,4.166285714285714
2021-02-08,-24.72085714285714,-21.011142857142858,-28.76457142857143,95.34057142857144,-25.28742857142857,0.23885714285714285,0.46571428571428575,0.0,29.110857142857142,96.60428571428572,41.321714285714286,3.702285714285714
2021-02-09,-22.957428571428572,-18.722285714285714,-26.74657142857143,95.96142857142857,-23.516,0.3425714285714286,0.6637142857142857,0.0,29.008857142857142,89.85942857142857,53.326571428571434,2.76
2021-02-10,-23.579142857142855,-19.453142857142858,-28.184857142857144,95.77457142857143,-24.103714285714286,0.174,0.36657142857142855,0.0,28.91942857142857,95.09371428571428,50.68314285714286,2.301142857142857
2021-02-11,-26.84657142857143,-21.249714285714287,-32.99342857142857,95.85285714285715,-27.21142857142857,0.08714285714285713,0.18542857142857144,0.0,28.786,107.10714285714286,47.25885714285714,2.259714285714286
2021-02-12,-26.904857142857146,-21.06114285714286,-31.859142857142857,95.99257142857142,-27.228,0.17714285714285716,0.3771428571428571,0.0,28.665714285714284,101.80342857142857,60.004285714285714,2.5382857142857143
2021-02-13,-26.011142857142858,-20.67285714285714,-30.741142857142858,96.922,-26.28857142857143,0.30742857142857144,0.7085714285714286,0.0,28.608,94.76228571428571,56.19171428571428,2.6768571428571426
2021-02-14,-23.550857142857144,-18.452285714285715,-28.06057142857143,96.34314285714287,-24.006,0.40885714285714286,0.8697142857142858,0.0,28.619714285714288,109.162,51.788,2.4511428571428575
2021-02-15,-22.811714285714285,-17.75485714285714,-27.094571428571427,96.43914285714285,-23.267714285714288,0.22485714285714287,0.6688571428571428,0.0,28.536,106.26542857142857,47.14542857142857,2.962857142857143
2021-02-16,-21.28342857142857,-16.248857142857144,-25.66657142857143,97.18714285714286,-21.63657142857143,1.3062857142857143,1.9431428571428573,0.0,28.478571428571428,106.068,61.10657142857143,3.2697142857142856
2021-02-17,-19.282,-13.116,-24.366,96.31142857142858,-19.858571428571427,0.2245714285714286,0.12228571428571429,0.1022857142857143,28.385714285714286,118.45228571428571,47.574,2.720285714285714
2021-02-18,-17.292857142857144,-11.551428571428572,-21.97285714285714,95.21514285714287,-18.08142857142857,0.14314285714285713,0.28657142857142853,0.0,28.195714285714285,118.82971428571429,43.97428571428571,2.3465714285714285
2021-02-19,-15.386571428571427,-10.816,-19.481142857142856,96.378,-16.08057142857143,0.30457142857142855,0.636,0.0,28.034000000000002,109.64285714285714,61.04428571428572,1.97
2021-02-20,-13.619428571428571,-7.867142857142857,-18.042857142857144,96.48657142857144,-14.386,0.18771428571428572,0.2988571428571429,0.0,27.858285714285714,121.97085714285716,50.48,2.798
2021-02-21,-8.733428571428572,-3.686,-12.617714285714285,97.15257142857143,-9.555142857142858,0.18485714285714286,0.32057142857142856,0.0,27.556857142857144,120.18485714285715,41.716857142857144,3.8445714285714288
2021-02-22,-3.2857142857142856,-0.16514285714285715,-5.8031428571428565,97.58457142857144,-3.9034285714285715,1.4517142857142857,2.9937142857142858,0.0,27.291428571428572,68.16714285714285,86.71257142857144,4.187428571428572
2021-02-23,-4.041142857142857,0.031142857142857163,-8.553428571428572,97.26628571428571,-4.619142857142857,1.4782857142857144,2.1205714285714286,0.0,26.962571428571426,77.64285714285714,94.30457142857142,4.389142857142858
2021-02-24,-12.501428571428571,-7.6414285714285715,-16.93942857142857,97.16342857142857,-13.103714285714286,0.8711428571428572,1.6428571428571428,0.0,26.431714285714285,108.56171428571429,65.05571428571427,3.1608571428571426
2021-02-25,-15.32457142857143,-8.298285714285715,-21.343714285714285,94.806,-16.26742857142857,0.238,0.252,0.0,26.324285714285715,130.948,59.867428571428576,3.044285714285714
2021-02-26,-7.819428571428571,-1.3434285714285714,-15.163714285714287,94.85114285714286,-8.889142857142858,1.368,1.8448571428571428,0.0,26.303714285714285,106.28628571428571,81.65942857142856,4.214857142857143
2021-02-27,-12.365142857142857,-5.621428571428571,-19.015142857142855,95.828,-13.084,1.358,2.5822857142857143,0.0,26.242571428571427,114.82285714285715,71.46428571428571,3.750571428571429
2021-02-28,-14.360285714285714,-9.072285714285716,-19.148,96.94171428571428,-14.906857142857143,1.2342857142857144,1.5517142857142858,0.0,26.133714285714287,102.68971428571429,79.01828571428571,2.769142857142857
2021-03-01,-16.654,-10.120571428571427,-22.647142857142857,92.54771428571429,-17.788285714285717,1.1091428571428572,1.4297142857142857,0.0,26.62,136.21657142857143,54.63828571428572,5.309142857142857
2021-03-02,-15.018857142857142,-7.411714285714287,-21.746,91.85657142857143,-16.39914285714286,1.8922857142857143,2.962857142857143,0.0,26.859428571428573,113.99342857142857,71.7537142857143,3.65
2021-03-03,-10.980285714285714,-6.755142857142857,-15.18342857142857,94.3817142857143,-12.063142857142857,0.36542857142857144,0.7068571428571429,0.0,27.430857142857143,132.8522857142857,70.616,2.8154285714285714
2021-03-04,-13.522285714285713,-6.780571428571428,-18.832285714285714,93.038,-14.758285714285714,0.05800000000000001,0.10857142857142857,0.0,27.13942857142857,159.68142857142857,46.29942857142857,2.9577142857142857
2021-03-05,-12.260285714285715,-7.946000000000001,-16.089142857142857,91.7342857142857,-13.729714285714286,0.3442857142857143,0.47800000000000004,0.0,26.829714285714285,144.66542857142858,48.449714285714286,4.361428571428571
2021-03-06,-13.868285714285713,-8.854,-18.52885714285714,91.83914285714286,-15.294857142857145,0.16371428571428573,0.29314285714285715,0.0,26.571428571428573,162.386,50.59285714285714,3.6391428571428572
2021-03-07,-12.172285714285714,-3.7437142857142858,-18.457714285714285,91.10742857142857,-13.702857142857143,0.06828571428571428,0.04857142857142857,0.019714285714285712,26.25657142857143,154.39485714285715,60.86857142857143,3.132857142857143
2021-03-08,-3.2074285714285713,1.965142857142857,-7.781714285714286,91.57828571428571,-4.735142857142857,0.43742857142857144,0.8322857142857143,0.0,25.50657142857143,115.46457142857143,74.90371428571429,3.4308571428571426
2021-03-09,-1.8448571428571428,2.5785714285714287,-5.718285714285715,92.96942857142857,-3.1980000000000004,2.6142857142857143,2.892,0.0,23.864,122.86114285714287,63.106,2.848
2021-03-10,-2.8934285714285712,1.3388571428571427,-7.17,91.53857142857143,-4.393142857142857,3.0002857142857144,2.9125714285714284,0.08771428571428608,22.93542857142857,116.80971428571429,86.426,4.050285714285714
2021-03-11,-4.523142857142857,-0.0485714285714286,-8.333714285714287,90.96314285714286,-6.196857142857143,4.24,4.059714285714286,0.1802857142857146,22.368,105.66942857142858,86.6782857142857,4.636571428571429
2021-03-12,-9.736571428571429,-4.1574285714285715,-14.774857142857144,84.68914285714285,-12.372285714285713,0.6997142857142857,0.7288571428571428,0.0,21.99857142857143,163.3982857142857,55.20742857142857,4.843714285714285
2021-03-13,-6.530857142857143,-0.563142857142857,-11.549142857142858,84.36542857142857,-9.337142857142858,0.5437142857142857,0.9617142857142859,0.0,22.02714285714286,149.006,66.19057142857143,4.011428571428572
2021-03-14,-9.721142857142857,-4.002,-14.046857142857142,83.05828571428572,-12.630857142857142,0.19857142857142857,0.3031428571428571,0.0,21.986285714285714,190.546,34.413714285714285,4.590857142857143
2021-03-15,-9.600571428571428,-0.30971428571428583,-16.377714285714287,80.96228571428571,-12.993714285714285,0.08542857142857144,0.07,0.01542857142857143,21.274,187.0082857142857,35.170857142857145,3.174
2021-03-16,-2.975714285714286,2.5345714285714283,-7.435428571428572,83.69714285714286,-5.909714285714286,0.11457142857142856,0.39057142857142857,0.0,21.06657142857143,168.79514285714285,56.49657142857143,3.181428571428571
2021-03-17,-2.718,1.8245714285714285,-6.693714285714286,89.21228571428571,-4.6248571428571426,0.6474285714285715,1.0265714285714285,0.0,20.315714285714286,146.78914285714285,69.53714285714287,2.7594285714285713
2021-03-18,-5.981142857142857,0.8205714285714285,-11.706,84.23257142857142,-8.872,0.2337142857142857,0.252,0.0,20.554285714285715,188.70742857142858,42.01828571428572,3.5994285714285716
2021-03-19,-2.626857142857143,3.8634285714285714,-7.976857142857143,79.59857142857142,-6.355714285714285,0.03257142857142858,0.016571428571428574,0.016000000000000004,19.605428571428572,200.386,26.715999999999998,3.6962857142857146
2021-03-20,1.2759999999999998,6.8742857142857146,-2.7722857142857142,81.884,-2.08,0.054285714285714284,0.053714285714285714,0.00057142857142857,16.705142857142857,191.31571428571428,32.83714285714286,3.673142857142857
2021-03-21,3.194,8.056571428571429,0.084,80.978,-0.316,1.3377142857142856,0.2991428571428571,1.0385714285714285,13.575999999999999,157.87085714285715,57.471714285714285,3.6857142857142855
2021-03-22,2.641714285714286,7.704,-1.9928571428571429,79.47657142857142,-1.1988571428571428,1.4097142857142857,0.16399999999999998,1.2457142857142858,11.601428571428572,164.91,62.516571428571424,4.019142857142857
2021-03-23,0.14742857142857144,6.423714285714286,-4.264285714285714,77.8817142857143,-3.9294285714285713,0.28514285714285714,0.11971428571428573,0.16542857142857142,10.312000000000001,160.774,70.44571428571429,2.4085714285714284
2021-03-24,-2.6719999999999997,1.484857142857143,-5.835714285714285,85.09771428571429,-5.078571428571428,3.5782857142857143,3.2908571428571425,0.2874285714285718,12.445142857142857,123.49257142857142,86.43142857142857,3.8088571428571427
2021-03-25,-3.9037142857142855,0.6151428571428572,-7.760571428571429,84.08114285714286,-6.6,2.238,2.072571428571429,0.16542857142857104,13.038,164.24514285714287,76.59685714285713,3.7928571428571427
2021-03-26,-6.175142857142857,-0.2777142857142857,-10.891142857142857,82.03771428571429,-9.134857142857143,1.9914285714285715,1.0211428571428571,0.9702857142857144,14.970285714285716,163.55742857142857,77.50542857142857,3.89
2021-03-27,-3.528,2.3402857142857143,-7.948857142857142,83.45942857142857,-6.434571428571429,1.0497142857142858,1.3237142857142856,0.0,16.674,153.07742857142858,86.99000000000001,2.454
2021-03-28,-3.2988571428571425,0.22342857142857142,-6.914571428571429,85.64257142857143,-5.750857142857143,2.62,1.8834285714285715,0.7365714285714287,17.00342857142857,148.5314285714286,80.05857142857144,3.4211428571428573
2021-03-29,-4.6085714285714285,1.0265714285714285,-9.466,78.88542857142858,-8.241142857142856,1.1408571428571428,1.6102857142857143,0.0,17.75342857142857,183.22628571428572,71.01714285714286,3.8805714285714283
2021-03-30,-1.2234285714285715,5.049714285714286,-6.482571428571429,81.04028571428572,-4.634,4.714285714285714,5.8828571428571435,0.0,18.826285714285714,146.92742857142858,87.27228571428572,5.932857142857143
2021-03-31,-6.4077142857142855,-0.6465714285714286,-10.595142857142857,75.15657142857143,-10.501142857142858,0.5880000000000001,0.5528571428571429,0.03514285714285714,18.471714285714285,190.68685714285715,75.74857142857142,4.317714285714286
2021-04-01,-6.866285714285714,0.7451428571428572,-12.621714285714285,71.51028571428571,-11.837714285714286,0.09714285714285714,0.19857142857142857,0.0,19.378857142857143,227.22057142857142,48.97257142857143,3.6845714285714286
2021-04-02,-1.932857142857143,4.120571428571428,-6.4711428571428575,71.90057142857142,-7.0525714285714285,0.05114285714285714,0.032285714285714286,0.018857142857142857,18.353428571428573,211.52485714285714,52.088,4.039428571428571
2021-04-03,1.0517142857142858,6.614571428571428,-3.1554285714285712,80.36942857142857,-2.486285714285714,0.568,0.8,0.0,17.33828571428571,192.966,61.754285714285714,3.141142857142857
2021-04-04,2.3634285714285714,9.284,-2.8448571428571428,78.97171428571428,-1.6294285714285714,0.17342857142857143,0.08114285714285714,0.09228571428571429,16.284,230.99057142857143,42.900285714285715,2.1551428571428572
2021-04-05,2.833714285714286,9.452571428571428,-2.254,80.66457142857143,-0.7431428571428572,0.5888571428571429,0.2422857142857143,0.34657142857142853,13.974857142857143,197.65485714285714,60.89428571428572,3.210571428571429
2021-04-06,4.408285714285714,10.146,-0.08542857142857142,81.42914285714285,0.9271428571428573,4.287714285714285,2.224857142857143,2.0628571428571423,11.542285714285715,165.7814285714286,70.25542857142857,3.2988571428571425
2021-04-07,5.082,11.368,0.1837142857142857,81.19971428571428,1.6217142857142857,1.7557142857142858,0.05228571428571429,1.7034285714285715,9.131142857142857,177.66828571428573,65.21028571428572,2.3514285714285714
2021-04-08,4.387428571428572,9.386,0.8268571428571428,86.20800000000001,1.9668571428571429,4.98,1.890857142857143,3.0891428571428574,10.19142857142857,153.07085714285714,81.70628571428571,3.4371428571428573
2021-04-09,6.0045714285714284,11.130571428571429,2.632857142857143,90.65314285714287,4.398571428571429,5.799142857142857,4.172,1.6271428571428572,11.586857142857141,128.49142857142857,82.43685714285714,3.496
2021-04-10,6.922571428571429,11.610857142857142,3.5685714285714285,88.828,4.982857142857143,2.8045714285714283,0.6534285714285715,2.151142857142857,11.583714285714287,127.82857142857142,88.08342857142857,2.5811428571428574
2021-04-11,5.2785714285714285,9.052857142857144,2.318857142857143,89.19885714285715,3.4891428571428573,2.1462857142857144,0.45714285714285713,1.6891428571428573,10.832571428571429,106.878,92.802,3.386857142857143
2021-04-12,3.8454285714285716,7.72,1.1360000000000001,89.26342857142856,2.009714285714286,5.244571428571429,4.3268571428571425,0.9177142857142861,11.422857142857142,132.33542857142857,89.10857142857144,3.9285714285714284
2021-04-13,3.8465714285714285,7.0525714285714285,1.2931428571428574,90.06542857142857,2.0665714285714287,4.727714285714286,2.601714285714286,2.126,10.956285714285713,127.90828571428571,82.35371428571429,3.5854285714285714
2021-04-14,1.7228571428571429,5.984571428571429,-1.6988571428571428,86.24971428571428,-0.7188571428571429,2.6185714285714288,2.088857142857143,0.5297142857142858,11.490571428571428,148.054,84.89285714285714,3.3917142857142855
2021-04-15,0.07457142857142851,5.605428571428571,-4.374,82.92514285714286,-2.8774285714285712,1.492,0.5774285714285714,0.9145714285714286,14.902285714285712,175.64257142857142,74.38314285714286,3.201142857142857
2021-04-16,0.5097142857142856,6.540285714285714,-3.9551428571428575,81.21314285714286,-2.9394285714285715,0.6237142857142857,0.18857142857142858,0.43514285714285705,15.490571428571428,203.43257142857144,68.49914285714286,3.043142857142857
2021-04-17,2.0548571428571427,7.975142857142857,-2.7825714285714285,77.94171428571428,-2.0534285714285714,0.24657142857142858,0.16514285714285715,0.08142857142857143,14.443999999999999,230.32257142857142,70.42742857142858,2.1357142857142857
2021-04-18,1.7154285714285713,6.961428571428572,-2.2825714285714285,79.25657142857143,-2.062,1.7860000000000003,1.69,0.09600000000000031,12.649142857142856,202.72057142857145,75.41485714285714,2.630857142857143
2021-04-19,-1.2842857142857143,3.0700000000000003,-4.966,74.71857142857144,-5.664571428571429,2.537142857142857,2.6737142857142855,0.0,14.136571428571427,189.154,79.40028571428572,3.891428571428571
2021-04-20,-4.853142857142857,-0.6231428571428572,-7.972571428571429,72.31285714285714,-9.441714285714285,1.8928571428571428,2.374,0.0,16.553142857142856,171.05857142857144,93.59200000000001,4.048285714285714
2021-04-21,-3.608,1.4160000000000001,-7.828857142857142,72.90314285714287,-8.143142857142857,0.2877142857142857,0.7542857142857142,0.0,18.169142857142855,228.22485714285713,70.70028571428573,2.859714285714286
2021-04-22,0.986,8.069142857142857,-4.4154285714285715,76.036,-3.3988571428571426,0.15542857142857142,0.08257142857142857,0.07285714285714284,17.232285714285712,244.5097142857143,50.331999999999994,2.9939999999999998
2021-04-23,2.295142857142857,9.731428571428571,-2.875142857142857,76.08571428571429,-2.069714285714286,0.23514285714285715,0.2922857142857143,0.0,14.797142857142857,246.9085714285714,39.544285714285714,3.6077142857142857
2021-04-24,0.3057142857142857,5.616285714285714,-4.409142857142857,68.52885714285715,-5.464285714285714,0.9654285714285714,0.878,0.08742857142857141,14.031142857142857,231.20228571428572,66.05171428571428,2.7560000000000002
2021-04-25,-0.0005714285714285846,5.820857142857142,-4.740571428571429,69.94028571428571,-5.524571428571429,1.7262857142857144,1.8734285714285712,0.0,13.972285714285713,221.87885714285716,65.48028571428571,3.257142857142857
2021-04-26,1.1388571428571428,6.8911428571428575,-3.5691428571428574,71.30542857142858,-4.172285714285715,0.3545714285714286,0.27742857142857147,0.07714285714285712,14.114571428571429,227.3117142857143,61.93514285714286,2.922285714285714
2021-04-27,4.389142857142858,11.616,-0.7528571428571429,77.31771428571429,0.23285714285714282,0.8842857142857142,0.8608571428571429,0.023428571428571354,12.520857142857142,199.814,86.57714285714285,2.4014285714285712
2021-04-28,5.5605714285714285,12.157714285714285,0.168,77.43057142857144,1.3171428571428572,2.1777142857142855,1.0874285714285714,1.090285714285714,9.753428571428572,203.8685714285714,65.03057142857143,2.2988571428571425
2021-04-29,4.870857142857143,10.656571428571429,-0.1228571428571429,79.11342857142857,1.0691428571428572,3.226,2.568857142857143,0.657142857142857,9.440857142857142,191.5482857142857,78.3817142857143,2.5502857142857143
2021-04-30,1.9731428571428573,7.429142857142857,-2.6654285714285715,72.73228571428572,-3.112857142857143,1.7917142857142858,1.5257142857142856,0.26600000000000024,11.138857142857141,234.22857142857143,61.81285714285714,4.517714285714286
2021-05-01,2.1688571428571426,8.316285714285714,-3.173428571428571,74.858,-2.478285714285714,1.3657142857142857,0.42828571428571427,0.9374285714285714,10.491142857142856,190.15885714285713,75.66257142857143,3.1102857142857143
2021-05-02,4.440857142857143,11.793142857142858,-1.7162857142857142,72.452,-0.9085714285714286,0.25771428571428573,0.049428571428571426,0.2082857142857143,8.733142857142857,238.16799999999998,63.26228571428571,2.4834285714285715
2021-05-03,4.3834285714285715,9.55942857142857,-0.06714285714285713,78.44371428571428,0.5474285714285714,2.8302857142857145,0.8231428571428572,2.007142857142857,8.124571428571429,177.1402857142857,79.87942857142858,2.625714285714286
2021-05-04,3.9965714285714284,8.098857142857142,0.31485714285714295,84.55514285714285,1.39,2.930285714285714,0.6117142857142858,2.3185714285714285,9.400285714285713,140.164,95.23371428571429,2.4482857142857144
2021-05-05,3.359142857142857,6.584,0.25257142857142856,81.48228571428572,0.11428571428571428,0.8068571428571428,0.2282857142857143,0.5785714285714285,9.663714285714285,177.7982857142857,93.31028571428571,2.926285714285714
2021-05-06,2.802285714285714,6.771714285714285,-1.3757142857142857,78.4282857142857,-1.064857142857143,0.8365714285714286,0.34657142857142853,0.4900000000000001,9.491428571428571,198.19457142857144,81.8682857142857,2.601142857142857
2021-05-07,2.536,6.426571428571429,-1.006,78.30542857142858,-1.3462857142857143,1.6802857142857144,1.5025714285714284,0.17771428571428594,9.225714285714284,188.67142857142858,88.56628571428571,2.8465714285714285
2021-05-08,2.4997142857142856,6.714,-1.7911428571428571,76.88428571428571,-1.6580000000000001,1.1714285714285715,0.6882857142857143,0.4831428571428572,8.135142857142856,199.1477142857143,78.23828571428572,2.5780000000000003
2021-05-09,2.7494285714285716,7.008285714285714,-1.250857142857143,76.69657142857143,-1.4740000000000002,0.63,0.30914285714285716,0.32085714285714284,8.017142857142856,190.42485714285715,84.462,2.5900000000000003
2021-05-10,3.2234285714285713,7.977714285714287,-1.244,76.60657142857143,-1.0574285714285714,0.7831428571428571,0.45714285714285713,0.326,8.505714285714285,208.68457142857142,78.93771428571429,2.7785714285714285
2021-05-11,5.476285714285714,12.544571428571428,-0.4634285714285714,71.98228571428572,0.003142857142857133,0.4957142857142858,0.4585714285714286,0.0371428571428572,7.950857142857142,260.1117142857143,53.265142857142855,2.8842857142857143
2021-05-12,8.465142857142856,16.368,1.1822857142857144,69.878,2.115142857142857,0.16657142857142856,0.045142857142857144,0.12142857142857141,4.0202857142857145,286.5534285714286,32.99257142857143,2.690571428571429
2021-05-13,10.054,18.006857142857143,2.936857142857143,68.4902857142857,3.478285714285714,0.1517142857142857,0.03085714285714286,0.12085714285714283,1.4754285714285715,259.9602857142857,44.634,2.466
2021-05-14,10.03057142857143,16.104285714285712,4.564571428571428,73.05142857142857,4.534857142857143,1.3731428571428572,0.11028571428571428,1.262857142857143,1.77,214.50085714285714,69.74971428571429,2.636857142857143
2021-05-15,8.049142857142858,13.690285714285713,2.7197142857142858,73.98771428571429,3.0037142857142856,1.2402857142857144,0.2417142857142857,0.9985714285714288,3.172571428571428,189.65542857142856,83.47657142857142,2.212
2021-05-16,10.278571428571428,18.326571428571427,3.950285714285714,75.55571428571427,5.4068571428571435,1.4237142857142857,0.11714285714285713,1.3065714285714285,3.538,222.5662857142857,72.88057142857143,2.6422857142857143
2021-05-17,11.431142857142857,18.247714285714284,5.193428571428572,73.04514285714285,5.885428571428572,2.9025714285714286,0.015714285714285715,2.886857142857143,2.5574285714285714,238.9042857142857,71.16742857142857,2.8068571428571425
2021-05-18,14.093142857142857,23.47542857142857,6.856571428571428,71.69485714285715,8.171999999999999,1.5171428571428571,0.7757142857142857,0.7414285714285714,2.4511428571428575,273.1417142857143,58.66057142857142,2.871714285714286
2021-05-19,16.800857142857144,23.40057142857143,10.346571428571428,74.37885714285714,11.632857142857143,0.7748571428571429,0.00028571428571428574,0.7745714285714286,1.6354285714285712,229.07114285714286,49.836285714285715,2.9691428571428573
2021-05-20,14.62342857142857,21.784285714285716,9.67,82.40428571428572,11.30457142857143,4.959428571428572,0.02514285714285714,4.934285714285715,1.594,162.45257142857145,89.97142857142858,2.9577142857142857
2021-05-21,12.318,17.909714285714287,8.040571428571429,83.32857142857142,9.120857142857144,6.274,0.8997142857142858,5.3742857142857146,3.460857142857143,146.21657142857143,97.53542857142857,2.7182857142857144
2021-05-22,11.344857142857142,16.303714285714285,7.253142857142858,84.40914285714287,8.529714285714286,7.886285714285714,1.1297142857142857,6.756571428571428,4.696,137.31857142857143,92.734,2.7505714285714284
2021-05-23,8.455142857142857,15.48457142857143,2.4754285714285715,72.5037142857143,3.0537142857142854,2.1834285714285713,0.3708571428571429,1.8125714285714283,8.918571428571427,298.68,47.78028571428571,3.068571428571429
2021-05-24,11.387428571428572,20.361428571428572,3.9334285714285713,73.414,6.1651428571428575,0.46371428571428575,0.0,0.46371428571428575,6.6651428571428575,261.30514285714287,43.440000000000005,2.6697142857142855
2021-05-25,15.60657142857143,22.368,10.072571428571429,79.93228571428571,11.590857142857143,4.469142857142857,0.30600000000000005,4.163142857142857,1.3185714285714285,196.68857142857144,79.13571428571429,3.3931428571428572
2021-05-26,9.126,16.598285714285716,3.9948571428571427,74.63799999999999,4.466571428571429,3.4259999999999997,2.3,1.126,5.666857142857142,162.29457142857143,91.83428571428571,5.167714285714286
2021-05-27,3.7397142857142853,9.436571428571428,-1.5682857142857143,63.882285714285715,-3.3408571428571427,0.328,0.16,0.168,8.13342857142857,276.7894285714286,63.148857142857146,3.1302857142857143
2021-05-28,6.4317142857142855,14.293142857142858,-0.9731428571428572,61.63457142857143,-1.528,0.45685714285714285,0.0054285714285714284,0.4514285714285714,4.946857142857143,320.596,29.445428571428568,2.5874285714285716
2021-05-29,9.850571428571428,17.392285714285716,2.4237142857142855,62.19114285714286,1.8148571428571427,0.11057142857142857,0.0,0.11057142857142857,2.4022857142857137,334.4582857142857,31.52514285714286,3.2697142857142856
2021-05-30,11.928857142857142,18.24857142857143,5.728285714285715,66.96885714285713,5.233428571428571,0.8340000000000001,0.0,0.8340000000000001,0.846,270.5002857142857,51.79942857142857,2.8017142857142856
2021-05-31,11.976571428571429,18.569714285714287,6.1171428571428565,73.21514285714287,6.474285714285714,1.0377142857142858,0.012857142857142857,1.024857142857143,0.472,266.47342857142854,64.10771428571428,2.366857142857143
2021-06-01,12.512571428571428,18.77857142857143,6.937428571428572,71.94971428571428,6.779142857142857,1.5334285714285716,0.11057142857142857,1.422857142857143,1.6154285714285714,243.878,69.47371428571428,2.345142857142857
2021-06-02,14.334285714285715,22.169142857142855,7.239428571428571,72.45828571428571,8.635428571428571,0.87,0.00028571428571428574,0.8697142857142857,1.3874285714285715,265.9651428571429,67.35571428571428,2.412857142857143
2021-06-03,15.136857142857142,20.380285714285712,10.155142857142858,78.75942857142857,11.071142857142858,2.486285714285714,0.0005714285714285715,2.4857142857142858,0.44742857142857145,225.922,76.45542857142857,2.6648571428571426
2021-06-04,14.194,20.96314285714286,8.138,78.91885714285714,9.982571428571427,3.666571428571429,0.0005714285714285715,3.6660000000000004,0.43857142857142856,200.67257142857142,76.69285714285714,2.412285714285714
2021-06-05,15.373428571428573,20.898000000000003,10.247714285714286,77.92628571428571,10.875428571428571,1.9265714285714284,0.014,1.9125714285714284,0.8751428571428571,232.27514285714287,75.57285714285713,2.586857142857143
2021-06-06,17.569428571428574,26.11885714285714,10.997142857142856,79.53371428571428,13.499714285714285,3.032285714285714,0.02542857142857143,3.0068571428571427,0.33342857142857146,221.144,65.98599999999999,3.2354285714285713
2021-06-07,19.061714285714285,24.527714285714286,13.865428571428572,72.90857142857143,13.411714285714284,3.008857142857143,0.0,3.008857142857143,0.3568571428571429,265.2602857142857,53.768571428571434,3.876857142857143
2021-06-08,17.00542857142857,23.255142857142857,11.182857142857141,76.07714285714285,12.106285714285715,1.4777142857142858,0.0005714285714285715,1.477142857142857,0.3311428571428571,265.82142857142856,72.39228571428572,1.8962857142857144
2021-06-09,16.259714285714285,21.918,10.766,75.78971428571428,11.364857142857142,4.040285714285714,0.0,4.040285714285714,0.422,265.2228571428571,60.78714285714286,2.382
2021-06-10,14.738000000000001,20.06085714285714,10.158857142857142,77.03685714285714,10.144,7.917428571428572,0.0008571428571428571,7.916571428571429,0.10285714285714286,175.11257142857144,85.60057142857143,2.8191428571428574
2021-06-11,14.196857142857143,20.40885714285714,8.797428571428572,75.11742857142858,9.207142857142857,2.0365714285714285,0.0017142857142857142,2.0348571428571427,0.1354285714285714,271.15542857142856,55.184000000000005,2.9488571428571433
2021-06-12,14.485999999999999,20.29514285714286,9.132,77.05428571428571,9.905999999999999,1.8225714285714285,0.0,1.8225714285714285,0.10885714285714285,214.2057142857143,80.472,2.712
2021-06-13,15.790857142857142,21.108,10.639999999999999,76.60857142857144,11.162571428571429,2.258857142857143,0.0005714285714285715,2.2582857142857145,0.17971428571428572,230.74885714285713,75.01085714285715,2.3137142857142856
2021-06-14,14.217714285714285,18.723428571428574,9.975142857142856,77.95257142857143,9.942,1.684,0.012571428571428572,1.6714285714285713,0.5157142857142857,254.3174285714286,68.43542857142856,2.8502857142857145
2021-06-15,12.928857142857142,18.783142857142856,6.965428571428571,69.23828571428572,6.3351428571428565,0.4202857142857143,0.01657142857142857,0.40371428571428575,0.5702857142857143,330.2225714285714,37.37057142857143,2.6617142857142855
2021-06-16,14.741142857142858,22.584,7.072571428571428,64.36800000000001,6.988571428571428,0.24057142857142857,0.003142857142857143,0.23742857142857143,0.22742857142857142,334.2511428571429,32.13171428571429,2.354857142857143
2021-06-17,17.18885714285714,23.69085714285714,11.095714285714287,66.32742857142857,9.908000000000001,0.7922857142857143,0.0,0.7922857142857143,0.0,289.15885714285713,51.28457142857143,3.428285714285714
2021-06-18,15.3,21.65714285714286,10.892857142857142,76.23457142857143,10.703999999999999,2.4442857142857144,0.0,2.4442857142857144,0.16285714285714287,159.14685714285716,77.69028571428571,3.396857142857143
2021-06-19,13.828285714285714,19.928285714285714,8.079142857142857,75.128,8.87257142857143,0.6105714285714287,0.0037142857142857142,0.606857142857143,0.22314285714285714,242.06885714285713,70.21571428571428,2.5348571428571427
2021-06-20,14.08,19.549714285714288,9.000285714285715,78.394,9.925142857142857,2.1599999999999997,0.06314285714285714,2.0968571428571425,0.4825714285714286,211.39542857142857,77.30342857142857,2.373428571428571
2021-06-21,10.57057142857143,15.663142857142859,6.162,77.724,6.483714285714286,5.8511428571428565,0.06571428571428571,5.785428571428571,1.8454285714285714,175.08742857142857,87.33085714285714,3.82
2021-06-22,9.816,15.191142857142856,4.694571428571429,72.21914285714286,4.377428571428571,0.5414285714285714,0.002857142857142857,0.5385714285714285,1.6837142857142857,247.3002857142857,77.24314285714286,2.5525714285714285
2021-06-23,13.391714285714285,20.327428571428573,7.690571428571429,74.982,8.39342857142857,2.166285714285714,0.0,2.166285714285714,0.32,213.93714285714287,66.50542857142857,3.3028571428571425
2021-06-24,16.672285714285714,21.26142857142857,12.249142857142857,74.76771428571428,11.485999999999999,4.175142857142857,0.0,4.175142857142857,0.13342857142857142,238.254,74.74314285714286,3.7871428571428574
2021-06-25,17.393428571428572,23.326285714285714,11.701428571428572,75.146,12.265428571428572,1.9754285714285715,0.0,1.9754285714285715,0.038,230.60942857142857,68.02485714285714,2.8365714285714287
2021-06-26,17.95142857142857,23.50057142857143,13.127714285714287,79.21885714285713,13.82857142857143,3.474857142857143,0.0,3.474857142857143,0.3617142857142857,212.40257142857143,79.07942857142858,2.166
2021-06-27,18.349714285714285,24.652,12.884,76.20800000000001,13.454571428571429,2.8574285714285717,0.0,2.8574285714285717,0.268,237.9497142857143,71.73571428571428,2.3562857142857143
2021-06-28,18.209714285714288,24.372285714285713,12.939142857142857,77.28342857142857,13.566857142857142,1.64,0.0,1.64,0.024857142857142855,252.8062857142857,66.71685714285715,2.3242857142857143
2021-06-29,18.372,23.242,13.198,77.47057142857143,13.747142857142856,2.782285714285714,0.0,2.782285714285714,0.03457142857142857,203.38114285714286,76.77914285714286,1.7871428571428571
2021-06-30,16.734,21.389714285714284,12.342285714285715,79.05971428571429,12.513428571428571,2.3154285714285714,0.0008571428571428571,2.3145714285714285,0.14685714285714288,235.61599999999999,72.856,2.4554285714285715
2021-07-01,15.34,22.056285714285714,9.17057142857143,72.51228571428571,9.568571428571428,0.4874285714285714,0.0054285714285714284,0.48199999999999993,0.2802857142857143,273.9022857142857,54.598,2.0851428571428574
2021-07-02,17.982285714285712,24.57714285714286,12.300857142857142,70.94685714285714,11.97342857142857,1.1348571428571428,0.0,1.1348571428571428,0.06314285714285714,245.82542857142855,60.95171428571428,2.9494285714285717
2021-07-03,19.595714285714287,27.267714285714288,12.996857142857143,72.97971428571428,13.728571428571428,0.266,0.0,0.266,0.0,269.4517142857143,40.766571428571424,2.087142857142857
2021-07-04,21.86542857142857,29.112571428571428,15.499428571428572,72.97457142857144,16.09857142857143,0.9817142857142857,0.0,0.9817142857142857,0.0,268.8914285714286,43.30542857142857,2.0345714285714287
2021-07-05,19.77914285714286,26.745714285714286,14.360285714285714,80.13914285714286,15.783142857142856,2.6637142857142853,0.0,2.6637142857142853,0.06742857142857142,175.87571428571428,75.26942857142856,3.1679999999999997
2021-07-06,14.247714285714286,20.352857142857143,9.546285714285714,70.88628571428572,8.38857142857143,0.6677142857142857,0.0008571428571428571,0.6668571428571428,0.168,259.1845714285714,68.15342857142856,3.4771428571428573
2021-07-07,13.507714285714286,20.01742857142857,7.467428571428572,67.45885714285714,6.757428571428571,0.7791428571428571,0.0,0.7791428571428571,0.224,293.01714285714286,41.698,2.238857142857143
2021-07-08,14.928,21.39857142857143,8.566571428571429,70.66057142857143,8.808285714285715,1.758,0.0,1.758,0.0,259.27314285714283,44.376285714285714,2.3285714285714287
2021-07-09,16.968285714285713,23.189714285714285,10.49542857142857,71.50657142857143,11.012857142857143,1.3534285714285714,0.0,1.3534285714285714,0.06885714285714287,247.46714285714287,54.036857142857144,1.975142857142857
2021-07-10,18.328,24.55657142857143,12.506571428571428,72.76142857142857,12.553142857142857,0.9611428571428572,0.0,0.9611428571428572,0.006857142857142857,244.47228571428573,58.158857142857144,1.8265714285714285
2021-07-11,19.02257142857143,25.407999999999998,12.856285714285715,71.23485714285714,12.95342857142857,0.144,0.0,0.144,0.0,271.72657142857145,40.43028571428571,1.9345714285714284
2021-07-12,20.279714285714284,27.141714285714286,14.13942857142857,73.01257142857143,14.561142857142856,0.16542857142857142,0.0,0.16542857142857142,0.0,246.5965714285714,36.739428571428576,2.7002857142857146
2021-07-13,19.898285714285716,24.84657142857143,15.346,78.28942857142857,15.574857142857143,2.0931428571428574,0.0,2.0931428571428574,0.0,178.2757142857143,71.62085714285715,2.657142857142857
2021-07-14,17.873142857142856,22.990285714285715,13.033428571428573,76.9437142857143,13.061428571428571,2.020857142857143,0.0,2.020857142857143,0.001142857142857143,238.57114285714286,62.72485714285714,2.3954285714285715
2021-07-15,18.93885714285714,24.52942857142857,13.240571428571428,72.71314285714286,13.174857142857142,3.1528571428571426,0.0,3.1528571428571426,0.0,225.96942857142858,62.267428571428574,2.313142857142857
2021-07-16,20.391714285714286,27.06885714285714,13.918857142857144,70.79342857142858,14.176,0.20657142857142857,0.0,0.20657142857142857,0.0,246.3977142857143,35.41114285714286,2.063142857142857
2021-07-17,19.973714285714287,26.00142857142857,14.773142857142858,73.81857142857143,14.547714285714287,0.9068571428571428,0.0,0.9068571428571428,0.0,182.2477142857143,64.87085714285715,2.490285714285714
2021-07-18,17.974857142857143,24.08657142857143,12.968571428571428,73.74171428571428,12.484571428571428,0.6017142857142856,0.0,0.6017142857142856,0.0,162.15457142857142,69.32085714285715,1.9317142857142857
2021-07-19,17.813714285714287,23.458,13.227142857142857,76.57142857142857,13.092571428571429,4.660285714285715,0.0,4.660285714285715,0.0,191.33457142857142,62.54685714285714,2.136
2021-07-20,16.752,22.99657142857143,10.911714285714286,73.01371428571429,11.096571428571428,2.136,0.0,2.136,0.0,256.05914285714283,45.43,2.1954285714285717
2021-07-21,17.749142857142857,23.47542857142857,11.787714285714285,68.198,11.182,0.9897142857142858,0.0,0.9897142857142858,0.0,226.2537142857143,49.477428571428575,2.302
2021-07-22,18.43257142857143,24.326857142857143,13.211714285714287,72.728,12.816,0.6542857142857142,0.0,0.6542857142857142,0.0,241.12742857142854,54.93714285714285,1.871142857142857
2021-07-23,19.728571428571428,25.952571428571428,13.992571428571429,75.65514285714285,14.688571428571429,3.8282857142857147,0.0,3.8282857142857147,0.0,234.24514285714287,40.49257142857143,2.522
2021-07-24,19.912285714285712,24.053428571428572,16.154571428571426,79.59942857142858,15.713142857142858,7.580857142857142,0.0,7.580857142857142,0.0,165.91,72.36057142857142,3.2734285714285716
2021-07-25,18.95142857142857,23.56714285714286,14.809714285714287,78.37828571428571,14.413428571428572,3.193714285714286,0.0,3.193714285714286,0.0,215.96942857142858,60.32371428571428,2.819428571428572
2021-07-26,17.753714285714285,22.833142857142857,12.480285714285714,73.70971428571428,12.179714285714287,1.163714285714286,0.0,1.163714285714286,0.0,240.61114285714285,55.631142857142855,2.156285714285714
2021-07-27,18.029714285714284,23.777714285714286,12.287428571428572,71.684,12.099142857142859,0.8305714285714286,0.0,0.8305714285714286,0.0,250.47171428571428,43.85971428571428,1.7871428571428574
2021-07-28,18.657714285714285,24.134,13.918285714285714,76.15342857142856,13.884285714285713,2.908571428571429,0.0,2.908571428571429,0.0,196.92828571428572,60.34771428571429,2.392857142857143
2021-07-29,15.961714285714285,20.754285714285714,11.976857142857142,76.66914285714286,11.400285714285713,3.1757142857142857,0.0,3.1757142857142857,0.0,194.25628571428572,72.644,3.298
2021-07-30,14.607999999999999,20.415714285714284,9.393714285714287,73.25,9.295428571428573,1.4711428571428573,0.0,1.4711428571428573,0.0,223.02371428571428,55.80457142857143,2.7928571428571427
2021-07-31,15.067142857142859,19.521428571428572,11.329428571428572,80.18285714285715,11.190857142857142,2.1105714285714288,0.0,2.1105714285714288,0.0,187.11342857142859,74.32,2.321714285714286
2021-08-01,15.004571428571428,20.117428571428572,10.62257142857143,78.84371428571428,10.827142857142857,1.044857142857143,0.0,1.044857142857143,0.0,198.158,72.17485714285714,2.3811428571428572
2021-08-02,17.348857142857145,23.238,12.082285714285714,75.35857142857144,12.234,0.8005714285714286,0.0,0.8005714285714286,0.0,223.24828571428574,63.07371428571428,2.8922857142857143
2021-08-03,17.488857142857142,24.228,11.377714285714285,71.87028571428571,11.449142857142858,0.6108571428571429,0.0,0.6108571428571429,0.0,239.81314285714282,53.62114285714286,2.177142857142857
2021-08-04,19.24142857142857,25.719428571428573,13.898,73.52542857142856,13.729142857142856,1.469142857142857,0.0,1.469142857142857,0.0,185.57685714285714,49.72571428571428,2.3462857142857145
2021-08-05,17.550857142857144,22.64857142857143,13.686857142857143,79.5157142857143,13.408285714285714,5.185428571428572,0.0,5.185428571428572,0.0,147.49971428571428,74.65971428571429,2.1245714285714286
2021-08-06,16.232857142857142,21.127142857142854,11.531428571428572,77.29657142857143,11.598857142857142,2.4571428571428573,0.0,2.4571428571428573,0.0,163.7065714285714,77.87400000000001,2.472
2021-08-07,16.331714285714288,22.13,10.932285714285713,74.604,11.242571428571429,0.6462857142857144,0.0,0.6462857142857144,0.0,236.1577142857143,45.97342857142857,1.967142857142857
2021-08-08,18.11857142857143,24.986857142857144,12.506571428571428,78.15057142857142,13.789714285714286,0.7774285714285714,0.0,0.7774285714285714,0.0,193.72285714285715,41.753142857142855,2.6582857142857144
2021-08-09,21.381714285714285,26.818571428571428,17.016285714285715,80.34485714285715,17.265142857142855,2.1277142857142857,0.0,2.1277142857142857,0.0,177.52428571428572,76.48628571428571,2.2434285714285713
2021-08-10,21.054285714285715,26.633714285714287,16.79342857142857,82.09371428571428,17.506285714285713,3.8542857142857145,0.0,3.8542857142857145,0.0,158.8602857142857,79.80257142857143,2.7714285714285714
2021-08-11,20.934857142857144,25.309428571428572,17.49085714285714,79.89628571428571,16.812857142857144,5.158857142857143,0.0,5.158857142857143,0.0,182.17457142857143,75.07971428571429,3.587142857142857
2021-08-12,17.83,22.130285714285712,14.504,77.55142857142857,13.355714285714285,2.7537142857142856,0.0,2.7537142857142856,0.0,175.67428571428573,72.74799999999999,4.282
2021-08-13,15.147142857142857,18.83,11.803714285714285,73.70342857142857,10.042285714285715,0.8862857142857142,0.0,0.8862857142857142,0.0,168.2922857142857,81.34828571428572,3.4014285714285712
2021-08-14,15.670857142857143,22.253714285714285,10.359142857142857,71.27085714285714,9.601142857142857,0.6551428571428571,0.0,0.6551428571428571,0.0,228.71114285714287,59.973142857142854,2.6174285714285714
2021-08-15,19.358,26.673714285714286,13.820571428571428,68.55542857142858,12.563714285714287,0.5774285714285714,0.0,0.5774285714285714,0.0,225.13742857142856,53.47514285714286,2.916285714285714
2021-08-16,21.05742857142857,27.381714285714285,15.729714285714286,70.628,14.749714285714285,0.20628571428571427,0.0,0.20628571428571427,0.0,225.9962857142857,48.992285714285714,2.718857142857143
2021-08-17,21.596857142857143,27.539714285714286,16.516857142857145,72.80028571428572,15.922857142857142,1.984,0.0,1.984,0.0,184.9517142857143,47.36000000000001,2.783142857142857
2021-08-18,21.591714285714286,27.454,16.629714285714286,77.71314285714286,16.996,1.1442857142857141,0.0,1.1442857142857141,0.0,163.42,50.93314285714286,1.9854285714285713
2021-08-19,20.724,25.908571428571427,16.529999999999998,79.81314285714286,16.47285714285714,3.8082857142857143,0.0,3.8082857142857143,0.0,150.86657142857143,74.65628571428572,2.076857142857143
2021-08-20,20.570857142857143,27.45657142857143,15.436571428571428,76.90942857142856,15.628857142857143,3.1222857142857143,0.0,3.1222857142857143,0.0,166.97285714285715,65.13742857142857,2.121714285714286
2021-08-21,21.649714285714285,27.306857142857144,17.045714285714286,77.72371428571428,17.029999999999998,5.068285714285714,0.0,5.068285714285714,0.0,170.01085714285713,64.454,3.1394285714285712
2021-08-22,18.215714285714284,24.027714285714286,13.355428571428572,71.656,12.410285714285715,0.742,0.0,0.742,0.0,222.5194285714286,52.002571428571436,2.9308571428571426
2021-08-23,17.819714285714284,23.24685714285714,13.14342857142857,77.73514285714286,13.312285714285714,2.520857142857143,0.0,2.520857142857143,0.0,156.4497142857143,62.621714285714276,2.4431428571428575
2021-08-24,17.426,22.779999999999998,12.837428571428571,77.57742857142857,12.796285714285714,1.4928571428571429,0.0,1.4928571428571429,0.0,178.58,61.22085714285714,2.2922857142857143
2021-08-25,16.909428571428574,21.707428571428572,13.097142857142856,81.27057142857143,13.196285714285715,4.649714285714286,0.0,4.649714285714286,0.0,145.1494285714286,81.728,2.2968571428571427
2021-08-26,15.552857142857144,20.690571428571428,11.156285714285714,76.32342857142858,10.802857142857144,0.3497142857142857,0.0,0.3497142857142857,0.0,193.46114285714287,48.89857142857143,2.126857142857143
2021-08-27,14.571714285714286,20.77714285714286,9.109142857142857,71.334,8.80857142857143,0.8597142857142858,0.0,0.8597142857142858,0.0,210.80342857142855,48.69885714285714,2.634857142857143
2021-08-28,16.294,22.33657142857143,12.322285714285716,83.286,13.172857142857143,3.6140000000000003,0.0,3.6140000000000003,0.0,109.84285714285714,89.77571428571429,2.4002857142857144
2021-08-29,18.44542857142857,22.531714285714287,15.496285714285714,90.92057142857144,16.798,11.927714285714284,0.0,11.927714285714284,0.0,99.76971428571429,90.60857142857144,2.5268571428571427
2021-08-30,17.134857142857143,20.87942857142857,13.924,81.00800000000001,13.364571428571429,3.548285714285714,0.0,3.548285714285714,0.0,168.61342857142859,71.67714285714285,3.6911428571428573
2021-08-31,15.58057142857143,20.825714285714284,10.954857142857144,74.08542857142857,10.330571428571428,0.3288571428571429,0.0,0.3288571428571429,0.0,218.61485714285715,35.40657142857143,2.580857142857143
2021-09-01,14.096857142857143,19.992857142857144,8.971714285714285,73.20257142857143,8.539428571428571,0.36628571428571427,0.0,0.36628571428571427,0.0,212.16657142857142,35.78371428571429,2.4034285714285715
2021-09-02,13.258571428571429,18.92,8.640857142857143,74.55228571428572,8.318,0.4825714285714286,0.0,0.4825714285714286,0.0,171.40628571428573,55.76542857142857,2.628285714285714
2021-09-03,15.03457142857143,20.87,10.706857142857142,79.19200000000001,11.018571428571429,0.9077142857142857,0.0,0.9077142857142857,0.0,134.9022857142857,83.85971428571429,2.442
2021-09-04,15.742857142857142,19.957428571428572,12.233428571428572,83.05228571428572,12.447428571428572,3.966,0.0,3.966,0.0,113.99257142857144,84.25142857142858,2.3354285714285714
2021-09-05,14.317714285714287,17.674857142857142,11.724571428571428,85.59857142857142,11.622285714285713,3.8525714285714288,0.0,3.8525714285714288,0.0,119.70114285714286,87.61999999999999,3.0454285714285714
2021-09-06,13.749142857142857,18.141714285714286,10.655714285714286,82.05885714285714,10.348285714285714,1.412857142857143,0.0,1.412857142857143,0.0,121.23028571428573,84.50228571428572,2.64
2021-09-07,14.287714285714285,18.425714285714285,11.056,86.05742857142856,11.663714285714287,7.604857142857143,0.0,7.604857142857143,0.0,105.61628571428572,83.74914285714286,2.6948571428571433
2021-09-08,14.228857142857143,17.436285714285713,11.79657142857143,87.40457142857143,11.886285714285714,5.799714285714286,0.0,5.799714285714286,0.0,122.1602857142857,89.46342857142857,3.289142857142857
2021-09-09,13.011142857142858,16.70942857142857,10.145142857142856,83.666,9.98942857142857,1.1337142857142857,0.0,1.1337142857142857,0.0,143.99914285714286,73.794,2.660285714285714
2021-09-10,13.248857142857142,19.063428571428574,9.013714285714286,80.09657142857144,9.439714285714285,0.8842857142857142,0.0,0.8842857142857142,0.0,150.85857142857142,71.73028571428571,2.259714285714286
2021-09-11,14.184571428571427,18.610285714285716,10.85657142857143,81.11,10.586857142857143,5.659142857142857,0.0,5.659142857142857,0.0,120.62685714285713,83.23371428571429,3.774285714285714
2021-09-12,11.853142857142858,15.173142857142855,9.073714285714285,78.09742857142857,7.693142857142857,0.8165714285714285,0.0,0.8165714285714285,0.0,121.1542857142857,80.56257142857143,3.353142857142857
2021-09-13,11.08,16.722285714285714,6.716285714285714,76.574,6.539428571428571,0.7788571428571429,0.0,0.7788571428571429,0.0,135.79057142857144,79.70800000000001,1.9637142857142857
2021-09-14,12.173428571428571,17.15657142857143,8.81257142857143,85.384,9.534285714285714,6.9234285714285715,0.0,6.9234285714285715,0.0,93.39,86.66285714285713,3.0905714285714287
2021-09-15,13.151142857142858,18.115714285714283,9.111714285714287,80.33714285714287,9.34142857142857,1.4397142857142857,0.0,1.4397142857142857,0.0,153.13314285714284,70.93571428571428,2.966285714285714
2021-09-16,14.62657142857143,20.611428571428572,10.265142857142857,77.434,10.27257142857143,3.3222857142857145,0.0,3.3222857142857145,0.0,136.19885714285715,64.416,3.263142857142857
2021-09-17,14.464571428571428,18.852,11.169142857142857,79.69971428571428,10.618,5.312285714285714,0.0,5.312285714285714,0.0,135.59942857142855,65.90771428571429,3.5
2021-09-18,12.462,17.784857142857145,8.036285714285714,76.00142857142858,7.668,0.238,0.0,0.238,0.0,157.33285714285714,59.028,2.6391428571428572
2021-09-19,14.990285714285713,23.015714285714285,9.558285714285715,74.26657142857142,9.783428571428573,0.3934285714285714,0.0,0.3934285714285714,0.0,162.79257142857142,50.09685714285715,3.242
2021-09-20,17.85885714285714,23.52942857142857,13.409142857142857,79.84657142857144,13.887428571428572,7.989142857142857,0.0,7.989142857142857,0.0,114.17085714285714,68.03971428571428,3.3931428571428572
2021-09-21,13.306571428571429,17.982285714285712,8.982857142857142,80.20342857142857,9.708285714285715,9.276285714285715,0.020285714285714285,9.256,0.142,88.02085714285714,93.622,4.090857142857143
2021-09-22,10.004285714285714,16.142,5.496571428571428,78.84228571428571,6.111999999999999,2.7985714285714285,0.0017142857142857142,2.7968571428571427,0.31599999999999995,132.68942857142858,61.005714285714284,2.728
2021-09-23,11.229142857142856,16.916857142857143,7.158857142857143,78.89085714285714,7.274857142857143,3.576857142857143,0.0,3.576857142857143,0.124,130.85571428571427,65.17942857142857,3.6382857142857143
2021-09-24,10.77057142857143,14.727714285714287,7.748857142857142,81.924,7.457142857142857,2.9411428571428573,0.0,2.9411428571428573,0.0,89.88857142857142,89.60971428571429,2.8665714285714285
2021-09-25,9.973714285714285,13.698,7.083428571428571,86.04114285714286,7.517142857142858,3.069428571428572,0.0,3.069428571428572,0.0,83.71942857142857,82.52514285714285,2.8382857142857145
2021-09-26,9.963714285714286,14.097714285714286,6.866285714285714,82.85314285714286,6.801714285714286,1.0211428571428571,0.0,1.0211428571428571,0.0,108.67285714285715,81.40085714285715,2.5034285714285716
2021-09-27,10.040571428571429,15.336571428571428,6.2622857142857145,82.20828571428571,6.753714285714286,0.726,0.0,0.726,0.0,120.1,68.85314285714286,2.71
2021-09-28,10.746,17.082285714285714,6.370857142857143,77.044,6.3508571428571425,0.11457142857142856,0.0,0.11457142857142856,0.0,145.07428571428574,52.535714285714285,2.5245714285714285
2021-09-29,10.834571428571428,17.37057142857143,6.1974285714285715,80.05714285714286,7.100285714285714,0.08600000000000001,0.002,0.084,0.06142857142857142,148.69142857142856,30.86114285714286,2.2625714285714285
2021-09-30,12.253714285714286,19.43,7.648571428571429,81.83657142857142,8.872,0.21000000000000002,0.0,0.21000000000000002,0.0,128.36114285714288,49.03742857142857,2.0528571428571425
2021-10-01,13.011714285714286,17.992,9.380857142857142,87.06314285714286,10.688857142857144,3.267714285714286,0.0,3.267714285714286,0.0,82.65571428571428,75.99742857142857,1.922
2021-10-02,13.06342857142857,17.218285714285713,10.175714285714285,87.41257142857143,10.784285714285714,2.4905714285714287,0.0,2.4905714285714287,0.0,83.85,82.70685714285713,2.048
2021-10-03,12.274857142857144,17.028000000000002,9.208857142857143,86.972,9.942857142857143,1.6568571428571428,0.0,1.6568571428571428,0.0,94.33971428571428,71.61628571428572,1.887142857142857
2021-10-04,12.837714285714286,19.263428571428573,8.599428571428572,83.76114285714286,9.792857142857143,0.6442857142857144,0.0,0.6442857142857144,0.0,132.71285714285713,47.064,2.089714285714286
2021-10-05,13.537142857142857,20.52342857142857,8.230285714285714,79.33914285714286,9.658285714285714,0.15542857142857144,0.0,0.15542857142857144,0.0,140.0194285714286,34.82,1.884
2021-10-06,14.414571428571428,21.293142857142858,9.565714285714286,80.48571428571428,10.788857142857143,0.045142857142857144,0.0,0.045142857142857144,0.0,131.80685714285713,42.594,2.317142857142857
2021-10-07,14.939428571428572,21.467142857142857,10.591714285714286,85.14085714285714,12.19057142857143,0.13885714285714287,0.0,0.13885714285714287,0.0,133.17342857142856,29.032285714285713,2.3034285714285714
2021-10-08,15.139142857142858,20.130857142857145,11.246,87.88142857142857,13.052,1.7465714285714287,0.0,1.7465714285714287,0.0,97.07342857142858,56.28971428571429,2.132857142857143
2021-10-09,13.709999999999999,17.55142857142857,11.051428571428572,90.33657142857143,12.057142857142857,3.4374285714285713,0.0,3.4374285714285713,0.0,61.08057142857143,94.17114285714287,1.9954285714285716
2021-10-10,14.014000000000001,18.59857142857143,11.367142857142857,91.52914285714286,12.566,4.620285714285714,0.0,4.620285714285714,0.0,53.35457142857143,93.53685714285714,2.508285714285714
2021-10-11,15.35742857142857,19.043142857142858,12.989714285714285,91.22142857142858,13.809714285714286,6.368571428571428,0.0,6.368571428571428,0.0,58.875428571428564,91.51514285714286,3.212857142857143
2021-10-12,13.499428571428572,16.954,10.840857142857143,87.728,11.315428571428573,2.4454285714285717,0.0,2.4454285714285717,0.0,80.0157142857143,75.24485714285714,2.621714285714286
2021-10-13,11.42,14.50457142857143,9.136857142857144,89.854,9.717714285714285,2.5105714285714287,0.0,2.5105714285714287,0.0,57.389428571428574,88.00285714285714,2.5002857142857144
2021-10-14,12.016,15.647142857142857,9.654285714285713,91.15542857142857,10.549428571428573,5.030857142857142,0.0,5.030857142857142,0.00028571428571428574,53.544285714285714,93.95028571428573,3.2394285714285713
2021-10-15,11.07457142857143,14.24542857142857,8.267428571428573,85.4962857142857,8.515714285714287,1.0728571428571427,0.0,1.0728571428571427,0.0,66.97,86.34057142857144,2.6382857142857143
2021-10-16,7.977142857142857,11.128857142857143,5.871714285714286,86.95114285714286,5.738,2.7114285714285713,0.0,2.7114285714285713,0.0,68.95628571428573,90.49771428571428,2.8017142857142856
2021-10-17,6.540857142857143,10.003142857142857,3.849142857142857,80.37171428571428,3.0742857142857143,0.6851428571428572,0.0014285714285714286,0.6837142857142857,0.10457142857142857,88.40285714285714,65.06514285714286,3.6182857142857143
2021-10-18,6.5602857142857145,13.948571428571428,1.9551428571428573,78.77342857142858,2.725714285714286,0.19799999999999998,0.008857142857142857,0.1891428571428571,0.94,112.36057142857142,40.63742857142857,2.9745714285714286
2021-10-19,8.610000000000001,14.675714285714285,4.322285714285714,80.68828571428571,5.191714285714286,0.07857142857142857,0.0,0.07857142857142857,0.00028571428571428574,100.80342857142857,36.95628571428571,3.2014285714285715
2021-10-20,5.0685714285714285,9.137428571428572,1.4917142857142855,76.87114285714286,1.0557142857142858,0.2337142857142857,0.1702857142857143,0.06342857142857142,4.001428571428572,77.65971428571429,66.93085714285714,3.438857142857143
2021-10-21,2.8245714285714287,6.6494285714285715,0.034857142857142864,84.87857142857143,0.31028571428571416,1.876,0.3982857142857143,1.4777142857142855,6.7054285714285715,60.48085714285714,83.08828571428572,2.6759999999999997
2021-10-22,2.2011428571428575,6.186571428571429,-0.42171428571428565,86.33285714285715,-0.1305714285714286,1.19,0.2894285714285714,0.9005714285714286,10.42942857142857,71.104,84.44114285714286,2.688285714285714
2021-10-23,2.305428571428571,5.132285714285715,0.22,87.11999999999999,0.19885714285714284,1.6422857142857141,0.48914285714285716,1.153142857142857,10.128,69.89171428571429,80.61371428571428,2.511142857142857
2021-10-24,2.3154285714285714,6.050285714285714,0.0611428571428572,87.01542857142857,0.15428571428571428,0.7325714285714285,0.1702857142857143,0.5622857142857143,10.786571428571428,74.90485714285714,68.49542857142858,1.8348571428571427
2021-10-25,2.1605714285714286,6.525714285714286,-0.40114285714285713,87.82514285714286,0.20428571428571435,1.06,0.14714285714285716,0.9128571428571429,10.688571428571427,69.57685714285715,62.05228571428571,2.595142857142857
2021-10-26,1.9954285714285716,6.1334285714285715,-0.402,87.55542857142858,0.00628571428571431,0.8494285714285713,0.08342857142857142,0.7659999999999999,10.219999999999999,64.78828571428572,71.28942857142857,3.2151428571428573
2021-10-27,3.969142857142857,9.211714285714285,1.1611428571428573,84.96057142857143,1.4322857142857144,0.5125714285714286,0.06428571428571428,0.4482857142857143,9.150857142857141,80.73885714285714,72.71457142857143,2.8385714285714285
2021-10-28,5.342285714285714,9.624857142857143,2.742,89.71714285714286,3.616285714285714,2.5408571428571425,0.004857142857142858,2.5359999999999996,7.807142857142857,73.64085714285714,67.18057142857144,2.7317142857142858
2021-10-29,5.781142857142857,9.60742857142857,3.2825714285714285,89.62257142857143,4.043714285714286,1.6600000000000001,0.0,1.6600000000000001,7.051714285714286,68.15657142857143,74.45628571428573,2.8254285714285716
2021-10-30,4.879428571428572,8.339142857142857,2.5148571428571427,88.6122857142857,3.0545714285714283,2.374,0.7542857142857142,1.6197142857142859,5.769428571428572,47.20657142857143,83.89771428571429,2.6142857142857143
2021-10-31,3.7374285714285715,6.4397142857142855,1.7565714285714287,89.96342857142857,2.158857142857143,1.796857142857143,0.3382857142857143,1.4585714285714286,7.1168571428571425,47.56314285714286,89.31685714285715,2.8554285714285714
2021-11-01,1.9200000000000002,3.756857142857143,0.3048571428571429,83.586,-0.78,1.7348571428571429,0.77,0.9648571428571429,11.065428571428571,64.56028571428571,83.192,4.529714285714285
2021-11-02,-0.37857142857142856,1.7314285714285715,-2.2342857142857144,79.884,-3.637142857142857,0.9148571428571429,0.5728571428571428,0.3420000000000001,13.722857142857142,58.847428571428566,85.03542857142857,3.6514285714285712
2021-11-03,-1.1537142857142857,2.175142857142857,-3.5005714285714284,79.198,-4.637714285714286,0.33485714285714285,0.21114285714285716,0.1237142857142857,13.797714285714285,63.766,81.04571428571428,2.379714285714286
2021-11-04,-0.36114285714285715,4.598571428571428,-3.2,80.49571428571429,-3.6465714285714284,0.19457142857142856,0.06428571428571428,0.13028571428571428,10.295714285714284,80.69542857142858,57.212857142857146,2.3059999999999996
2021-11-05,2.0634285714285716,7.671714285714286,-1.0805714285714285,88.09942857142858,0.11085714285714285,0.060000000000000005,0.02885714285714286,0.031142857142857146,10.285714285714286,78.34057142857144,57.21828571428572,2.8977142857142857
2021-11-06,4.3511428571428565,7.887428571428572,2.250857142857143,88.73942857142858,2.484857142857143,0.8865714285714286,0.23199999999999998,0.6545714285714286,8.990857142857141,60.098285714285716,62.258571428571436,2.986
2021-11-07,5.036,8.696285714285715,2.8974285714285712,92.346,3.8160000000000003,0.4588571428571428,0.01628571428571429,0.4425714285714285,8.537428571428572,51.65942857142857,76.32228571428573,2.474
2021-11-08,5.177428571428572,8.901714285714286,2.5660000000000003,90.23371428571429,3.632,0.4277142857142857,0.0802857142857143,0.3474285714285714,7.969428571428572,56.52771428571429,74.63085714285714,2.648285714285714
2021-11-09,3.4717142857142855,7.126,0.5151428571428571,84.28428571428572,0.8122857142857143,0.22771428571428573,0.16342857142857145,0.06428571428571428,7.059142857142857,66.00028571428572,64.84714285714286,2.9219999999999997
2021-11-10,0.9431428571428571,4.368571428571428,-2.3142857142857145,80.16914285714286,-2.4785714285714286,0.31657142857142856,0.19885714285714284,0.11771428571428572,7.648000000000001,66.56914285714286,65.68942857142858,2.646857142857143
2021-11-11,-0.24657142857142855,2.3362857142857143,-2.4297142857142857,83.48771428571429,-2.978285714285714,2.8240000000000003,3.6617142857142855,0.0,10.637714285714285,35.979142857142854,89.92371428571428,3.8325714285714283
2021-11-12,1.068,3.0525714285714285,-0.5857142857142857,87.49828571428571,-1.028857142857143,6.360857142857142,6.6411428571428575,0.0,12.615999999999998,39.04057142857143,90.91885714285714,4.674571428571429
2021-11-13,-0.5291428571428571,1.1191428571428572,-2.245142857142857,90.1842857142857,-2.129142857142857,1.7197142857142858,1.482,0.23771428571428577,13.87685714285714,36.28457142857143,93.15257142857143,3.966857142857143
2021-11-14,-1.7811428571428571,0.47942857142857137,-3.7282857142857146,89.17485714285714,-3.5754285714285716,1.2914285714285716,0.9762857142857143,0.3151428571428573,15.109142857142855,34.16257142857143,95.18942857142858,3.1634285714285713
2021-11-15,-3.044285714285714,-0.3751428571428571,-5.244571428571429,87.32257142857142,-5.172285714285715,1.0077142857142858,0.6045714285714285,0.40314285714285725,16.02885714285714,39.43942857142857,92.49142857142857,2.582857142857143
2021-11-16,-4.179142857142858,-0.576,-7.249428571428571,82.94114285714286,-7.034571428571429,1.1308571428571428,1.7402857142857142,0.0,16.189714285714285,44.482571428571426,83.91542857142856,2.584857142857143
2021-11-17,-1.9725714285714284,1.0945714285714285,-4.831428571428571,91.21857142857144,-3.4785714285714286,4.191428571428571,6.4957142857142856,0.0,16.015428571428572,18.55314285714286,94.34171428571429,3.6617142857142855
2021-11-18,-0.9582857142857143,1.298,-3.0037142857142856,92.16714285714285,-2.3657142857142857,2.2925714285714283,2.093142857142857,0.1994285714285713,16.004571428571428,32.92428571428571,96.014,4.192857142857143
2021-11-19,-4.072,-1.231142857142857,-6.980285714285714,87.21628571428572,-6.284,0.5714285714285714,0.5185714285714286,0.052857142857142825,16.538285714285713,48.97857142857143,73.928,3.9434285714285715
2021-11-20,-3.023428571428571,-0.33857142857142863,-5.944,90.54828571428571,-4.718857142857143,0.5391428571428571,0.5357142857142857,0.0034285714285714475,15.814285714285715,30.02657142857143,90.89485714285715,3.408
2021-11-21,-3.6145714285714283,-0.3625714285714286,-7.201428571428572,93.07114285714286,-4.852285714285714,1.9160000000000001,1.8299999999999998,0.0860000000000003,15.744285714285713,28.646571428571427,86.78714285714287,3.6514285714285712
2021-11-22,-8.62742857142857,-4.974571428571429,-11.006571428571428,88.60971428571429,-10.568857142857144,1.8122857142857143,2.0834285714285716,0.0,17.225142857142856,41.64571428571429,81.11800000000001,4.97
2021-11-23,-9.046000000000001,-3.310857142857143,-13.817142857142857,87.73228571428572,-11.121142857142857,0.7734285714285715,0.8017142857142857,0.0,17.523999999999997,43.40571428571429,71.94342857142857,3.26
2021-11-24,-5.635142857142857,-1.332,-10.632571428571428,90.79857142857142,-7.249714285714286,0.19142857142857142,0.214,0.0,16.931142857142856,40.18942857142857,76.884,3.543142857142857
2021-11-25,-10.620571428571429,-6.642857142857143,-14.331142857142858,92.884,-11.701428571428572,0.9882857142857144,0.9694285714285714,0.018857142857143017,16.959714285714284,36.093714285714285,71.95942857142857,3.267142857142857
2021-11-26,-11.993142857142857,-7.321142857142857,-15.820857142857143,87.87228571428572,-13.839428571428572,0.7562857142857142,0.9819999999999999,0.0,17.314285714285713,43.928,67.634,3.3462857142857145
2021-11-27,-10.194857142857142,-5.282285714285714,-13.762285714285715,87.37942857142858,-12.325999999999999,0.45257142857142857,0.6954285714285714,0.0,17.435142857142854,41.33314285714286,69.30514285714285,2.468571428571429
2021-11-28,-7.360857142857142,-4.421428571428572,-10.308285714285715,88.55742857142857,-9.378285714285715,0.7842857142857143,1.2254285714285715,0.0,17.381428571428568,30.730285714285714,91.07485714285714,2.3128571428571427
2021-11-29,-8.497428571428571,-4.934571428571429,-11.449714285714286,89.71114285714286,-10.326571428571429,0.5774285714285714,0.9111428571428571,0.0,17.518571428571427,30.772,90.34371428571428,2.1368571428571426
2021-11-30,-6.606285714285714,-3.580857142857143,-9.966571428571427,93.20971428571428,-7.893428571428571,1.5822857142857143,1.784,0.0,17.617714285714285,31.64685714285714,88.66057142857143,3.218571428571429
2021-12-01,-8.939428571428572,-4.620285714285714,-13.104285714285714,91.78571428571429,-10.445142857142857,1.504857142857143,1.941714285714286,0.0,17.700285714285712,32.219142857142856,76.98514285714286,3.1902857142857144
2021-12-02,-7.880857142857143,-3.616285714285714,-12.851428571428572,94.32742857142857,-8.935428571428572,2.640285714285714,2.3551428571428574,0.2851428571428567,18.013142857142856,33.81542857142857,79.3742857142857,4.418857142857143
2021-12-03,-13.918285714285714,-9.575142857142858,-17.38457142857143,89.48085714285715,-15.652571428571429,0.30742857142857144,0.4297142857142857,0.0,17.84342857142857,45.48685714285714,55.65657142857143,3.120285714285714
2021-12-04,-12.032571428571428,-8.47257142857143,-15.096571428571428,90.52228571428572,-13.60257142857143,0.8094285714285715,1.2165714285714284,0.0,18.119714285714284,38.438857142857145,76.62314285714285,3.3794285714285714
2021-12-05,-12.900857142857141,-9.016571428571428,-16.97142857142857,91.47885714285715,-14.316,0.6362857142857142,1.350857142857143,0.0,18.255714285714284,32.721714285714285,80.74742857142857,2.876
2021-12-06,-13.734285714285713,-9.593428571428571,-18.464,94.79485714285715,-14.604,3.3777142857142857,4.475714285714286,0.0,18.448285714285714,29.705714285714286,84.10514285714285,4.286
2021-12-07,-19.356,-15.303142857142857,-22.345428571428574,91.02485714285714,-20.599714285714285,0.3777142857142857,0.5288571428571428,0.0,18.64085714285714,40.64942857142857,64.16685714285715,3.7631428571428573
2021-12-08,-18.449714285714286,-15.278,-21.370285714285714,91.93171428571429,-19.608,0.5631428571428572,1.0231428571428571,0.0,18.68885714285714,40.24657142857143,69.88514285714285,2.4611428571428573
2021-12-09,-15.19457142857143,-8.471428571428572,-21.826285714285714,93.40285714285714,-16.292571428571428,1.7371428571428573,2.725714285714286,0.0,18.79885714285714,27.48,82.54742857142857,3.4705714285714286
2021-12-10,-7.306857142857143,-4.018,-11.326285714285715,96.83228571428572,-8.099714285714287,1.4482857142857142,2.217714285714286,0.0,19.572,36.33142857142857,78.20085714285713,3.3462857142857145
2021-12-11,-7.134285714285714,-3.6002857142857145,-9.986571428571429,97.40314285714287,-7.861714285714286,3.7802857142857142,3.5125714285714285,0.2677142857142858,19.860857142857142,28.03857142857143,81.1,3.692857142857143
2021-12-12,-7.183142857142857,-3.1914285714285717,-10.62742857142857,93.56228571428571,-8.491714285714286,0.5602857142857143,0.6122857142857143,0.0,20.22942857142857,43.96771428571428,56.890571428571434,4.090285714285714
2021-12-13,-5.911714285714286,-3.26,-9.34057142857143,94.50657142857143,-7.003428571428572,0.44657142857142856,0.36057142857142854,0.08600000000000002,19.816285714285712,36.18742857142857,73.62400000000001,3.570857142857143
2021-12-14,-9.848571428571429,-5.158571428571428,-13.665428571428572,94.73057142857144,-10.905714285714286,0.21685714285714286,0.18514285714285714,0.03171428571428572,19.835714285714285,36.125142857142855,72.63857142857142,2.8805714285714283
2021-12-15,-3.4480000000000004,0.47800000000000004,-7.724571428571429,95.44742857142857,-4.349714285714286,0.798,0.8997142857142858,0.0,19.71942857142857,13.918857142857142,97.052,3.759428571428572
2021-12-16,-0.602,3.6568571428571426,-6.224285714285714,94.49314285714286,-1.5839999999999999,7.639142857142858,4.117714285714285,3.5214285714285722,17.56142857142857,18.887142857142855,94.95057142857142,5.233428571428571
2021-12-17,-9.776857142857143,-5.277714285714286,-14.044285714285715,85.48571428571428,-12.181714285714285,0.7865714285714286,0.9988571428571429,0.0,16.89257142857143,31.302571428571426,81.48114285714286,5.496857142857143
2021-12-18,-14.729142857142856,-12.254857142857142,-16.84857142857143,87.178,-16.601714285714284,0.47,1.4068571428571428,0.0,18.00857142857143,31.54342857142857,76.12742857142857,2.5534285714285714
2021-12-19,-16.106857142857145,-11.832571428571429,-19.759428571428572,89.80571428571427,-17.623714285714286,0.7751428571428571,1.2185714285714286,0.0,18.468285714285713,39.73885714285715,63.622,2.713714285714286
2021-12-20,-11.257428571428571,-6.635142857142857,-15.893999999999998,92.0562857142857,-12.596857142857143,1.7768571428571427,2.6237142857142857,0.0,18.965714285714284,28.409714285714287,83.83542857142857,4.567142857142857
2021-12-21,-15.754,-12.264285714285714,-18.90657142857143,88.55142857142857,-17.45342857142857,0.768,1.050857142857143,0.0,19.065714285714286,34.094,69.69771428571428,3.1448571428571426
2021-12-22,-17.686285714285713,-14.368857142857141,-21.46257142857143,92.11399999999999,-18.85885714285714,0.9451428571428571,1.1837142857142857,0.0,19.104285714285712,37.52542857142858,69.21685714285715,3.3522857142857143
2021-12-23,-19.26457142857143,-14.695428571428572,-22.518,90.98542857142857,-20.609428571428573,0.3771428571428571,0.61,0.0,19.075714285714284,41.169428571428575,61.58057142857143,2.4337142857142857
2021-12-24,-13.468571428571428,-7.134,-18.018285714285714,96.63685714285714,-14.054,2.0268571428571427,3.564,0.0,19.22657142857143,23.47057142857143,82.32457142857143,3.311714285714286
2021-12-25,-9.913428571428572,-5.496285714285714,-14.214571428571428,96.42971428571428,-10.557142857142857,2.6634285714285713,3.1697142857142855,0.0,20.20942857142857,26.199142857142856,84.82314285714286,3.672857142857143
2021-12-26,-17.32057142857143,-12.23542857142857,-21.66,91.40685714285715,-18.585428571428572,0.18114285714285713,0.0962857142857143,0.08485714285714284,20.455142857142857,45.154,55.462857142857146,3.1245714285714286
2021-12-27,-20.231428571428573,-15.955714285714286,-23.56257142857143,92.08257142857143,-21.38657142857143,0.8714285714285714,1.5679999999999998,0.0,20.415999999999997,33.71371428571429,72.70485714285715,3.339714285714286
2021-12-28,-17.98057142857143,-14.222857142857142,-21.70885714285714,94.32685714285715,-18.911714285714286,0.984,1.0425714285714287,0.0,20.560285714285715,36.95085714285714,77.73685714285715,2.4594285714285715
2021-12-29,-16.377428571428574,-11.631142857142859,-20.323142857142855,95.83857142857143,-17.084857142857143,2.1854285714285715,2.412,0.0,20.995714285714286,31.25142857142857,81.86371428571428,2.526
2021-12-30,-16.614571428571427,-12.67457142857143,-20.518571428571427,94.60257142857144,-17.495428571428572,0.6582857142857143,0.6865714285714286,0.0,21.460857142857144,37.20285714285714,68.84771428571429,2.688857142857143
2021-12-31,-17.70057142857143,-13.830571428571428,-21.272,97.00628571428571,-18.206,0.9219999999999999,1.4111428571428573,0.0,21.577714285714286,32.156,74.23114285714286,2.638
2022-01-01,-20.395714285714288,-16.46,-24.12542857142857,96.09628571428571,-20.83142857142857,0.3242857142857143,0.3922857142857143,0.0,21.543142857142858,45.785428571428575,53.795428571428566,3.1368571428571426
2022-01-02,-23.280857142857144,-18.96314285714286,-27.14,93.99857142857142,-24.027714285714286,0.25457142857142856,0.4991428571428571,0.0,21.451142857142855,50.98771428571428,51.256,3.1839999999999997
2022-01-03,-20.538285714285717,-15.747428571428571,-24.808857142857143,94.526,-21.335714285714285,0.4774285714285715,0.6411428571428571,0.0,21.421142857142858,43.54485714285714,59.816857142857145,2.3442857142857143
2022-01-04,-19.508285714285712,-15.584000000000001,-23.009428571428572,95.92171428571429,-20.13657142857143,0.25457142857142856,0.4142857142857143,0.0,21.416857142857143,39.36485714285714,67.53714285714285,2.9051428571428572
2022-01-05,-20.816857142857145,-16.326857142857143,-24.825714285714284,96.45428571428572,-21.294,1.0014285714285713,1.8065714285714285,0.0,21.39914285714286,35.64142857142857,84.226,4.051142857142857
2022-01-06,-22.60085714285714,-18.69857142857143,-25.914285714285715,95.75714285714285,-23.126285714285714,0.1742857142857143,0.5351428571428571,0.0,21.349714285714285,46.73942857142857,62.51685714285715,3.513714285714286
2022-01-07,-23.975714285714286,-19.947714285714284,-27.89542857142857,95.40914285714287,-24.521714285714285,0.27228571428571424,0.27199999999999996,0.00028571428571427804,21.265142857142855,58.61828571428571,43.777142857142856,3.031428571428571
2022-01-08,-17.22085714285714,-9.688571428571429,-24.019142857142857,95.38685714285714,-18.00057142857143,2.3608571428571428,3.4377142857142857,0.0,21.637142857142855,31.764285714285716,79.53971428571428,3.646857142857143
2022-01-09,-15.111999999999998,-9.006285714285715,-21.342285714285715,95.62028571428571,-15.842285714285715,1.2348571428571429,1.744,0.0,22.437142857142856,40.782000000000004,73.52285714285715,5.788571428571428
2022-01-10,-24.54,-21.32542857142857,-27.676857142857145,93.532,-25.324285714285715,0.5134285714285715,0.6254285714285714,0.0,22.437714285714282,52.45285714285714,35.651714285714284,4.973428571428571
2022-01-11,-23.022,-14.422571428571427,-30.197714285714287,94.606,-23.69085714285714,1.1377142857142857,1.6328571428571428,0.0,22.595714285714287,37.15657142857143,69.47742857142858,3.538
2022-01-12,-16.771428571428572,-11.853428571428571,-22.067714285714285,95.91428571428571,-17.453714285714284,0.5248571428571429,0.902,0.0,22.925142857142855,48.05714285714286,61.92914285714286,3.8560000000000003
2022-01-13,-19.270857142857142,-14.827714285714286,-24.045428571428573,96.19057142857143,-19.88657142857143,0.5194285714285715,0.7934285714285714,0.0,22.93942857142857,49.26942857142857,56.61085714285715,2.785428571428571
2022-01-14,-27.363714285714288,-20.63942857142857,-32.75485714285715,95.99742857142857,-27.734571428571428,0.05714285714285714,0.10828571428571429,0.0,22.885428571428573,66.76371428571429,39.446285714285715,3.272
2022-01-15,-24.840571428571426,-14.938285714285715,-31.157999999999998,95.30085714285715,-25.29942857142857,0.2968571428571429,0.38742857142857146,0.0,22.81057142857143,54.628571428571426,62.80314285714286,3.8562857142857143
2022-01-16,-13.015714285714287,-8.467142857142857,-18.729142857142858,95.36857142857143,-14.004857142857142,1.4062857142857144,2.119428571428571,0.0,23.201999999999998,49.59257142857143,74.58485714285713,3.8531428571428576
2022-01-17,-16.792857142857144,-12.622,-21.005428571428574,96.34514285714286,-17.480857142857143,1.2245714285714286,2.4105714285714286,0.0,23.327428571428573,48.85914285714286,60.68942857142857,3.3634285714285714
2022-01-18,-21.83057142857143,-16.762857142857143,-26.911142857142856,95.91628571428572,-22.404857142857143,1.3154285714285714,2.0082857142857145,0.0,23.40885714285714,57.61742857142857,55.12685714285715,3.1222857142857143
2022-01-19,-20.524857142857144,-15.656,-24.673142857142857,96.16371428571429,-21.074571428571428,2.228857142857143,3.323714285714286,0.0,24.43114285714286,52.956857142857146,67.46085714285715,4.755428571428571
2022-01-20,-25.181428571428572,-19.655714285714286,-29.626,96.14628571428571,-25.585714285714285,0.14085714285714285,0.14942857142857144,0.0,24.585714285714285,73.418,24.562857142857144,3.748857142857143
2022-01-21,-19.073428571428572,-10.804571428571428,-24.66057142857143,95.59971428571428,-19.752857142857142,0.7817142857142857,1.292,0.0,24.50142857142857,54.962,59.096000000000004,4.238571428571428
2022-01-22,-15.251714285714284,-9.554857142857143,-20.489428571428572,96.43457142857143,-15.954857142857142,1.5794285714285714,2.408857142857143,0.0,24.941142857142854,55.49628571428571,67.658,5.1897142857142855
2022-01-23,-22.361142857142855,-18.393142857142855,-26.64,95.616,-22.935714285714287,0.22199999999999998,0.43428571428571433,0.0,25.006,74.55028571428572,44.13657142857143,3.7205714285714286
2022-01-24,-23.858571428571427,-20.215714285714284,-27.93942857142857,96.35942857142857,-24.329714285714285,0.34628571428571425,0.7388571428571429,0.0,24.943714285714286,69.25857142857143,42.59,3.144285714285714
2022-01-25,-26.05485714285714,-22.243142857142857,-30.72657142857143,96.19657142857143,-26.486857142857144,0.1597142857142857,0.27485714285714286,0.0,24.866857142857143,79.61685714285714,34.063428571428574,3.341714285714286
2022-01-26,-23.090571428571426,-12.988285714285714,-29.840857142857146,95.25714285714285,-23.709142857142858,1.0157142857142856,1.6005714285714288,0.0,24.871714285714287,59.79857142857142,62.23028571428571,4.168285714285714
2022-01-27,-15.432285714285713,-9.849714285714287,-20.54942857142857,95.78142857142856,-16.210285714285714,1.2991428571428572,1.8417142857142856,0.0,25.351999999999997,65.08914285714286,62.514857142857146,5.881428571428572
2022-01-28,-21.662285714285712,-16.87942857142857,-26.09314285714286,96.21085714285715,-22.14857142857143,0.1422857142857143,0.2357142857142857,0.0,25.31542857142857,79.97542857142857,48.492,3.1874285714285713
2022-01-29,-20.302000000000003,-14.564857142857143,-24.741714285714288,95.82,-20.918857142857142,0.35,0.5471428571428572,0.0,25.247142857142858,73.45571428571428,67.89171428571429,2.1677142857142857
2022-01-30,-19.509714285714285,-15.028857142857143,-24.386285714285712,96.31742857142858,-20.105142857142855,0.2957142857142857,0.438,0.0,25.220285714285716,75.95028571428573,52.92428571428571,2.2134285714285715
2022-01-31,-16.744,-10.361714285714287,-21.341428571428573,95.88114285714286,-17.48057142857143,0.5305714285714286,0.798,0.0,25.231428571428573,66.656,66.65114285714286,2.4125714285714284
2022-02-01,-8.320857142857143,-3.5942857142857143,-14.746857142857143,96.95914285714287,-9.071142857142858,3.2634285714285713,4.764857142857142,0.0,25.982,50.79914285714286,91.01485714285714,4.788
2022-02-02,-16.431714285714285,-8.667714285714286,-21.284285714285716,96.32514285714286,-16.99857142857143,1.2037142857142857,2.248857142857143,0.0,26.818571428571428,72.44942857142857,62.12114285714285,4.940571428571428
2022-02-03,-23.55457142857143,-18.210857142857144,-28.677714285714288,95.47628571428572,-24.126285714285714,0.3668571428571428,1.0668571428571427,0.0,26.62485714285714,88.94628571428571,38.04685714285714,3.8162857142857143
2022-02-04,-23.310000000000002,-18.77457142857143,-27.762857142857143,95.71657142857143,-23.839142857142857,0.29171428571428576,0.424,0.0,26.485142857142858,91.71314285714286,45.285714285714285,3.1577142857142855
2022-02-05,-23.41857142857143,-16.92457142857143,-29.49142857142857,94.46428571428571,-24.128857142857143,0.4702857142857143,0.6165714285714285,0.0,26.377142857142857,98.89257142857143,49.437714285714286,2.559428571428571
2022-02-06,-18.147142857142857,-13.702857142857143,-22.49,95.99885714285715,-18.831714285714288,1.062857142857143,1.5671428571428572,0.0,26.616285714285716,82.68885714285715,64.63657142857143,3.062
2022-02-07,-17.873142857142856,-11.564857142857143,-23.202571428571428,97.61999999999999,-18.289428571428573,0.6017142857142856,0.9537142857142857,0.0,26.782,82.224,61.86828571428571,3.055142857142857
2022-02-08,-10.994571428571428,-4.940285714285714,-15.493428571428572,96.662,-11.788,0.33399999999999996,0.508,0.0,26.695714285714285,73.29199999999999,78.02114285714286,3.102
2022-02-09,-7.89,-3.52,-12.218857142857141,97.97885714285715,-8.535714285714286,1.9805714285714284,3.208285714285714,0.0,26.97885714285714,56.71485714285714,86.66485714285714,3.6474285714285712
2022-02-10,-13.921142857142858,-8.473714285714285,-18.58,96.68971428571429,-14.540857142857144,1.532857142857143,2.3097142857142856,0.0,27.547428571428572,78.02942857142858,76.31428571428572,3.693142857142857
2022-02-11,-17.331714285714288,-12.493142857142857,-22.25942857142857,97.00085714285714,-17.855428571428572,2.813142857142857,3.5034285714285716,0.0,28.605428571428572,75.48514285714286,74.91228571428572,4.488857142857142
2022-02-12,-24.75057142857143,-17.211714285714283,-31.418000000000003,96.44514285714286,-25.136,0.37542857142857144,0.48428571428571426,0.0,29.12542857142857,105.58485714285713,45.77857142857143,3.858285714285714
2022-02-13,-26.074,-19.001142857142856,-31.727714285714285,94.37085714285715,-26.677714285714288,0.04971428571428571,0.10228571428571429,0.0,28.94857142857143,116.35799999999999,44.251999999999995,2.5528571428571425
2022-02-14,-22.371714285714287,-17.193714285714286,-27.08685714285714,94.53628571428571,-23.097714285714286,0.11314285714285714,0.24828571428571428,0.0,28.758,117.21228571428573,45.11914285714286,2.7457142857142856
2022-02-15,-20.930285714285716,-14.631428571428572,-27.32,94.54142857142857,-21.704,0.2977142857142857,0.47285714285714286,0.0,28.568285714285715,113.40657142857143,53.36685714285714,2.9497142857142857
2022-02-16,-11.964571428571428,-7.257428571428571,-16.749142857142857,96.03428571428572,-12.809714285714287,2.596,3.431142857142857,0.0,29.263714285714286,75.15971428571429,92.26371428571429,4.207142857142857
2022-02-17,-16.335714285714285,-9.986857142857144,-21.75314285714286,96.11657142857143,-16.962,1.4865714285714287,1.7422857142857142,0.0,29.45285714285714,102.61542857142857,54.74542857142857,4.325142857142857
2022-02-18,-22.88342857142857,-16.436,-29.522,94.51971428571429,-23.58342857142857,1.254,2.8802857142857143,0.0,29.296857142857146,113.69057142857143,68.822,3.2845714285714283
2022-02-19,-19.465714285714284,-16.010571428571428,-23.333714285714283,94.96,-20.197714285714284,1.3774285714285714,2.136,0.0,29.491714285714288,114.808,63.32599999999999,4.518
2022-02-20,-15.863428571428573,-10.385142857142858,-21.46542857142857,94.88828571428571,-16.771714285714285,2.888857142857143,4.58,0.0,30.550285714285714,99.06914285714286,74.86142857142858,4.492571428571429
2022-02-21,-22.470000000000002,-15.278,-28.642285714285716,95.75942857142857,-23.024285714285714,0.1814285714285714,0.29857142857142854,0.0,30.865714285714283,119.34285714285714,58.73371428571428,3.5740000000000003
2022-02-22,-21.685142857142857,-16.700857142857142,-26.07857142857143,97.42542857142857,-21.954571428571427,2.012857142857143,3.278857142857143,0.0,31.067142857142855,103.27542857142856,78.88885714285715,3.6505714285714284
2022-02-23,-21.60457142857143,-15.632,-27.325714285714284,95.89714285714285,-22.13114285714286,1.1348571428571428,1.1514285714285715,0.0,31.550857142857144,137.22028571428572,60.79514285714286,3.9708571428571426
2022-02-24,-21.377714285714287,-15.896857142857142,-26.638857142857145,93.74828571428571,-22.252857142857142,0.08171428571428571,0.1417142857142857,0.0,31.368571428571432,147.79171428571428,40.632,2.5745714285714287
2022-02-25,-18.750285714285713,-12.638,-23.770857142857142,95.19142857142856,-19.470000000000002,0.46114285714285713,1.337142857142857,0.0,31.066857142857142,134.47314285714288,59.44199999999999,3.4988571428571427
2022-02-26,-12.256285714285713,-8.31257142857143,-16.233142857142855,95.47257142857143,-13.250857142857143,0.78,1.2691428571428571,0.0,30.82428571428571,103.53685714285714,72.69314285714286,4.655142857142858
2022-02-27,-15.020857142857144,-9.85,-19.59942857142857,94.47114285714285,-16.005714285714287,0.43542857142857144,0.7854285714285715,0.0,30.618571428571432,135.56714285714287,54.254285714285714,4.649714285714286
2022-02-28,-18.117714285714285,-11.478571428571428,-24.095428571428574,93.23742857142857,-19.18,0.17685714285714288,0.326,0.0,30.299142857142858,144.74742857142857,61.505428571428574,2.520857142857143
2022-03-01,-13.973714285714285,-9.384,-18.302857142857142,96.18914285714285,-14.740857142857141,0.6477142857142858,1.07,0.0,30.203142857142854,130.10028571428572,64.66514285714287,2.6405714285714286
2022-03-02,-15.920000000000002,-11.554,-20.22542857142857,95.60514285714285,-16.750857142857143,0.35371428571428576,0.7817142857142857,0.0,29.971714285714285,139.16142857142856,53.308571428571426,3.1594285714285713
2022-03-03,-18.33942857142857,-13.220857142857144,-23.257142857142856,93.87514285714286,-19.31085714285714,0.23285714285714287,0.3231428571428572,0.0,29.71085714285714,158.41171428571428,44.011428571428574,3.7788571428571425
2022-03-04,-14.896,-10.236857142857144,-19.35085714285714,94.41857142857143,-15.937428571428569,0.14257142857142857,0.19028571428571428,0.0,29.418857142857146,157.7822857142857,47.59885714285714,3.356
2022-03-05,-11.587714285714286,-5.901428571428572,-16.242,94.49742857142857,-12.662571428571429,0.9222857142857143,1.1857142857142857,0.0,29.185714285714287,108.372,87.5097142857143,2.4099999999999997
2022-03-06,-7.240571428571428,-3.2725714285714282,-10.763142857142856,96.89742857142856,-8.010857142857143,2.3480000000000003,2.2645714285714287,0.08342857142857163,29.62942857142857,113.00485714285715,82.21571428571428,3.542
2022-03-07,-9.574,-6.230857142857143,-13.215714285714286,96.55714285714286,-10.42942857142857,0.7100000000000001,2.1591428571428573,0.0,29.40714285714286,120.63171428571428,75.88942857142858,2.778857142857143
2022-03-08,-9.153428571428572,-4.261142857142857,-13.823714285714285,93.59057142857144,-10.509714285714285,0.6548571428571428,0.918,0.0,29.33828571428571,130.45857142857145,73.80085714285715,3.0885714285714285
2022-03-09,-9.490285714285713,-4.954571428571429,-13.150571428571428,94.708,-10.559142857142858,0.7265714285714285,1.3474285714285714,0.0,29.28514285714286,123.10742857142857,79.24342857142857,3.617142857142857
2022-03-10,-14.489714285714285,-10.669428571428572,-17.81114285714286,93.91114285714285,-15.590285714285713,0.2914285714285714,0.5368571428571428,0.0,29.118,152.8542857142857,63.43057142857143,3.2
2022-03-11,-14.088857142857144,-10.106857142857143,-17.99942857142857,94.20028571428573,-15.118857142857141,0.8620000000000001,1.8431428571428572,0.0,28.96542857142857,142.83714285714285,74.01257142857143,2.9488571428571433
2022-03-12,-16.31457142857143,-10.955428571428572,-21.088857142857144,93.57457142857143,-17.43342857142857,0.6917142857142857,1.085142857142857,0.0,28.950285714285712,160.73542857142857,61.63742857142857,3.966
2022-03-13,-13.794857142857143,-8.818,-18.388,94.41514285714287,-14.847714285714284,0.6517142857142858,1.1922857142857142,0.0,28.896285714285714,148.0517142857143,68.44885714285715,3.1965714285714286
2022-03-14,-10.837714285714286,-6.000571428571429,-15.853428571428571,95.66285714285713,-11.762,0.37714285714285717,0.7957142857142857,0.0,28.718571428571426,153.7817142857143,72.67314285714285,3.4431428571428575
2022-03-15,-9.125714285714285,-3.1148571428571428,-14.881142857142859,96.33628571428571,-9.899142857142857,0.9799999999999999,1.5937142857142856,0.0,28.439999999999998,132.7882857142857,73.69028571428571,2.362857142857143
2022-03-16,-4.525714285714286,-0.11085714285714283,-8.347714285714286,96.79114285714286,-5.203142857142858,1.2037142857142857,2.146857142857143,0.0,27.95342857142857,128.44885714285715,82.72228571428572,2.171142857142857
2022-03-17,-2.2205714285714286,0.8505714285714284,-4.964571428571428,96.63028571428572,-2.936857142857143,1.1862857142857144,2.1074285714285717,0.0,27.11714285714286,141.2042857142857,79.15342857142856,2.508
2022-03-18,-2.4348571428571426,2.3851428571428572,-7.597142857142856,94.93485714285714,-3.439714285714286,0.08057142857142859,0.11942857142857143,0.0,25.25542857142857,173.43057142857143,57.154857142857146,2.6754285714285713
2022-03-19,-0.6891428571428572,2.387142857142857,-3.9611428571428577,96.202,-1.3594285714285714,1.4677142857142857,1.792857142857143,0.0,22.160285714285713,126.01285714285714,78.84828571428572,3.0954285714285716
2022-03-20,-2.543142857142857,1.5371428571428571,-5.9714285714285715,94.47057142857143,-3.640285714285714,0.7854285714285715,1.108857142857143,0.0,20.845714285714287,171.11742857142858,65.20428571428572,3.456
2022-03-21,-6.102571428571428,-1.0808571428571427,-10.906571428571429,90.5,-7.967142857142858,0.15685714285714286,0.10400000000000001,0.05285714285714285,20.077428571428573,202.85285714285715,26.902857142857144,3.183142857142857
2022-03-22,-7.037428571428571,-1.4599999999999997,-11.715428571428571,90.14,-8.928285714285714,1.832857142857143,2.8834285714285715,0.0,20.079428571428572,165.934,61.71628571428572,3.221142857142857
2022-03-23,-2.7777142857142856,1.034,-5.588571428571428,91.11171428571429,-4.426571428571429,1.7354285714285715,2.5862857142857143,0.0,20.363142857142858,130.78457142857144,95.27142857142857,3.684285714285714
2022-03-24,-1.1780000000000002,2.67,-4.758571428571429,93.28457142857143,-2.4480000000000004,2.020857142857143,2.4197142857142855,0.0,19.480285714285714,167.74057142857143,63.952285714285715,2.8077142857142854
2022-03-25,-1.858285714285714,1.8754285714285714,-6.448571428571428,92.91857142857143,-3.1202857142857146,1.0614285714285714,1.5585714285714287,0.0,18.191714285714287,139.84,72.21971428571429,3.044285714285714
2022-03-26,-9.009714285714287,-3.6171428571428574,-12.966,89.724,-10.665714285714285,1.1737142857142857,2.075714285714286,0.0,17.850285714285715,166.16485714285716,82.48914285714285,5.171714285714286
2022-03-27,-15.205142857142855,-10.832857142857142,-18.27885714285714,84.014,-17.550285714285714,0.6208571428571429,1.1614285714285715,0.0,18.463714285714286,202.70085714285713,51.05228571428571,5.359999999999999
2022-03-28,-13.917714285714286,-8.103714285714286,-18.287428571428574,83.46542857142857,-16.544285714285714,0.17600000000000002,0.3402857142857143,0.0,18.412857142857145,221.24742857142857,36.42171428571429,4.094285714285714
2022-03-29,-8.631142857142857,-1.0062857142857142,-14.296857142857142,84.46657142857143,-11.361714285714287,0.6028571428571429,0.8425714285714285,0.0,17.78857142857143,203.11514285714284,47.834857142857146,2.644
2022-03-30,-4.564857142857142,-1.008857142857143,-7.692285714285715,90.58314285714285,-6.255714285714285,4.8911428571428575,7.448857142857142,0.0,18.870857142857144,127.15971428571429,88.438,3.3882857142857143
2022-03-31,-4.286,0.1471428571428572,-8.001428571428571,93.00857142857143,-5.672285714285715,3.5285714285714285,4.0845714285714285,0.0,20.15085714285714,147.16857142857143,86.526,4.395142857142858
2022-04-01,-5.177142857142857,-0.07228571428571424,-9.549714285714286,89.52085714285714,-7.070571428571428,0.4905714285714286,0.5828571428571429,0.0,20.540285714285712,194.5897142857143,66.58457142857144,3.419142857142857
2022-04-02,-2.7117142857142857,1.558,-6.559142857142857,89.35114285714286,-4.654857142857144,0.4662857142857143,0.6814285714285715,0.0,19.354285714285712,172.0317142857143,74.37828571428571,2.456571428571429
2022-04-03,-2.4502857142857146,1.2514285714285716,-5.998285714285714,90.07428571428571,-4.1817142857142855,0.5034285714285714,0.876,0.0,18.423714285714286,155.36314285714286,86.68571428571428,1.9194285714285713
2022-04-04,-1.8694285714285717,2.318857142857143,-5.562571428571428,89.68257142857142,-3.726571428571429,0.43514285714285716,0.43942857142857145,0.0,17.22885714285714,173.10514285714285,81.084,1.957142857142857
2022-04-05,-0.049142857142857134,4.499142857142857,-3.734857142857143,88.94428571428573,-2.0488571428571425,0.5854285714285715,0.5951428571428572,0.0,16.092285714285715,175.34114285714284,78.58285714285715,2.591714285714286
2022-04-06,1.0122857142857142,4.420285714285715,-1.7448571428571429,88.81314285714286,-0.9737142857142856,2.6377142857142855,1.1414285714285715,1.496285714285714,14.452857142857143,160.3117142857143,76.57371428571429,4.450571428571429
2022-04-07,-0.7445714285714286,2.2205714285714286,-3.3254285714285716,88.57714285714285,-2.7060000000000004,4.356285714285714,3.149142857142857,1.2071428571428569,13.320285714285713,146.97657142857145,87.38514285714285,4.830285714285714
2022-04-08,-2.373428571428571,1.6114285714285714,-6.078285714285714,86.68771428571429,-4.722285714285714,1.5537142857142856,1.3671428571428572,0.1865714285714284,13.474571428571428,178.9382857142857,70.77285714285715,3.9394285714285715
2022-04-09,-2.578857142857143,2.4939999999999998,-7.025142857142857,83.5222857142857,-5.581714285714285,0.5802857142857143,0.7191428571428571,0.0,14.302285714285714,191.19314285714287,64.386,3.1454285714285715
2022-04-10,-0.5368571428571428,5.488571428571428,-5.154857142857143,82.25571428571428,-3.717714285714286,0.3425714285714286,0.13142857142857142,0.21114285714285716,14.871142857142857,197.69028571428572,75.70485714285715,2.7762857142857142
2022-04-11,1.6571428571428573,5.592285714285714,-1.1162857142857143,86.05942857142857,-0.7454285714285714,3.128285714285714,3.382285714285714,0.0,13.210857142857142,143.80114285714285,88.948,3.4971428571428573
2022-04-12,2.2354285714285713,6.725714285714286,-2.0542857142857143,78.77571428571429,-1.8085714285714285,0.9828571428571428,0.9811428571428572,0.0017142857142855572,12.780285714285714,231.574,66.99542857142858,3.5265714285714282
2022-04-13,1.0171428571428571,4.799714285714286,-1.9117142857142857,84.65485714285714,-1.5342857142857145,3.0302857142857142,2.657428571428571,0.3728571428571432,11.75457142857143,110.61485714285715,93.986,3.806
2022-04-14,-0.5277142857142859,2.624285714285714,-3.212857142857143,87.04685714285714,-2.914285714285714,10.758285714285714,12.164571428571428,0.0,12.112,141.036,92.16971428571429,5.358285714285714
2022-04-15,-2.495142857142857,0.17742857142857132,-4.848285714285714,84.29542857142857,-5.273714285714286,2.916857142857143,3.6462857142857144,0.0,13.178,185.70142857142858,79.46228571428571,4.644285714285715
2022-04-16,-4.674857142857143,-1.1340000000000001,-7.4879999999999995,81.85314285714286,-7.885142857142857,1.038,1.2854285714285716,0.0,14.146,206.45057142857144,82.10628571428572,3.9417142857142857
2022-04-17,-5.156571428571429,-0.22342857142857145,-9.624285714285715,80.834,-8.492571428571429,0.276,0.40371428571428575,0.0,15.339142857142857,238.59285714285716,72.31828571428571,2.3745714285714286
2022-04-18,-2.9765714285714284,0.9322857142857144,-6.075714285714286,85.64314285714286,-5.529714285714285,1.7668571428571427,2.4828571428571427,0.0,14.120571428571429,190.80285714285716,85.30857142857144,2.412
2022-04-19,-2.084857142857143,2.4882857142857144,-6.152285714285714,86.79114285714286,-4.369142857142857,1.6942857142857142,1.4025714285714286,0.2917142857142856,15.482857142857142,224.1717142857143,67.94285714285714,3.1337142857142855
2022-04-20,-1.3945714285714284,3.783142857142857,-6.088571428571428,81.92085714285714,-4.779142857142857,1.9120000000000001,2.218857142857143,0.0,15.129142857142856,240.69771428571428,59.27742857142857,3.1037142857142856
2022-04-21,0.8422857142857143,4.096571428571428,-1.945142857142857,87.33,-1.2514285714285713,4.429428571428572,4.521142857142857,0.0,14.677428571428573,166.00114285714287,93.97542857142857,4.144571428571429
2022-04-22,-0.7719999999999999,5.108,-6.308285714285714,79.14942857142857,-4.622571428571429,0.7879999999999999,0.6237142857142858,0.16428571428571415,13.152,251.56114285714284,52.574571428571424,2.6502857142857144
2022-04-23,0.714,5.385142857142857,-2.6805714285714286,84.50885714285714,-1.9928571428571429,8.867428571428572,9.084,0.0,12.814285714285715,164.19714285714284,81.38628571428572,3.666857142857143
2022-04-24,3.2617142857142856,8.429714285714287,-0.41657142857142854,89.92657142857142,1.4414285714285715,12.756857142857143,10.858,1.8988571428571426,13.472285714285713,146.00428571428571,95.348,4.427428571428572
2022-04-25,0.6677142857142857,5.381142857142858,-3.4157142857142855,89.85314285714286,-1.1365714285714286,6.121714285714286,4.805142857142857,1.3165714285714287,14.05857142857143,145.8962857142857,93.14342857142857,4.692
2022-04-26,-4.491714285714286,0.4682857142857143,-7.985428571428572,81.68228571428571,-7.642857142857143,0.9751428571428572,0.8777142857142857,0.09742857142857153,15.828285714285714,189.77057142857143,82.03342857142857,3.525142857142857
2022-04-27,-3.044,3.3,-8.62742857142857,77.10228571428571,-7.160285714285715,0.6228571428571429,0.42428571428571427,0.19857142857142862,17.93,278.8674285714286,53.600857142857144,2.9785714285714286
2022-04-28,0.6091428571428571,7.6731428571428575,-5.476857142857143,72.49199999999999,-4.724571428571429,0.314,0.01942857142857143,0.2945714285714286,15.801142857142857,299.9214285714286,25.486857142857144,2.3854285714285712
2022-04-29,3.3965714285714284,10.210571428571429,-1.921714285714286,73.04685714285714,-1.8125714285714285,0.36314285714285716,0.16685714285714284,0.1962857142857143,13.418285714285714,263.2574285714286,55.66171428571429,2.3045714285714283
2022-04-30,4.726,11.452857142857143,-0.7454285714285714,76.65028571428572,0.034857142857142864,1.9317142857142857,0.24742857142857144,1.6842857142857142,8.845714285714287,237.72914285714288,66.59285714285714,2.6262857142857143
2022-05-01,4.940285714285714,9.636571428571427,0.9351428571428573,81.90628571428572,1.6477142857142857,3.9934285714285718,0.6434285714285715,3.3500000000000005,7.995428571428571,145.24085714285715,89.38742857142857,3.4937142857142858
2022-05-02,4.575428571428572,7.347714285714286,2.074857142857143,90.17171428571429,2.9802857142857144,3.1605714285714286,1.9625714285714284,1.1980000000000002,7.675142857142857,116.02485714285714,98.434,2.9817142857142858
2022-05-03,2.6757142857142857,7.404857142857144,-1.1002857142857143,82.54742857142857,-0.376,1.1377142857142857,0.6151428571428572,0.5225714285714285,8.587428571428571,143.226,93.69657142857143,2.8777142857142857
2022-05-04,2.822857142857143,9.05857142857143,-2.3048571428571427,77.43742857142857,-1.4234285714285715,0.9537142857142857,0.366,0.5877142857142857,8.525714285714285,242.79399999999998,64.962,2.8354285714285714
2022-05-05,4.7214285714285715,12.683428571428571,-2.14,73.82514285714286,-0.4485714285714287,0.21285714285714283,0.20171428571428573,0.011142857142857093,4.958285714285714,262.93314285714285,55.09571428571428,1.9437142857142857
2022-05-06,6.014285714285714,13.366285714285715,-0.42628571428571427,71.916,0.3905714285714285,0.29542857142857143,0.035428571428571434,0.26,4.411142857142857,284.0268571428572,41.285714285714285,2.938857142857143
2022-05-07,7.452857142857144,15.372285714285713,0.5737142857142856,68.20371428571428,0.9834285714285714,0.11942857142857143,0.00028571428571428574,0.11914285714285713,2.7311428571428573,284.88742857142853,39.600857142857144,3.3391428571428574
2022-05-08,8.96,16.486857142857144,2.4345714285714286,70.42542857142857,3.0485714285714285,1.575142857142857,0.00028571428571428574,1.5748571428571427,1.3988571428571428,244.66371428571426,48.80114285714286,3.544285714285714
2022-05-09,10.478285714285715,17.78542857142857,4.196857142857143,75.29742857142857,5.555428571428571,3.3685714285714288,0.0,3.3685714285714288,0.32057142857142856,225.42142857142858,78.50999999999999,3.577714285714286
2022-05-10,13.249714285714285,18.854857142857142,8.567714285714287,71.00114285714285,7.397142857142857,3.331714285714286,0.0,3.331714285714286,0.07142857142857142,221.31114285714287,76.18171428571429,5.2545714285714284
2022-05-11,13.692285714285715,22.060285714285715,6.466857142857143,68.51314285714285,6.785428571428572,1.0885714285714285,0.0,1.0885714285714285,0.04228571428571429,265.86914285714283,51.842285714285715,2.572857142857143
2022-05-12,13.696857142857143,20.17742857142857,8.013428571428571,75.446,8.672857142857143,7.691428571428571,0.00028571428571428574,7.691142857142857,0.036,175.75628571428572,79.38285714285715,2.6434285714285712
2022-05-13,13.364,20.079714285714285,8.648,81.40114285714286,9.768,5.784571428571429,0.0,5.784571428571429,0.032857142857142856,190.66857142857143,75.79714285714286,3.158857142857143
2022-05-14,14.386857142857144,20.761142857142858,9.109714285714285,80.108,10.501714285714286,2.746,0.09857142857142857,2.6474285714285712,0.624,239.60885714285712,61.645428571428575,3.2174285714285715
2022-05-15,12.362,17.495428571428572,7.858,79.34342857142857,8.339428571428572,1.5625714285714285,0.0,1.5625714285714285,0.8068571428571429,206.35257142857142,77.01657142857142,2.884857142857143
2022-05-16,8.161142857142856,12.582,4.648000000000001,80.32628571428572,4.6568571428571435,1.8417142857142856,0.18428571428571427,1.6574285714285715,1.7917142857142856,158.68485714285714,90.04199999999999,3.1545714285714284
2022-05-17,6.646000000000001,12.67,0.9185714285714285,71.33257142857143,1.0137142857142856,0.6751428571428572,0.010571428571428572,0.6645714285714286,2.694857142857143,278.5542857142857,51.53885714285715,3.3705714285714286
2022-05-18,7.015714285714286,13.057714285714285,0.8625714285714287,71.99600000000001,1.5454285714285716,1.7945714285714287,0.038571428571428576,1.7560000000000002,2.0142857142857142,237.72857142857143,50.90257142857143,2.689142857142857
2022-05-19,7.186857142857143,12.405714285714286,2.454,78.188,3.0762857142857145,1.7188571428571429,0.13857142857142857,1.5802857142857143,1.7857142857142858,214.822,74.68285714285715,2.4259999999999997
2022-05-20,7.402857142857144,13.252,3.5182857142857142,85.04085714285713,4.880857142857143,6.986857142857143,0.49028571428571427,6.496571428571428,4.1728571428571435,139.63485714285716,89.3217142857143,3.3160000000000003
2022-05-21,6.195142857142858,10.525142857142857,2.071142857142857,78.88142857142857,2.3614285714285717,1.6945714285714286,0.194,1.5005714285714287,6.986857142857143,173.14514285714284,91.16314285714286,3.265142857142857
2022-05-22,6.394571428571429,12.132,1.131142857142857,75.04228571428571,1.6640000000000001,0.9862857142857143,0.05742857142857142,0.9288571428571429,4.656,220.83742857142857,78.67771428571427,2.452
2022-05-23,9.032285714285715,16.024,2.5922857142857145,71.10828571428571,3.177428571428571,0.24000000000000002,0.0008571428571428572,0.23914285714285716,2.3240000000000003,285.16685714285717,46.82714285714286,2.549142857142857
2022-05-24,10.412,16.664285714285715,4.445142857142858,69.93171428571429,4.454571428571429,1.2722857142857142,0.07142857142857142,1.2008571428571428,1.0474285714285714,261.1034285714286,59.08857142857143,3.170857142857143
2022-05-25,10.117428571428572,16.805714285714288,3.8854285714285717,74.59,5.274857142857143,0.8805714285714286,0.01,0.8705714285714286,1.2145714285714284,238.29600000000002,66.24342857142857,2.053142857142857
2022-05-26,11.817142857142859,16.555142857142854,7.980571428571428,85.99685714285714,9.277142857142858,7.279428571428571,0.002285714285714286,7.277142857142857,0.6008571428571429,145.7522857142857,95.052,2.825714285714286
2022-05-27,12.372857142857143,17.65342857142857,7.7948571428571425,83.1937142857143,9.186285714285713,2.6265714285714283,0.0,2.6265714285714283,0.31028571428571433,185.74371428571428,81.36057142857142,2.3565714285714288
2022-05-28,11.074,17.121714285714287,5.657714285714286,78.09,6.887142857142858,0.8542857142857143,0.027428571428571427,0.8268571428571428,0.86,240.40942857142858,69.866,2.420857142857143
2022-05-29,11.708,17.75485714285714,6.390571428571429,79.88285714285715,7.804857142857143,1.987142857142857,0.0,1.987142857142857,0.10914285714285714,227.97028571428572,66.81657142857142,2.626571428571429
2022-05-30,13.231142857142858,19.041428571428572,9.072285714285714,85.19428571428573,10.52257142857143,7.421428571428572,0.0,7.421428571428572,0.20114285714285715,164.37514285714286,91.50200000000001,3.5905714285714287
2022-05-31,15.138000000000002,22.206857142857142,9.865142857142859,84.25428571428571,12.170857142857143,6.204857142857143,0.0,6.204857142857143,0.10114285714285713,212.31114285714287,81.12400000000001,4.202571428571429
2022-06-01,13.19,18.286571428571428,8.86057142857143,78.72885714285715,9.228571428571428,2.6445714285714286,0.0,2.6445714285714286,0.0,202.22342857142857,85.06228571428571,4.037142857142857
2022-06-02,11.290857142857144,16.372571428571426,6.77,75.74114285714286,6.602571428571428,1.2925714285714287,0.0,1.2925714285714287,0.03257142857142857,226.4622857142857,74.796,2.8948571428571426
2022-06-03,10.10657142857143,15.116285714285713,5.348571428571428,76.194,5.519428571428572,1.4788571428571429,0.0,1.4788571428571429,0.07371428571428572,229.608,71.31942857142856,2.4985714285714287
2022-06-04,9.762571428571428,14.932571428571428,4.481428571428571,73.65114285714286,4.563714285714285,1.3494285714285714,0.0014285714285714286,1.348,0.2602857142857143,242.20628571428568,72.23885714285714,2.383142857142857
2022-06-05,10.96142857142857,16.54057142857143,5.740571428571428,74.76028571428571,5.989428571428571,1.2137142857142857,0.007714285714285715,1.206,0.30228571428571427,235.89885714285717,70.714,2.0725714285714285
2022-06-06,11.65942857142857,16.722285714285714,6.986,80.952,8.131142857142857,2.4734285714285713,0.0017142857142857144,2.4717142857142855,0.3545714285714286,198.48771428571428,76.36685714285714,1.8857142857142857
2022-06-07,12.594000000000001,17.133142857142857,8.408,83.83114285714286,9.586,3.940857142857143,0.0,3.940857142857143,0.11714285714285713,183.88485714285716,83.87400000000001,2.3068571428571425
2022-06-08,12.800857142857142,18.442285714285713,7.587142857142857,78.9902857142857,8.728,0.8845714285714286,0.0,0.8845714285714286,0.08514285714285715,244.758,63.931999999999995,2.290285714285714
2022-06-09,12.423428571428571,16.87057142857143,8.109714285714286,80.18857142857142,8.67057142857143,2.406,0.012571428571428572,2.3934285714285717,0.2965714285714286,212.49542857142856,78.87971428571429,2.680285714285714
2022-06-10,11.413142857142857,16.699714285714286,6.644,78.19742857142857,7.136571428571429,1.3065714285714285,0.09314285714285715,1.2134285714285713,1.098,228.0922857142857,69.946,2.742
2022-06-11,11.728571428571428,17.635714285714286,6.510285714285714,76.58228571428572,7.179714285714286,0.7351428571428572,0.003142857142857143,0.7320000000000001,1.0214285714285714,258.0334285714286,63.29371428571428,2.233142857142857
2022-06-12,12.592,18.583142857142857,7.636,79.5562857142857,8.632857142857143,2.0468571428571427,0.0034285714285714284,2.043428571428571,0.7722857142857144,248.89,58.05342857142857,2.0942857142857143
2022-06-13,15.05542857142857,21.67628571428571,8.996,75.768,10.156571428571429,1.5511428571428572,0.0,1.5511428571428572,0.23542857142857143,270.3802857142857,55.10857142857143,2.105714285714286
2022-06-14,17.404571428571426,23.966285714285714,11.533142857142856,76.02057142857143,12.513428571428571,1.739142857142857,0.0,1.739142857142857,0.0,253.67200000000003,50.000571428571426,2.5417142857142854
2022-06-15,18.836285714285715,24.709142857142854,14.216857142857142,81.356,15.197142857142856,10.192571428571428,0.0,10.192571428571428,0.0,191.098,83.30314285714286,2.9948571428571427
2022-06-16,18.015428571428572,22.212285714285713,13.804285714285713,83.87885714285714,14.915142857142856,8.579142857142857,0.0,8.579142857142857,0.029714285714285714,195.46371428571427,81.84028571428571,3.5614285714285714
2022-06-17,12.284857142857144,17.533714285714286,7.412000000000001,72.38942857142858,6.878857142857143,2.5780000000000003,0.11657142857142858,2.4614285714285717,1.131142857142857,277.99685714285715,55.216,5.13
2022-06-18,11.69542857142857,18.301142857142857,5.790571428571428,67.57028571428572,5.156571428571429,0.602,0.010857142857142857,0.5911428571428571,1.2445714285714287,332.456,28.342285714285715,3.412857142857143
2022-06-19,14.084285714285715,21.27285714285714,8.049428571428573,71.73971428571429,8.440285714285714,1.572857142857143,0.0,1.572857142857143,0.29714285714285715,237.52857142857144,63.04828571428572,2.9028571428571426
2022-06-20,17.35571428571429,24.29057142857143,12.17457142857143,80.994,13.586,3.774285714285714,0.0,3.774285714285714,0.0,223.81342857142857,68.676,2.827714285714286
2022-06-21,19.591714285714286,25.768857142857144,14.942571428571428,84.89514285714286,16.64,6.774857142857143,0.0,6.774857142857143,0.021142857142857144,182.76314285714287,80.41142857142857,2.9237142857142855
2022-06-22,17.069142857142857,23.284000000000002,11.490571428571428,76.75857142857143,12.408285714285714,3.021142857142857,0.0,3.021142857142857,0.32,268.8302857142857,58.37657142857143,3.717714285714286
2022-06-23,17.342000000000002,23.121142857142857,12.038857142857143,75.678,12.390857142857143,1.3171428571428572,0.0,1.3171428571428572,0.07428571428571429,269.58971428571425,45.620285714285714,3.1517142857142857
2022-06-24,16.618285714285715,22.949142857142856,10.972285714285713,74.26457142857143,11.279142857142856,1.4777142857142858,0.0005714285714285715,1.477142857142857,0.19857142857142857,274.99857142857144,52.22685714285714,2.3908571428571426
2022-06-25,16.62542857142857,22.276285714285713,12.010857142857143,79.91828571428572,12.596571428571428,9.202857142857143,0.0,9.202857142857143,0.17085714285714287,190.1417142857143,70.15342857142856,2.8134285714285716
2022-06-26,14.770000000000001,19.333142857142857,11.114857142857142,81.62657142857142,11.240285714285715,5.426571428571429,0.0,5.426571428571429,0.3217142857142858,169.59657142857142,85.95628571428571,3.5548571428571427
2022-06-27,13.396,19.896285714285714,7.789999999999999,74.19942857142857,8.323142857142857,2.0,0.0014285714285714286,1.9985714285714287,0.31742857142857145,260.1502857142857,61.27228571428572,3.328857142857143
2022-06-28,13.258,18.539714285714286,8.482285714285714,74.75685714285714,8.228571428571428,3.0308571428571427,0.006285714285714286,3.0245714285714285,0.378,233.36057142857143,69.80114285714285,3.4105714285714286
2022-06-29,13.692285714285715,19.598857142857145,7.929714285714287,74.416,8.648571428571428,1.62,0.0,1.62,0.34371428571428575,270.8945714285714,51.97714285714286,2.568571428571429
2022-06-30,15.250571428571428,20.667714285714286,10.959142857142856,80.218,11.465428571428571,7.413428571428573,0.0,7.413428571428573,0.03371428571428571,144.1582857142857,86.85257142857144,3.531428571428571
2022-07-01,13.737714285714285,17.670857142857145,9.628857142857143,74.84428571428572,8.815714285714286,2.3885714285714283,0.0,2.3885714285714283,0.0717142857142857,244.05514285714287,64.256,3.9565714285714284
2022-07-02,12.804857142857143,17.257142857142856,8.244285714285715,72.83771428571428,7.400285714285714,1.445142857142857,0.0008571428571428571,1.4442857142857142,0.37771428571428567,244.91885714285715,62.126571428571424,3.628285714285714
2022-07-03,13.84057142857143,19.644,8.268857142857144,74.03342857142857,8.508571428571429,0.6877142857142857,0.0008571428571428571,0.6868571428571428,0.19514285714285712,269.7577142857143,55.760285714285715,2.2071428571428573
2022-07-04,15.907142857142857,21.549142857142858,10.409142857142857,74.78257142857143,10.813714285714287,0.8865714285714286,0.0005714285714285715,0.886,0.336,257.4825714285714,58.120285714285714,1.782857142857143
2022-07-05,15.851714285714287,20.910285714285713,11.644285714285715,81.58,12.280000000000001,4.678285714285715,0.0037142857142857142,4.674571428571429,0.2734285714285714,187.8477142857143,77.86800000000001,2.331714285714286
2022-07-06,16.001142857142856,21.379714285714286,10.462285714285715,75.56085714285715,11.065428571428573,1.0799999999999998,0.0,1.0799999999999998,0.12657142857142856,254.32085714285714,57.42971428571428,2.1599999999999997
2022-07-07,16.275142857142857,21.372857142857143,11.392285714285714,75.69028571428571,11.377142857142857,2.811142857142857,0.002285714285714286,2.8088571428571427,0.29085714285714287,247.39400000000003,60.96285714285714,2.319428571428572
2022-07-08,16.204,22.468571428571426,9.881714285714287,71.51285714285714,10.238285714285714,0.16142857142857142,0.0,0.16142857142857142,0.29914285714285715,302.152,33.03971428571429,1.8357142857142856
2022-07-09,18.38942857142857,24.852285714285717,11.512285714285715,67.31942857142856,11.494285714285715,0.4525714285714286,0.0,0.4525714285714286,0.011142857142857144,298.878,27.65885714285714,2.1785714285714284
2022-07-10,18.95142857142857,24.577714285714286,14.237714285714285,77.83085714285714,14.370285714285714,5.081428571428571,0.0,5.081428571428571,0.0,222.97514285714286,70.50057142857143,2.37
2022-07-11,17.013714285714286,21.789142857142856,13.047142857142857,82.29228571428571,13.44142857142857,7.122571428571429,0.0,7.122571428571429,0.0,185.46142857142857,81.31400000000001,2.8642857142857143
2022-07-12,15.73057142857143,20.220285714285716,11.466285714285714,79.73628571428571,11.688857142857144,3.5414285714285714,0.001142857142857143,3.540285714285714,0.03971428571428571,268.1117142857143,56.989714285714285,2.669142857142857
2022-07-13,15.910285714285715,22.161142857142856,9.713714285714286,73.19542857142858,10.40542857142857,0.39171428571428574,0.0,0.39171428571428574,0.0,294.1014285714285,33.09057142857143,1.7397142857142858
2022-07-14,17.85885714285714,24.170571428571428,11.135142857142858,69.44428571428573,11.431142857142856,0.14971428571428572,0.0,0.14971428571428572,0.0,292.05057142857146,27.619714285714288,2.0377142857142854
2022-07-15,19.209142857142858,24.614571428571427,14.168285714285714,71.39142857142856,13.214285714285714,1.3025714285714287,0.0,1.3025714285714287,0.0,250.54171428571425,57.163428571428575,2.2745714285714285
2022-07-16,20.373714285714286,26.732285714285712,14.261142857142858,71.40428571428572,14.190285714285714,0.2802857142857143,0.0,0.2802857142857143,0.06885714285714287,273.6857142857143,43.576571428571434,1.8022857142857143
2022-07-17,21.464,27.326571428571427,15.741428571428573,74.96942857142857,16.154,0.732,0.0,0.732,0.0,249.0725714285714,46.928285714285714,1.929142857142857
2022-07-18,20.948857142857143,25.802857142857142,16.823428571428572,81.35457142857142,17.187142857142856,5.191428571428571,0.0,5.191428571428571,0.0,212.67457142857143,66.60571428571428,2.6385714285714283
2022-07-19,19.553428571428572,25.532285714285713,14.431714285714285,78.85142857142857,15.29742857142857,2.6725714285714286,0.0,2.6725714285714286,0.0,228.38057142857141,64.3937142857143,2.3320000000000003
2022-07-20,19.970285714285716,25.25857142857143,15.231428571428571,81.48028571428571,16.234857142857145,6.452285714285714,0.0,6.452285714285714,0.0,181.90914285714285,80.308,2.8262857142857145
2022-07-21,19.254571428571428,23.45,15.23457142857143,80.54971428571427,15.395714285714286,4.629142857142857,0.0,4.629142857142857,0.0,183.63114285714286,74.29771428571429,3.248
2022-07-22,18.258285714285712,22.935714285714287,13.823428571428572,79.43057142857144,14.081142857142856,2.5274285714285716,0.0,2.5274285714285716,0.0,225.2,58.59914285714285,2.7848571428571427
2022-07-23,17.468571428571426,21.690571428571428,13.428857142857142,78.59371428571428,13.141714285714285,2.5077142857142856,0.0,2.5077142857142856,0.0,215.10057142857144,63.85371428571429,3.0345714285714287
2022-07-24,15.711714285714285,19.395142857142858,12.865142857142857,85.49371428571429,13.089714285714285,4.905428571428572,0.0,4.905428571428572,0.0,142.35914285714284,86.19771428571428,3.0568571428571425
2022-07-25,14.805142857142856,18.983428571428572,11.032857142857143,80.74428571428572,11.02742857142857,2.2908571428571425,0.0,2.2908571428571425,0.0,199.19171428571428,73.56257142857143,3.370857142857143
2022-07-26,16.407999999999998,22.154857142857143,11.787428571428572,80.31457142857144,12.466571428571427,3.075142857142857,0.0,3.075142857142857,0.0,213.80657142857143,70.47314285714286,2.342
2022-07-27,16.572,20.861428571428572,12.908857142857142,82.58314285714285,13.196,4.636,0.0,4.636,0.0,173.97342857142857,79.27228571428572,2.182
2022-07-28,15.045142857142858,18.612857142857145,12.06257142857143,87.36114285714285,12.682857142857141,4.930571428571429,0.0,4.930571428571429,0.0,159.48114285714286,84.476,2.6271428571428572
2022-07-29,15.5,20.339142857142857,11.517714285714286,82.302,12.021142857142857,2.2002857142857146,0.0,2.2002857142857146,0.0,189.01485714285712,76.12371428571429,2.9094285714285713
2022-07-30,17.70657142857143,23.307142857142857,12.786285714285714,79.412,13.544857142857143,1.6354285714285712,0.0,1.6354285714285712,0.0,212.17828571428572,67.35085714285715,2.689714285714286
2022-07-31,17.22742857142857,22.24685714285714,13.17142857142857,82.11542857142857,13.686285714285713,6.9874285714285715,0.0,6.9874285714285715,0.0,194.22514285714286,62.07742857142857,2.1514285714285712
2022-08-01,16.151714285714284,20.634857142857143,11.920285714285713,80.48714285714286,12.352285714285713,6.063428571428571,0.0,6.063428571428571,0.0,175.7177142857143,73.54142857142857,2.783142857142857
2022-08-02,16.158285714285714,21.980571428571427,10.855428571428572,79.05028571428572,11.998,1.4362857142857142,0.0,1.4362857142857142,0.0,242.11028571428574,57.06485714285714,2.373142857142857
2022-08-03,17.069142857142857,21.888857142857145,13.37742857142857,81.30371428571429,13.455142857142857,7.665142857142857,0.0,7.665142857142857,0.0,155.59142857142857,82.25085714285713,3.748285714285714
2022-08-04,16.408285714285714,21.138857142857145,11.652857142857144,79.74485714285714,12.456285714285714,2.1414285714285715,0.0,2.1414285714285715,0.0,224.576,62.83971428571428,2.488857142857143
2022-08-05,17.694285714285712,24.326285714285714,12.641142857142857,80.01257142857143,13.734285714285713,2.6777142857142855,0.0,2.6777142857142855,0.0,194.23314285714287,60.262,2.559142857142857
2022-08-06,19.132285714285715,24.673428571428573,14.656285714285715,78.10457142857142,14.863142857142858,2.97,0.0,2.97,0.0,197.00542857142855,69.51142857142857,3.934285714285714
2022-08-07,16.608857142857143,22.024285714285714,11.56342857142857,74.72114285714285,11.60742857142857,1.4482857142857142,0.0,1.4482857142857142,0.0,239.78685714285717,60.41742857142857,2.4737142857142858
2022-08-08,16.825714285714284,22.486857142857144,11.891428571428571,79.06714285714285,12.734,1.9085714285714286,0.0,1.9085714285714286,0.0,198.65685714285715,60.07057142857142,2.4537142857142857
2022-08-09,18.174,23.93914285714286,13.184857142857144,76.78171428571429,13.508,1.9717142857142858,0.0,1.9717142857142858,0.0,219.9217142857143,44.56171428571429,3.3068571428571425
2022-08-10,16.81085714285714,21.716,12.444285714285714,75.344,11.846,1.1382857142857141,0.0,1.1382857142857141,0.0,222.03685714285714,48.00828571428571,3.317142857142857
2022-08-11,15.902571428571429,21.707142857142856,10.39342857142857,71.60514285714285,9.993142857142857,0.22142857142857142,0.0,0.22142857142857142,0.0,281.66657142857144,19.70342857142857,2.845142857142857
2022-08-12,16.805142857142854,23.286571428571428,10.975714285714284,71.91371428571429,10.894857142857143,0.5168571428571429,0.0,0.5168571428571429,0.0,232.92371428571428,35.68828571428571,2.414285714285714
2022-08-13,16.57857142857143,22.19685714285714,11.284857142857142,74.67685714285714,11.279142857142856,1.5665714285714285,0.0,1.5665714285714285,0.0,215.1882857142857,58.317142857142855,1.6597142857142857
2022-08-14,17.25257142857143,22.723142857142857,11.87,74.37028571428571,11.986857142857144,1.254,0.0,1.254,0.0,206.11285714285714,62.27714285714285,1.4271428571428573
2022-08-15,18.277714285714286,24.218285714285713,12.498,73.19857142857143,12.73942857142857,1.272,0.0,1.272,0.0,242.49400000000003,43.745714285714286,1.9188571428571428
2022-08-16,18.726,24.636285714285712,13.116285714285715,76.18971428571429,13.801714285714286,2.387142857142857,0.0,2.387142857142857,0.0,242.51399999999998,31.28085714285714,2.322
2022-08-17,19.488857142857142,25.246,14.478571428571428,78.48,15.09,3.2271428571428573,0.0,3.2271428571428573,0.0,229.70971428571428,45.45428571428572,2.017714285714286
2022-08-18,20.296285714285716,25.481714285714286,15.328857142857142,77.70485714285715,15.693142857142856,2.495142857142857,0.0,2.495142857142857,0.0,215.62971428571427,51.11171428571428,1.7805714285714285
2022-08-19,18.734857142857145,23.394571428571428,15.029714285714284,81.45771428571429,14.960857142857142,3.2325714285714287,0.0,3.2325714285714287,0.0,151.85114285714286,72.80742857142857,2.248285714285714
2022-08-20,17.548857142857145,22.587714285714284,13.153714285714285,79.74085714285714,13.419142857142857,2.6794285714285713,0.0,2.6794285714285713,0.0,182.8282857142857,65.59714285714286,1.8805714285714283
2022-08-21,18.429142857142857,24.29657142857143,13.444285714285714,77.98657142857144,14.110000000000001,2.121142857142857,0.0,2.121142857142857,0.0,205.86457142857142,49.13742857142857,1.9957142857142856
2022-08-22,17.022285714285715,21.57542857142857,13.184857142857144,81.37171428571428,13.439714285714285,2.446857142857143,0.0,2.446857142857143,0.0,154.25657142857142,69.91828571428572,2.2314285714285713
2022-08-23,15.933999999999997,21.744571428571426,11.138857142857143,79.0282857142857,11.787142857142857,1.1748571428571428,0.0,1.1748571428571428,0.0,184.87885714285716,66.19342857142857,2.2877142857142854
2022-08-24,14.777428571428572,19.265714285714285,10.65457142857143,77.71257142857144,10.385714285714286,1.193142857142857,0.0,1.193142857142857,0.0,187.452,61.658857142857144,2.154
2022-08-25,13.739714285714285,17.96,9.673714285714285,77.48171428571429,9.458285714285715,1.6254285714285714,0.0,1.6254285714285714,0.0,152.53942857142857,78.42542857142857,1.682
2022-08-26,15.274000000000001,21.195714285714285,10.545714285714286,79.48542857142857,11.260857142857143,1.1662857142857144,0.0,1.1662857142857144,0.0,177.19857142857143,70.45142857142858,1.9845714285714289
2022-08-27,17.942285714285713,24.73,12.609714285714286,77.628,13.462571428571428,0.8982857142857144,0.0,0.8982857142857144,0.0,203.72799999999998,49.494571428571426,2.431142857142857
2022-08-28,20.032,25.121714285714287,16.189714285714285,81.73828571428572,16.431428571428572,1.921714285714286,0.0,1.921714285714286,0.0,154.92742857142858,73.064,3.043428571428571
2022-08-29,20.329142857142855,24.633142857142857,16.885142857142856,86.30514285714285,17.741714285714288,9.204857142857144,0.0,9.204857142857144,0.0,129.62257142857143,81.16171428571428,2.9074285714285715
2022-08-30,17.09285714285714,21.170571428571428,13.756571428571428,82.09171428571429,13.717428571428572,5.726285714285714,0.0,5.726285714285714,0.0,130.67428571428573,81.75285714285714,4.340285714285714
2022-08-31,13.149142857142856,16.733428571428572,9.488857142857142,72.22371428571428,7.754,1.738,0.0,1.738,0.0,152.51114285714286,69.0157142857143,4.588571428571428
2022-09-01,13.378,20.53857142857143,7.814285714285714,72.134,7.807142857142857,0.5017142857142858,0.0,0.5017142857142858,0.0,213.15485714285714,47.72542857142857,2.8714285714285714
2022-09-02,17.372857142857143,23.98257142857143,11.94057142857143,76.77,12.734857142857143,2.169142857142857,0.0,2.169142857142857,0.0,163.50428571428571,58.906,3.8457142857142856
2022-09-03,13.694571428571429,19.65142857142857,8.716857142857142,70.18857142857142,7.7945714285714285,1.186,0.0,1.186,0.0,198.31485714285714,54.51,3.2305714285714284
2022-09-04,13.184,20.36057142857143,7.609714285714286,72.70571428571428,7.750571428571428,0.22514285714285714,0.0,0.22514285714285714,0.0,208.64371428571428,42.972,2.649142857142857
2022-09-05,15.239714285714285,22.212285714285713,9.548285714285715,72.52257142857142,9.582285714285714,0.118,0.0,0.118,0.0,204.3357142857143,29.549142857142858,2.6597142857142857
2022-09-06,16.419999999999998,23.538,10.503428571428572,72.88000000000001,10.888285714285713,0.20657142857142854,0.0,0.20657142857142854,0.0,204.90742857142857,15.407142857142857,3.0188571428571427
2022-09-07,17.05914285714286,23.038,11.438571428571429,71.40628571428572,11.07857142857143,0.1922857142857143,0.0,0.1922857142857143,0.0,215.2597142857143,22.141714285714286,2.524285714285714
2022-09-08,17.155428571428573,23.64742857142857,12.221142857142857,73.96371428571429,11.886285714285714,1.098,0.0,1.098,0.0,146.20485714285715,48.05771428571428,2.9082857142857144
2022-09-09,16.720000000000002,21.550571428571427,12.398,78.48914285714285,12.417428571428571,3.407142857142857,0.0,3.407142857142857,0.0,148.09885714285716,60.16542857142857,2.7237142857142858
2022-09-10,15.508857142857142,20.848857142857145,10.846,77.67428571428572,11.021142857142857,1.308,0.0,1.308,0.0,154.95828571428572,58.66742857142857,2.3714285714285714
2022-09-11,15.112285714285713,20.46142857142857,10.498285714285714,77.372,10.661428571428571,1.0031428571428571,0.0,1.0031428571428571,0.0,176.09342857142857,52.52742857142857,2.296
2022-09-12,15.394857142857145,21.63457142857143,10.425714285714285,78.13342857142857,11.088,0.7848571428571428,0.0,0.7848571428571428,0.0,169.72742857142856,39.33228571428572,2.1599999999999997
2022-09-13,13.519714285714286,17.84257142857143,10.23942857142857,79.48657142857144,9.665428571428572,1.104857142857143,0.0,1.104857142857143,0.0,133.00428571428571,64.27314285714286,2.4954285714285716
2022-09-14,11.224285714285715,16.203142857142858,7.211142857142857,75.20628571428571,6.438857142857143,0.4097142857142857,0.0,0.4097142857142857,0.0,151.88085714285714,62.26228571428571,2.383142857142857
2022-09-15,10.052285714285714,14.775142857142857,6.268,78.02371428571428,5.898571428571429,4.789714285714286,0.0,4.789714285714286,0.0,116.44485714285715,68.33371428571428,2.047142857142857
2022-09-16,11.122857142857143,16.59742857142857,7.030285714285714,81.31171428571429,7.612,3.5502857142857143,0.0,3.5502857142857143,0.0,147.792,59.08371428571428,2.2151428571428573
2022-09-17,12.271142857142857,17.52257142857143,8.460857142857142,86.214,9.791428571428572,5.743714285714286,0.0,5.743714285714286,0.0,102.8817142857143,78.01457142857143,2.431142857142857
2022-09-18,13.432571428571428,17.347714285714286,10.798857142857143,89.16971428571429,11.494857142857143,6.473714285714286,0.0,6.473714285714286,0.0,93.86885714285714,85.62542857142857,2.7674285714285713
2022-09-19,14.491428571428571,19.518857142857144,11.160285714285715,87.15428571428572,12.100857142857143,3.9194285714285715,0.0,3.9194285714285715,0.0,108.45971428571428,82.73485714285714,2.5785714285714287
2022-09-20,14.502571428571429,19.697142857142858,10.805428571428571,86.35542857142858,11.968,2.5854285714285714,0.0,2.5854285714285714,0.0,104.03571428571429,75.25657142857143,2.3685714285714288
2022-09-21,12.185428571428572,16.83142857142857,8.5,84.5217142857143,9.426857142857143,3.7140000000000004,0.0,3.7140000000000004,0.08542857142857142,86.628,85.90314285714287,3.8480000000000003
2022-09-22,8.130857142857142,12.602571428571428,4.843714285714285,76.34114285714286,3.865142857142857,1.0071428571428571,0.0,1.0071428571428571,0.0014285714285714286,138.73000000000002,76.38885714285715,3.966
2022-09-23,8.76,15.644571428571426,3.873714285714286,75.52485714285714,4.118857142857142,0.09771428571428571,0.0,0.09771428571428571,0.0,175.644,40.668000000000006,2.9731428571428573
2022-09-24,11.02657142857143,16.600571428571428,7.043142857142857,81.27085714285714,7.535714285714286,0.3077142857142857,0.0,0.3077142857142857,0.0,140.72028571428572,54.75342857142857,2.122
2022-09-25,11.316285714285714,14.672857142857142,8.708285714285715,87.76971428571429,9.244285714285715,2.8185714285714285,0.0,2.8185714285714285,0.0,100.218,88.404,2.170857142857143
2022-09-26,8.615428571428572,11.67057142857143,6.155142857142858,86.34514285714286,6.293142857142857,3.4377142857142857,0.00028571428571428574,3.4374285714285713,0.09714285714285714,88.08971428571428,93.64142857142856,3.5877142857142856
2022-09-27,6.083428571428572,9.507142857142858,3.415142857142857,83.01457142857143,3.1214285714285714,2.2957142857142854,0.02342857142857143,2.272285714285714,1.631142857142857,106.27542857142856,83.00428571428571,3.4440000000000004
2022-09-28,6.118571428571428,12.199142857142858,1.8311428571428572,76.35542857142858,1.8025714285714287,0.5391428571428571,0.004,0.5351428571428571,0.9505714285714286,120.93657142857143,72.63428571428571,2.9325714285714284
2022-09-29,9.188571428571429,16.368,4.44,71.60942857142857,3.7560000000000002,0.0802857142857143,0.0,0.0802857142857143,0.004571428571428572,158.63457142857143,45.377428571428574,2.917142857142857
2022-09-30,9.395714285714286,14.468285714285713,5.200857142857143,75.166,4.583428571428572,0.2857142857142857,0.0,0.2857142857142857,0.006,133.42485714285715,50.257714285714286,2.3854285714285712
2022-10-01,7.3582857142857145,12.255142857142857,3.6837142857142857,76.444,2.9885714285714284,0.07285714285714286,0.030000000000000002,0.04285714285714286,1.203142857142857,140.7362857142857,57.415142857142854,2.448
2022-10-02,6.998,14.542857142857143,1.6134285714285714,75.79371428571429,2.4014285714285712,0.012571428571428572,0.004,0.008571428571428572,0.6834285714285715,159.206,38.76257142857143,2.975714285714286
2022-10-03,11.021428571428572,17.71542857142857,6.465142857142857,77.84342857142857,6.716,0.4825714285714286,0.0,0.4825714285714286,0.0,126.17971428571428,55.78,2.8134285714285716
2022-10-04,11.139999999999999,16.41,7.113428571428571,82.40542857142857,7.777142857142857,1.3837142857142857,0.0,1.3837142857142857,0.0,102.006,73.88628571428572,1.7208571428571429
2022-10-05,11.230285714285714,15.874,7.979714285714286,84.81228571428571,8.326857142857143,2.713142857142857,0.0008571428571428571,2.712285714285714,0.15914285714285714,85.77485714285714,82.25,2.2745714285714285
2022-10-06,6.168285714285714,10.80257142857143,2.944571428571429,81.094,2.859714285714286,3.8300000000000005,0.3771428571428571,3.4528571428571433,4.952571428571429,86.31142857142858,90.11857142857143,3.548285714285714
2022-10-07,2.569714285714286,6.876285714285714,-0.5688571428571427,79.12742857142857,-1.0828571428571427,1.284857142857143,0.21857142857142858,1.0662857142857143,8.937142857142858,99.67657142857142,77.10342857142857,3.5774285714285714
2022-10-08,3.6125714285714285,7.5445714285714285,0.6982857142857143,78.71228571428571,-0.08228571428571428,1.120857142857143,0.21428571428571427,0.9065714285714287,9.192285714285713,84.45571428571428,87.71371428571429,3.8085714285714287
2022-10-09,3.68,8.154857142857143,0.2554285714285714,79.41257142857143,-0.02714285714285713,0.46799999999999997,0.06771428571428571,0.40028571428571424,9.02742857142857,106.60657142857143,71.75200000000001,2.844
2022-10-10,4.837142857142857,11.492857142857142,0.33971428571428575,75.42085714285714,0.3471428571428571,0.3345714285714286,0.004285714285714286,0.3302857142857143,7.372571428571428,123.88199999999999,71.43685714285714,2.7688571428571427
2022-10-11,9.546285714285714,17.80257142857143,4.400857142857143,77.86428571428571,5.438000000000001,0.16657142857142856,0.0,0.16657142857142856,4.100571428571428,140.92742857142858,28.558,3.259714285714286
2022-10-12,11.188857142857144,15.793714285714286,7.5925714285714285,85.75200000000001,8.725142857142856,4.735714285714286,0.0,4.735714285714286,0.7377142857142858,53.271142857142856,76.49085714285714,3.773142857142857
2022-10-13,6.355714285714285,9.829714285714287,3.933142857142857,86.346,4.113428571428571,4.570571428571428,0.43457142857142855,4.136,3.826571428571429,66.61171428571429,90.358,2.8754285714285714
2022-10-14,4.5365714285714285,8.234857142857143,2.2325714285714287,84.98457142857143,1.9082857142857144,1.8697142857142857,0.28114285714285714,1.5885714285714285,6.074571428571428,81.27571428571429,82.75200000000001,2.3417142857142856
2022-10-15,4.461714285714286,8.004857142857142,2.210571428571429,85.56057142857142,1.9942857142857142,2.3774285714285712,0.37057142857142855,2.0068571428571427,6.3594285714285705,63.33314285714285,86.76285714285714,2.7237142857142858
2022-10-16,3.174285714285714,6.094285714285714,0.8539999999999999,86.69285714285714,0.9582857142857143,2.428857142857143,0.9665714285714285,1.4622857142857142,7.363428571428571,57.43742857142857,95.1242857142857,3.1471428571428572
2022-10-17,0.8268571428571428,3.068571428571429,-0.9137142857142858,80.07342857142858,-2.3894285714285712,2.6694285714285715,0.9665714285714285,1.7028571428571428,11.056857142857144,61.42914285714286,92.90714285714286,3.951142857142857
2022-10-18,1.0662857142857143,4.4234285714285715,-1.0128571428571427,81.846,-1.858,3.7217142857142855,0.9494285714285715,2.7722857142857142,12.787714285714284,71.61571428571429,84.02285714285715,4.130857142857143
2022-10-19,0.5968571428571429,4.258285714285714,-1.8814285714285712,83.35057142857143,-2.154857142857143,3.2,1.9148571428571433,1.285142857142857,13.445999999999998,71.18028571428572,80.29485714285715,3.1405714285714286
2022-10-20,0.6788571428571428,4.109428571428571,-1.6988571428571428,87.39228571428572,-1.372,1.4828571428571429,1.0642857142857143,0.4185714285714286,14.185999999999998,64.0157142857143,83.21428571428571,3.0762857142857145
2022-10-21,4.099714285714286,8.527714285714287,1.1231428571428572,89.34342857142857,2.2062857142857144,1.7314285714285715,0.10514285714285714,1.6262857142857143,14.138571428571428,72.75342857142857,85.15657142857143,3.6914285714285713
2022-10-22,6.161714285714286,11.049428571428573,3.3191428571428574,86.08371428571428,3.666857142857143,0.496,0.018857142857142857,0.47714285714285715,13.776857142857141,83.24514285714285,70.36,2.9502857142857146
2022-10-23,7.128857142857143,12.849714285714287,3.9111428571428575,88.21542857142857,5.065714285714286,0.4305714285714286,0.03828571428571429,0.3922857142857143,11.961714285714285,96.58628571428571,56.38428571428572,2.5485714285714285
2022-10-24,9.43742857142857,14.771428571428572,6.120285714285714,88.73085714285715,7.392,4.747428571428571,0.5657142857142857,4.1817142857142855,8.003714285714286,60.82085714285714,72.85514285714285,3.664571428571428
2022-10-25,9.617142857142857,14.166571428571428,6.114857142857143,80.76085714285715,6.330285714285714,1.6988571428571428,0.030857142857142854,1.668,4.058,62.96542857142857,89.40942857142856,4.047714285714286
2022-10-26,4.006,7.600857142857143,0.9931428571428571,84.19485714285715,1.429714285714286,3.2445714285714287,0.26914285714285713,2.9754285714285715,7.554571428571427,53.56514285714286,81.406,3.297142857142857
2022-10-27,0.9457142857142857,5.918571428571429,-2.5942857142857143,80.78342857142857,-2.3854285714285712,0.4908571428571428,0.054857142857142854,0.43599999999999994,9.156857142857143,86.62028571428571,70.22028571428571,2.9197142857142855
2022-10-28,5.1251428571428574,11.0,0.9937142857142858,81.78742857142856,1.9142857142857144,0.22685714285714284,0.10714285714285715,0.11971428571428569,7.570285714285713,91.67028571428571,68.554,3.813142857142857
2022-10-29,6.769428571428572,11.79742857142857,3.7439999999999998,82.56628571428571,3.7551428571428573,0.029142857142857144,0.0008571428571428571,0.028285714285714286,6.5765714285714285,92.81771428571429,60.774,3.2397142857142858
2022-10-30,5.716857142857143,10.929142857142857,2.5605714285714285,85.24857142857142,3.1597142857142857,0.1122857142857143,0.006857142857142857,0.10542857142857144,4.544,96.55371428571429,38.274,2.6517142857142857
2022-10-31,5.336857142857142,10.933428571428571,1.9202857142857146,83.028,2.5559999999999996,0.206,0.006571428571428572,0.19942857142857143,2.686857142857143,70.88028571428572,71.03028571428571,2.5468571428571427
2022-11-01,6.026285714285714,11.07542857142857,1.9628571428571429,82.20142857142858,2.963714285714286,0.33942857142857147,0.013714285714285714,0.32571428571428573,2.1942857142857144,85.61800000000001,61.26314285714286,2.9294285714285713
2022-11-02,3.917142857142857,9.378571428571428,0.4457142857142858,81.39257142857143,0.8048571428571429,1.4708571428571429,2.468857142857143,0.0,5.024285714285714,69.00800000000001,70.75771428571429,2.798
2022-11-03,7.493142857142857,11.980857142857142,4.090285714285714,87.69857142857143,5.458,0.6102857142857143,0.688,0.0,4.981999999999999,66.154,69.71342857142857,3.213714285714286
2022-11-04,4.913142857142858,8.817714285714287,1.2025714285714286,85.67514285714286,2.5691428571428574,3.4997142857142856,1.5282857142857142,1.9714285714285713,8.741999999999999,54.71971428571429,83.53885714285714,3.682857142857143
2022-11-05,2.128857142857143,6.450571428571429,-0.4825714285714286,84.268,-0.5582857142857144,3.3160000000000003,1.4354285714285715,1.8805714285714288,11.71342857142857,55.70028571428571,75.352,3.109714285714286
2022-11-06,2.7157142857142857,6.142285714285714,-0.03971428571428573,85.96771428571428,0.2782857142857143,4.441714285714286,2.2417142857142855,2.2000000000000006,12.873714285714284,44.68485714285714,88.04,3.5948571428571428
2022-11-07,0.8180000000000001,3.132857142857143,-1.9765714285714284,80.96342857142857,-2.4634285714285715,1.1548571428571428,1.0642857142857143,0.09057142857142852,12.939142857142855,56.16457142857143,83.08542857142858,4.2548571428571424
2022-11-08,-2.8282857142857143,1.14,-6.023142857142857,77.36714285714285,-6.595714285714285,0.47171428571428575,0.4094285714285714,0.06228571428571433,14.197714285714284,57.69114285714286,71.64514285714286,2.9997142857142856
2022-11-09,0.6408571428571429,4.510857142857143,-2.6142857142857143,87.46057142857143,-1.5682857142857143,3.3482857142857143,2.867142857142857,0.4811428571428573,13.558285714285713,37.612857142857145,89.60285714285715,3.3377142857142856
2022-11-10,0.19,4.049714285714286,-3.196,86.35314285714286,-2.2068571428571433,4.233428571428572,4.121714285714286,0.1117142857142861,13.364857142857142,43.23085714285714,85.20228571428571,3.5811428571428574
2022-11-11,-1.672,0.4877142857142857,-3.5574285714285714,89.88285714285715,-3.399142857142857,6.2457142857142856,6.88,0.0,13.682571428571428,36.126000000000005,91.24799999999999,3.5437142857142856
2022-11-12,-3.6825714285714284,-0.9025714285714285,-5.797142857142857,87.46514285714287,-5.84,1.8837142857142855,0.9737142857142856,0.9099999999999998,14.942285714285715,39.144,92.12085714285715,3.788857142857143
2022-11-13,-5.279142857142857,-3.0971428571428574,-7.1091428571428565,84.926,-7.840285714285715,0.7191428571428572,0.726,0.0,16.954,39.00485714285715,95.75028571428572,3.1694285714285715
2022-11-14,-6.249714285714286,-3.242,-8.698571428571428,81.67257142857143,-9.323714285714285,0.39714285714285713,0.5171428571428571,0.0,17.025714285714287,48.922,87.89,2.5148571428571427
2022-11-15,-6.7782857142857145,-3.3454285714285716,-9.319714285714285,84.61571428571429,-9.406857142857143,0.2894285714285714,0.39942857142857147,0.0,16.261714285714284,47.06542857142857,74.61685714285714,2.3554285714285714
2022-11-16,-6.539428571428571,-4.184,-8.326285714285715,86.59028571428571,-8.773142857142858,0.7697142857142858,1.1082857142857143,0.0,17.692285714285713,35.80571428571429,91.90685714285713,2.196857142857143
2022-11-17,-6.992,-4.893142857142857,-8.795714285714286,86.27228571428572,-9.312000000000001,0.8177142857142857,1.0565714285714285,0.0,17.781714285714283,39.11714285714285,96.12485714285714,2.61
2022-11-18,-8.688571428571429,-6.089714285714285,-11.252285714285714,86.48885714285714,-10.894,0.958857142857143,1.558857142857143,0.0,17.76285714285714,43.846,91.21314285714286,3.1679999999999997
2022-11-19,-9.651428571428571,-7.098285714285714,-12.17542857142857,88.19457142857142,-11.580571428571428,1.4231428571428573,2.1982857142857144,0.0,17.776857142857143,38.75857142857143,90.91428571428571,4.134857142857143
2022-11-20,-12.823714285714285,-7.679142857142857,-17.079142857142855,86.42285714285715,-14.945428571428572,1.144,1.487142857142857,0.0,17.824571428571424,48.46542857142857,73.432,4.138000000000001
2022-11-21,-7.753428571428572,-4.478,-11.811142857142856,89.64342857142857,-9.62257142857143,1.8665714285714285,2.580571428571429,0.0,17.982857142857142,36.405142857142856,86.26028571428571,4.349428571428571
2022-11-22,-7.503142857142858,-3.783142857142857,-11.107999999999999,90.49142857142857,-9.23542857142857,0.33514285714285713,0.5817142857142857,0.0,18.055142857142854,33.97342857142857,80.82457142857143,2.9571428571428573
2022-11-23,-5.444857142857143,-0.5082857142857142,-9.017714285714286,94.94885714285715,-6.483142857142857,0.298,0.41800000000000004,0.0,18.033714285714286,34.849714285714285,85.098,2.2697142857142856
2022-11-24,-1.5377142857142858,1.0102857142857142,-3.5382857142857143,97.21142857142857,-2.1068571428571428,0.8297142857142857,1.3342857142857143,0.0,17.98542857142857,33.51942857142857,84.81,2.814857142857143
2022-11-25,-2.067714285714286,0.8634285714285714,-4.7951428571428565,94.29828571428571,-3.1537142857142855,1.360857142857143,1.3085714285714285,0.05228571428571449,17.854285714285712,29.758285714285712,93.32485714285714,3.4794285714285715
2022-11-26,-0.33028571428571435,2.277428571428571,-2.7382857142857144,94.86885714285714,-1.2517142857142858,0.6194285714285714,0.9505714285714286,0.0,17.95342857142857,41.853142857142856,83.64942857142857,3.4097142857142857
2022-11-27,-2.370857142857143,0.214,-5.108285714285714,92.63142857142857,-3.674857142857143,0.784,0.5434285714285714,0.24057142857142866,17.483428571428572,32.11114285714286,79.024,2.6988571428571433
2022-11-28,-5.418,-3.072,-7.623428571428572,90.02257142857142,-7.222571428571428,0.7562857142857142,0.8102857142857143,0.0,17.763714285714283,33.32228571428571,85.64057142857143,2.609142857142857
2022-11-29,-4.644285714285715,-1.5654285714285714,-7.136,91.71657142857143,-6.1894285714285715,1.875142857142857,2.3882857142857143,0.0,17.533714285714286,23.520857142857142,97.14942857142857,2.874
2022-11-30,-3.7391428571428573,-1.2574285714285713,-6.607142857142857,93.18171428571429,-5.016571428571428,7.361714285714285,7.996571428571428,0.0,18.298571428571428,18.005714285714287,98.11742857142858,5.478
2022-12-01,-9.418857142857144,-5.030571428571428,-13.368,87.84771428571429,-11.488857142857142,0.986,1.2728571428571427,0.0,19.420857142857145,38.20028571428571,83.11142857142858,5.171142857142858
2022-12-02,-8.823428571428572,-4.8831428571428575,-12.528857142857143,91.93314285714285,-10.304857142857143,1.4574285714285713,1.9762857142857144,0.0,19.200285714285712,22.40657142857143,93.16428571428571,3.031428571428571
2022-12-03,-11.573142857142857,-5.834857142857143,-17.577428571428573,92.36428571428571,-12.804857142857143,2.290285714285714,2.5182857142857142,0.0,19.797428571428572,35.10657142857143,78.5037142857143,4.876
2022-12-04,-14.968285714285713,-11.431142857142856,-18.089142857142857,90.40571428571428,-16.553428571428572,0.8265714285714285,1.2751428571428571,0.0,20.047714285714285,35.04485714285714,79.23657142857144,3.3602857142857143
2022-12-05,-13.99,-10.133714285714285,-17.773714285714288,91.04885714285714,-15.495428571428572,0.84,0.9765714285714285,0.0,19.90657142857143,40.284285714285716,67.766,3.6225714285714283
2022-12-06,-18.420571428571428,-14.029428571428571,-22.379714285714286,92.6122857142857,-19.41542857142857,0.498,0.606,0.0,19.880285714285712,34.744571428571426,63.519999999999996,2.4882857142857144
2022-12-07,-16.79514285714286,-13.235714285714286,-20.395714285714288,95.03371428571428,-17.45485714285714,0.7899999999999999,0.7742857142857144,0.01571428571428557,20.01142857142857,40.965714285714284,66.75142857142858,2.400857142857143
2022-12-08,-16.91657142857143,-10.903428571428572,-22.473142857142857,92.926,-17.946,0.324,0.4154285714285715,0.0,19.978,39.36314285714286,64.85028571428572,2.7777142857142856
2022-12-09,-16.344571428571427,-10.966285714285714,-20.555142857142854,92.92371428571428,-17.550285714285714,0.08857142857142858,0.1217142857142857,0.0,19.872571428571426,37.727714285714285,64.35657142857143,2.7111428571428573
2022-12-10,-12.132571428571428,-8.093428571428571,-15.764000000000001,91.65657142857143,-13.620285714285714,0.35914285714285715,0.48114285714285715,0.0,19.792285714285715,41.55828571428572,65.30171428571428,3.4042857142857144
2022-12-11,-11.093428571428571,-7.434857142857142,-13.713428571428572,93.87971428571429,-12.238285714285714,0.37714285714285717,0.5357142857142857,0.0,19.976,36.70028571428571,79.19257142857143,2.2191428571428573
2022-12-12,-13.634285714285713,-9.343428571428571,-17.19257142857143,94.21628571428572,-14.665142857142856,0.08457142857142858,0.11257142857142857,0.0,19.93085714285714,46.59542857142857,52.11257142857143,2.2805714285714282
2022-12-13,-11.679714285714287,-6.314285714285714,-15.253428571428572,93.05142857142857,-12.903714285714285,0.09,0.11942857142857143,0.0,19.844285714285714,41.97142857142857,62.626,2.4745714285714286
2022-12-14,-9.038,-5.513428571428571,-11.599714285714287,94.51885714285714,-10.173142857142857,0.5577142857142857,0.6345714285714285,0.0,19.755142857142857,40.778,79.83628571428571,3.2714285714285714
2022-12-15,-7.973714285714285,-3.732857142857143,-11.23857142857143,96.90857142857143,-8.769428571428572,1.6037142857142859,2.3282857142857143,0.0,19.77457142857143,27.004,87.25114285714285,4.2868571428571425
2022-12-16,-4.2702857142857145,-2.2977142857142856,-5.932285714285714,97.73514285714286,-4.860285714285713,2.688285714285714,2.6037142857142856,0.08457142857142852,20.126285714285714,22.556,94.83685714285714,2.978
2022-12-17,-5.814,-3.6902857142857144,-7.740571428571429,96.60142857142857,-6.653142857142858,2.891714285714286,3.556,0.0,20.85,22.004571428571428,97.78857142857143,2.7928571428571427
2022-12-18,-9.724285714285715,-6.968571428571429,-11.676571428571428,96.39657142857143,-10.578000000000001,2.535142857142857,3.7279999999999998,0.0,21.944,23.944,94.14657142857143,4.074857142857143
2022-12-19,-13.222857142857142,-10.760857142857143,-15.898857142857144,95.61742857142858,-14.070571428571428,1.010857142857143,1.5474285714285716,0.0,22.542857142857144,29.010857142857144,86.30742857142856,3.7460000000000004
2022-12-20,-14.890857142857142,-11.725999999999999,-17.37542857142857,96.15314285714287,-15.596,1.6482857142857141,2.200857142857143,0.0,22.878857142857143,27.77457142857143,86.00828571428572,2.431142857142857
2022-12-21,-16.385142857142856,-13.126,-19.415999999999997,95.64228571428572,-17.135142857142856,0.49971428571428567,0.8354285714285714,0.0,23.313142857142857,40.442,62.61971428571429,3.0225714285714287
2022-12-22,-17.078857142857142,-13.310285714285715,-20.47114285714286,96.01171428571428,-17.721999999999998,1.707142857142857,2.3802857142857143,0.0,23.561714285714285,24.41971428571429,92.31542857142857,2.7905714285714285
2022-12-23,-12.849428571428572,-9.936,-16.446571428571428,98.06171428571429,-13.318571428571428,6.769142857142858,10.528571428571428,0.0,25.246285714285715,16.31114285714286,98.08314285714285,5.147428571428572
2022-12-24,-13.720571428571429,-11.838,-15.446285714285715,96.83371428571428,-14.422571428571427,5.638000000000001,7.510285714285715,0.0,28.195714285714285,20.150285714285715,94.09428571428572,8.176857142857143
2022-12-25,-15.008,-12.55857142857143,-17.786571428571428,96.70342857142857,-15.695142857142859,2.161142857142857,2.7397142857142858,0.0,29.65228571428571,32.20942857142857,85.71057142857143,6.540857142857143
2022-12-26,-17.721714285714285,-14.34542857142857,-20.598000000000003,97.06142857142858,-18.234857142857145,1.0062857142857142,0.7899999999999999,0.2162857142857143,29.721999999999998,30.565714285714286,69.762,4.465428571428571
2022-12-27,-15.868857142857141,-12.653714285714285,-18.781714285714287,96.66342857142857,-16.552000000000003,1.9682857142857142,1.786857142857143,0.18142857142857127,30.012,29.78457142857143,85.02085714285714,2.975714285714286
2022-12-28,-13.103428571428571,-9.816,-16.02285714285714,97.75114285714285,-13.646,1.9125714285714286,2.9091428571428573,0.0,30.700857142857142,24.267714285714288,92.29885714285714,2.9179999999999997
2022-12-29,-8.177714285714286,-5.559142857142857,-10.644285714285715,98.24600000000001,-8.64257142857143,1.6162857142857143,2.6568571428571426,0.0,31.20142857142857,22.096285714285713,93.54457142857143,2.8974285714285712
2022-12-30,-6.411714285714286,-4.0928571428571425,-8.754285714285714,98.48942857142858,-6.830285714285714,1.4905714285714287,1.1834285714285715,0.30714285714285716,29.915714285714284,20.920857142857145,93.02285714285715,3.0565714285714285
2022-12-31,-10.306571428571429,-6.450857142857143,-13.605142857142857,98.44885714285715,-10.704571428571429,1.1365714285714286,0.21314285714285713,0.9234285714285715,28.885428571428573,21.952,87.36257142857143,2.248
2023-01-01,-11.149428571428572,-7.347142857142856,-14.369714285714286,97.37885714285714,-11.734285714285713,0.9137142857142857,0.8882857142857142,0.025428571428571467,28.794,25.779714285714284,91.25571428571428,1.8900000000000001
2023-01-02,-9.686,-6.198571428571429,-12.847142857142856,97.4497142857143,-10.330285714285715,0.42828571428571427,0.4722857142857143,0.0,28.845714285714287,24.279714285714284,94.48885714285714,2.4042857142857144
2023-01-03,-9.357142857142858,-6.159428571428571,-12.775142857142857,97.61,-10.02,0.27314285714285713,0.2588571428571429,0.014285714285714235,28.62457142857143,25.435142857142857,91.466,2.8137142857142856
2023-01-04,-13.280000000000001,-9.814285714285715,-16.57371428571429,97.43114285714286,-13.855428571428572,0.9602857142857143,0.9511428571428571,0.00914285714285723,28.38742857142857,35.092,76.15857142857143,2.6422857142857143
2023-01-05,-15.815142857142856,-11.146,-19.924857142857142,96.45857142857143,-16.392285714285716,1.3788571428571428,2.636285714285714,0.0,28.26942857142857,39.13885714285715,62.41857142857143,2.7374285714285715
2023-01-06,-14.073714285714285,-10.044571428571428,-17.588285714285714,96.89114285714285,-14.669714285714287,0.35714285714285715,0.328,0.029142857142857137,28.144571428571428,34.69457142857143,76.23114285714286,2.4054285714285712
2023-01-07,-14.477714285714287,-10.171714285714286,-19.01457142857143,94.936,-15.386285714285714,0.15885714285714286,0.11142857142857143,0.04742857142857143,27.99342857142857,41.73571428571429,74.60428571428572,2.8405714285714287
2023-01-08,-9.494,-5.851714285714285,-13.087142857142858,95.50942857142857,-10.531142857142857,0.5642857142857143,0.566,0.0,27.834285714285716,29.488571428571426,81.43714285714286,2.8474285714285714
2023-01-09,-10.391428571428571,-6.569714285714285,-14.297714285714287,96.60799999999999,-11.234,0.44057142857142856,0.5528571428571429,0.0,27.941428571428574,34.132,84.76942857142856,2.8005714285714283
2023-01-10,-14.241428571428571,-9.785714285714286,-17.813714285714287,95.40371428571429,-15.118285714285713,0.4551428571428571,0.7074285714285715,0.0,27.82714285714286,44.21171428571429,70.01257142857143,2.450857142857143
2023-01-11,-10.444857142857142,-7.063428571428571,-13.158857142857142,96.512,-11.269142857142858,1.7028571428571428,2.420285714285714,0.0,28.24,34.849714285714285,85.12114285714286,2.9139999999999997
2023-01-12,-9.923428571428571,-6.990571428571429,-12.907714285714285,98.48171428571429,-10.47342857142857,1.1685714285714286,1.4934285714285715,0.0,28.805714285714288,28.449428571428573,91.74600000000001,2.842857142857143
2023-01-13,-15.428857142857142,-10.256571428571428,-20.132571428571428,96.93542857142856,-16.022285714285715,0.9251428571428573,1.3414285714285714,0.0,28.747714285714284,45.88485714285714,75.69828571428572,3.751714285714286
2023-01-14,-14.115714285714287,-8.608857142857143,-18.802857142857142,95.06885714285714,-15.081714285714286,0.5874285714285714,0.7774285714285715,0.0,28.769714285714283,50.15314285714285,66.1182857142857,3.0811428571428574
2023-01-15,-9.32542857142857,-3.7368571428571427,-13.529714285714286,94.24571428571429,-10.498,1.4905714285714287,2.036,0.0,29.047428571428572,37.528,83.24971428571428,3.047428571428571
2023-01-16,-5.016285714285714,-2.493142857142857,-7.441142857142857,95.08514285714286,-6.0605714285714285,0.7477142857142858,0.9402857142857142,0.0,29.221999999999998,40.517714285714284,85.19228571428572,2.670285714285714
2023-01-17,-7.379142857142857,-3.708571428571429,-10.515142857142857,97.342,-8.077428571428571,2.5885714285714285,3.3728571428571428,0.0,29.669428571428572,28.939714285714285,91.17485714285714,3.0388571428571427
2023-01-18,-11.112285714285715,-8.004857142857142,-14.205428571428572,97.974,-11.677142857142856,0.6877142857142857,0.7871428571428571,0.0,30.066857142857142,40.454571428571434,82.66571428571429,2.964571428571429
2023-01-19,-12.697428571428572,-9.544,-15.146,97.64428571428572,-13.309714285714287,0.43742857142857144,1.232,0.0,29.935714285714287,36.98571428571429,84.49600000000001,2.983142857142857
2023-01-20,-13.121428571428572,-9.785142857142858,-16.042285714285715,97.54857142857142,-13.708571428571428,0.6359999999999999,0.7082857142857143,0.0,29.813714285714287,51.898,72.51942857142856,2.6991428571428573
2023-01-21,-11.147714285714287,-6.8428571428571425,-14.870857142857144,96.84857142857142,-11.949714285714286,0.26885714285714285,0.312,0.0,29.722285714285714,36.304,85.63799999999999,2.759142857142857
2023-01-22,-9.24,-6.332571428571428,-11.919428571428572,97.13228571428571,-10.03057142857143,0.45742857142857146,0.7348571428571429,0.0,29.596571428571433,30.251142857142856,92.75800000000001,2.468
2023-01-23,-9.573428571428572,-5.994857142857143,-13.683142857142858,96.918,-10.356857142857143,2.313142857142857,2.879142857142857,0.0,30.110571428571426,38.472857142857144,89.34542857142857,3.336857142857143
2023-01-24,-16.601714285714287,-10.776285714285715,-20.999142857142857,95.68342857142858,-17.367714285714285,0.6097142857142858,0.7397142857142858,0.0,30.59857142857143,58.89857142857142,68.43885714285715,3.1134285714285714
2023-01-25,-18.883714285714284,-14.17542857142857,-22.92,96.76057142857142,-19.406000000000002,0.9982857142857142,1.560857142857143,0.0,30.567428571428568,50.23314285714286,69.11171428571429,2.5902857142857143
2023-01-26,-19.385142857142856,-15.695428571428572,-23.47885714285714,97.31428571428572,-19.846857142857143,0.9854285714285714,1.1082857142857143,0.0,30.816857142857142,65.582,60.496,2.8702857142857146
2023-01-27,-17.802857142857142,-12.583142857142857,-23.248285714285714,96.57,-18.393428571428572,2.0102857142857142,2.841142857142857,0.0,31.153142857142853,47.558571428571426,75.05885714285714,3.341142857142857
2023-01-28,-20.438285714285715,-14.319142857142857,-25.417142857142856,95.83457142857144,-21.046857142857142,0.7622857142857142,1.2037142857142857,0.0,31.834857142857143,76.62771428571428,42.284285714285716,4.326285714285714
2023-01-29,-23.166857142857143,-19.36857142857143,-26.845428571428574,96.30314285714286,-23.630285714285712,0.6751428571428572,1.3531428571428572,0.0,31.72142857142857,67.66228571428572,46.90371428571429,2.884857142857143
2023-01-30,-24.40142857142857,-20.042,-29.486571428571427,96.65428571428572,-24.832285714285714,0.2857142857142857,0.5702857142857143,0.0,31.64114285714286,75.69485714285715,39.710571428571434,2.968857142857143
2023-01-31,-21.77542857142857,-17.53342857142857,-25.99142857142857,95.86371428571428,-22.39428571428571,0.28971428571428576,0.27285714285714285,0.016857142857142904,31.54114285714286,86.066,33.00228571428571,3.5002857142857144
2023-02-01,-22.579142857142855,-17.389142857142858,-27.49142857142857,96.81,-23.030857142857144,0.2522857142857143,0.35114285714285715,0.0,31.453142857142854,79.65828571428571,48.55257142857143,3.1768571428571426
2023-02-02,-21.292285714285715,-17.07,-25.987142857142857,96.34142857142857,-21.855428571428572,0.6765714285714286,1.1525714285714286,0.0,31.435142857142857,69.85742857142857,55.60742857142857,4.888571428571429
2023-02-03,-28.83857142857143,-22.46142857142857,-33.704571428571434,96.222,-29.127428571428574,0.384,0.2794285714285714,0.10457142857142859,31.441714285714287,83.722,33.83971428571429,4.474857142857143
2023-02-04,-20.944857142857146,-14.093142857142857,-27.664285714285715,96.61285714285714,-21.47085714285714,1.4534285714285713,1.9534285714285715,0.0,31.83,64.70228571428571,64.11571428571429,3.2802857142857142
2023-02-05,-17.35,-13.286857142857144,-21.645142857142858,97.61371428571428,-17.792,0.376,0.5228571428571429,0.0,32.109428571428566,66.344,69.098,2.6991428571428573
2023-02-06,-14.629714285714284,-5.276571428571429,-22.236285714285714,96.58142857142857,-15.295428571428573,1.3157142857142856,1.3942857142857141,0.0,32.154857142857146,74.42742857142858,68.89257142857143,3.367142857142857
2023-02-07,-7.520857142857143,-0.942,-13.763428571428571,97.10171428571428,-8.234857142857143,2.8891428571428572,3.8174285714285716,0.0,33.110571428571426,57.257714285714286,82.91485714285714,5.114857142857143
2023-02-08,-10.159142857142857,-5.468285714285714,-15.255428571428572,96.36114285714285,-10.978571428571428,0.36800000000000005,0.5062857142857142,0.0,33.394285714285715,83.842,62.98657142857142,2.8285714285714287
2023-02-09,-8.458857142857143,-4.486571428571429,-12.532285714285715,98.1502857142857,-9.027714285714287,1.8311428571428572,1.6937142857142857,0.13742857142857146,33.18628571428572,52.22857142857143,82.70914285714287,2.8068571428571425
2023-02-10,-11.54342857142857,-7.0125714285714285,-15.781142857142859,96.77057142857143,-12.286285714285714,1.7777142857142856,1.648,0.12971428571428567,33.377428571428574,72.28885714285714,82.37771428571428,3.799428571428571
2023-02-11,-9.695714285714287,-4.566285714285714,-15.424857142857142,94.90371428571429,-10.785142857142858,0.8442857142857143,1.2762857142857142,0.0,33.357142857142854,69.32028571428572,74.57857142857142,3.9182857142857137
2023-02-12,-10.547714285714287,-4.538,-15.740571428571428,95.86628571428572,-11.404571428571428,0.3845714285714286,0.6022857142857143,0.0,33.202285714285715,75.04885714285714,74.56885714285714,2.736285714285714
2023-02-13,-6.026857142857143,-2.3362857142857143,-9.594000000000001,96.38000000000001,-6.879428571428572,0.7805714285714286,1.2454285714285713,0.0,33.16857142857143,78.88857142857142,76.0657142857143,3.144285714285714
2023-02-14,-4.907714285714286,-0.5985714285714286,-10.144285714285715,96.11942857142857,-5.808857142857143,0.4914285714285714,0.7251428571428571,0.0,32.83542857142857,86.14457142857142,72.36857142857143,3.370285714285714
2023-02-15,-9.844857142857142,-2.9137142857142857,-15.441142857142859,95.24828571428571,-10.685714285714285,5.006571428571428,5.041714285714286,0.0,32.52942857142857,89.01371428571429,84.37942857142858,4.7454285714285716
2023-02-16,-17.91971428571429,-13.456857142857142,-22.588857142857144,94.38542857142858,-18.81257142857143,0.3628571428571429,0.7905714285714285,0.0,32.16857142857143,102.29085714285713,58.00114285714286,3.3377142857142856
2023-02-17,-18.86,-10.633428571428572,-25.306,95.35857142857144,-19.59657142857143,2.0517142857142856,3.442,0.0,32.894571428571425,95.86800000000001,66.24542857142858,3.9134285714285713
2023-02-18,-13.104857142857144,-7.504571428571429,-19.094285714285714,94.10942857142857,-14.231142857142856,0.6822857142857143,1.1897142857142857,0.0,33.37428571428571,93.5282857142857,66.83371428571428,3.9968571428571424
2023-02-19,-12.475428571428571,-6.4151428571428575,-18.97285714285714,96.25200000000001,-13.208571428571428,1.2894285714285716,1.9845714285714284,0.0,33.54657142857143,88.37314285714285,72.8877142857143,3.9
2023-02-20,-20.25142857142857,-12.917428571428571,-27.10885714285714,93.73342857142858,-21.163714285714285,0.21114285714285713,0.46171428571428574,0.0,33.590857142857146,125.43514285714286,47.561142857142855,3.0037142857142856
2023-02-21,-19.26142857142857,-14.903142857142857,-23.628857142857143,93.60114285714286,-20.25257142857143,0.7114285714285714,1.1805714285714286,0.0,33.57485714285714,109.22314285714286,56.20314285714286,3.3882857142857143
2023-02-22,-22.417428571428573,-17.36342857142857,-28.19542857142857,93.43257142857142,-23.356857142857145,0.23428571428571426,0.938,0.0,33.47228571428571,125.45485714285715,44.830285714285715,3.061714285714286
2023-02-23,-23.071714285714286,-18.426571428571428,-27.18885714285714,95.88628571428572,-23.588285714285714,1.2428571428571429,3.196,0.0,33.31371428571428,107.01114285714286,60.25914285714286,3.7800000000000002
2023-02-24,-20.947999999999997,-15.588571428571429,-25.010571428571428,94.37771428571428,-21.74514285714286,0.18114285714285713,0.19285714285714287,0.0,33.2,142.88771428571428,44.92371428571428,3.6902857142857144
2023-02-25,-16.443142857142856,-11.622,-20.542285714285715,94.3757142857143,-17.372857142857143,0.7005714285714285,1.0302857142857142,0.0,33.07485714285714,112.94971428571428,68.28342857142857,2.7182857142857144
2023-02-26,-14.044571428571428,-10.065714285714286,-18.068285714285715,95.43742857142857,-14.925714285714285,0.5651428571428572,0.8851428571428571,0.0,33.13885714285714,126.72971428571428,59.06657142857143,3.3005714285714283
2023-02-27,-13.104857142857144,-7.228,-18.481714285714286,94.34628571428571,-14.141714285714285,0.6974285714285714,1.6408571428571428,0.0,32.93885714285714,97.43285714285715,69.32771428571428,3.2688571428571427
2023-02-28,-8.121714285714285,-3.9725714285714284,-11.512,96.54171428571429,-9.02057142857143,3.5997142857142856,4.6734285714285715,0.0,33.95485714285714,86.14342857142857,91.07228571428573,4.178
2023-03-01,-12.211142857142857,-7.411142857142857,-16.623142857142856,96.04714285714286,-13.013142857142856,0.19685714285714287,0.30714285714285716,0.0,34.13142857142857,135.14257142857142,53.50685714285714,3.4414285714285717
2023-03-02,-14.757142857142858,-9.057428571428572,-20.492571428571427,96.344,-15.428285714285714,0.29657142857142854,0.326,0.0,33.862,139.58828571428572,59.068000000000005,2.8897142857142857
2023-03-03,-9.976,-3.252,-15.578285714285714,95.72542857142857,-10.895428571428571,0.40885714285714286,1.0322857142857143,0.0,33.652,117.18028571428573,63.824000000000005,2.9474285714285715
2023-03-04,-5.619714285714285,-1.7585714285714285,-9.279714285714286,96.04085714285713,-6.540857142857143,1.548857142857143,3.355714285714286,0.0,33.53485714285714,124.656,77.356,2.741142857142857
2023-03-05,-6.179714285714286,-1.681142857142857,-10.024000000000001,95.80257142857143,-7.1171428571428565,0.28914285714285715,0.4057142857142857,0.0,33.21228571428571,141.19,64.5,2.1697142857142855
2023-03-06,-7.79742857142857,-3.577428571428572,-11.537428571428572,95.1062857142857,-8.819714285714285,0.3702857142857143,0.7194285714285714,0.0,32.76914285714286,140.58914285714286,59.29828571428572,2.6125714285714285
2023-03-07,-11.236285714285714,-6.615142857142857,-16.212857142857143,92.61800000000001,-12.648571428571428,0.1982857142857143,0.3271428571428572,0.0,32.517714285714284,156.61514285714284,52.21857142857142,3.3202857142857147
2023-03-08,-11.094,-6.632571428571429,-15.278857142857143,93.32714285714285,-12.37742857142857,0.30457142857142855,0.5454285714285714,0.0,32.202571428571424,151.37057142857142,59.66828571428571,3.400857142857143
2023-03-09,-10.291714285714285,-6.740571428571428,-13.892285714285714,94.38257142857142,-11.462285714285715,0.24771428571428572,0.36742857142857144,0.0,31.97942857142857,157.76600000000002,55.52942857142857,3.0448571428571425
2023-03-10,-12.27657142857143,-8.736857142857144,-15.771428571428572,95.53714285714287,-13.20342857142857,0.29114285714285715,0.7337142857142857,0.0,31.700285714285712,140.85514285714285,66.91371428571429,3.3608571428571428
2023-03-11,-12.504285714285714,-8.421142857142858,-16.56542857142857,94.17657142857142,-13.635428571428571,0.24057142857142857,0.32571428571428573,0.0,31.446857142857144,156.9157142857143,64.62628571428571,3.124857142857143
2023-03-12,-11.946,-8.614285714285714,-15.073142857142859,94.704,-13.024857142857144,0.41714285714285715,0.7248571428571429,0.0,31.230285714285714,145.5254285714286,72.37371428571429,2.6839999999999997
2023-03-13,-12.293714285714287,-7.341142857142857,-16.93885714285714,95.51342857142856,-13.156857142857143,0.40514285714285714,0.7568571428571428,0.0,31.01628571428571,164.454,51.02057142857143,2.6965714285714286
2023-03-14,-9.831714285714286,-3.396857142857143,-15.271142857142857,93.64628571428571,-11.02257142857143,0.2714285714285714,0.3577142857142857,0.0,30.706,164.90685714285715,52.99171428571429,3.482285714285714
2023-03-15,-6.146,-1.0585714285714285,-10.658,92.67314285714285,-7.67,0.9662857142857143,1.5405714285714287,0.0,30.57057142857143,137.7577142857143,73.36885714285714,3.6102857142857143
2023-03-16,-6.639142857142858,-2.2954285714285714,-9.821142857142858,93.46085714285715,-7.969714285714286,1.4274285714285715,2.3057142857142856,0.0,30.587999999999997,117.65171428571428,88.63028571428572,3.080857142857143
2023-03-17,-10.114571428571429,-6.448571428571428,-12.897142857142857,96.64314285714286,-10.851142857142857,6.996285714285714,8.489714285714285,0.0,32.315999999999995,92.34428571428572,95.828,5.032571428571428
2023-03-18,-12.394285714285715,-8.439142857142857,-15.709714285714286,91.75085714285714,-13.924285714285714,1.6882857142857144,2.1902857142857144,0.0,34.151714285714284,157.16485714285716,83.596,4.871428571428571
2023-03-19,-11.532,-7.206285714285714,-15.51142857142857,91.45085714285715,-13.17,0.6374285714285713,1.2168571428571429,0.0,34.19285714285714,170.74914285714286,61.514857142857146,3.9457142857142857
2023-03-20,-11.773714285714286,-8.006857142857143,-15.216571428571429,92.65799999999999,-13.197428571428572,0.1762857142857143,0.348,0.0,33.92885714285714,185.73828571428572,56.862,3.5945714285714288
2023-03-21,-13.140285714285715,-6.252,-19.221999999999998,92.206,-14.573714285714285,0.09342857142857143,0.0882857142857143,0.00514285714285713,33.526,199.0442857142857,45.53457142857143,2.5414285714285714
2023-03-22,-9.456285714285714,-4.486857142857143,-14.232285714285714,93.88857142857142,-10.686571428571428,3.05,4.096,0.0,33.65371428571429,124.05971428571429,77.91857142857143,3.3480000000000003
2023-03-23,-6.851428571428571,-2.811714285714286,-10.815428571428573,95.872,-7.806571428571429,1.5845714285714285,1.752,0.0,34.59742857142857,159.66142857142856,73.91285714285713,3.540285714285714
2023-03-24,-6.949714285714286,0.019142857142857166,-12.775714285714285,91.94771428571428,-8.563142857142857,0.20657142857142857,0.23285714285714287,0.0,34.081999999999994,207.70057142857144,39.67457142857143,2.866285714285714
2023-03-25,-4.478,0.2085714285714286,-8.774000000000001,94.92314285714285,-5.508,1.5014285714285716,2.004,0.0,33.291428571428575,147.9685714285714,67.31085714285715,3.148285714285714
2023-03-26,-5.346857142857142,-1.5365714285714287,-8.912857142857142,93.61142857142858,-6.700285714285714,1.0268571428571427,1.3597142857142859,0.0,32.372,189.67342857142856,66.97,3.826571428571429
2023-03-27,-9.614857142857142,-5.010571428571429,-14.198285714285714,93.8062857142857,-10.829142857142857,0.47171428571428575,0.5474285714285715,0.0,31.959714285714284,198.56971428571427,47.57057142857143,2.439142857142857
2023-03-28,-9.907142857142857,-5.171714285714286,-14.526285714285715,91.194,-11.588571428571429,0.5462857142857143,0.856,0.0,31.703714285714284,206.26285714285714,54.652,2.208857142857143
2023-03-29,-9.731142857142856,-5.788,-13.463428571428572,91.71685714285715,-11.312000000000001,0.7374285714285714,1.242,0.0,31.571142857142856,193.6022857142857,67.46,3.4411428571428573
2023-03-30,-7.942571428571429,-2.571142857142857,-12.222,88.48028571428571,-10.203714285714286,0.49028571428571427,0.7871428571428571,0.0,31.35142857142857,206.76399999999998,59.19142857142857,3.3085714285714283
2023-03-31,-7.260285714285715,-2.4611428571428573,-12.493142857142857,93.408,-8.534,0.8400000000000001,1.0305714285714285,0.0,31.013142857142856,187.62514285714286,55.92971428571428,2.776
2023-04-01,-7.396000000000001,-2.728285714285714,-12.67457142857143,93.29257142857142,-8.715714285714286,2.9665714285714286,2.472,0.49457142857142866,30.442,204.86,57.86457142857143,3.515142857142857
2023-04-02,-8.088285714285714,-3.505142857142857,-12.842,89.9002857142857,-10.049428571428573,0.6494285714285715,1.2168571428571429,0.0,30.08314285714286,212.10914285714284,58.03742857142857,2.898857142857143
2023-04-03,-8.757142857142858,-3.868285714285714,-12.853714285714286,92.75057142857143,-10.15942857142857,2.286285714285714,3.079142857142857,0.0,30.08314285714286,194.47942857142857,68.11342857142857,3.520857142857143
2023-04-04,-10.167428571428571,-4.196000000000001,-15.892857142857142,92.50057142857143,-11.573428571428572,0.4225714285714286,0.23971428571428574,0.18285714285714286,29.874285714285712,212.6082857142857,58.72342857142858,2.8939999999999997
2023-04-05,-7.146285714285715,-3.1385714285714283,-10.3,95.87057142857142,-8.098285714285714,9.230285714285714,11.085714285714285,0.0,30.026285714285716,99.90485714285714,91.67371428571428,4.7377142857142855
2023-04-06,-6.220571428571429,-2.559142857142857,-9.227142857142857,93.94114285714286,-7.551714285714286,2.9354285714285715,3.6877142857142857,0.0,32.79857142857143,175.4422857142857,89.21828571428571,5.032571428571428
2023-04-07,-6.938571428571429,-1.0994285714285716,-12.406857142857143,89.91257142857143,-8.951714285714285,0.2542857142857143,0.30228571428571427,0.0,32.75085714285714,253.06542857142858,48.95771428571428,3.478285714285714
2023-04-08,-3.275714285714286,1.7737142857142856,-8.234857142857143,90.79685714285714,-5.091142857142857,0.10257142857142856,0.07742857142857143,0.025142857142857133,31.107142857142858,249.29942857142856,39.48685714285714,2.5537142857142854
2023-04-09,-0.42000000000000004,3.4657142857142857,-4.530857142857143,91.38257142857142,-2.120857142857143,0.22085714285714286,0.10628571428571428,0.11457142857142859,26.636,239.66142857142856,29.49057142857143,3.0845714285714285
2023-04-10,2.3697142857142857,6.174857142857143,-0.3437142857142857,90.21142857142857,0.5865714285714286,0.15228571428571427,0.14742857142857144,0.004857142857142838,20.93885714285714,222.21057142857143,45.688857142857145,3.470857142857143
2023-04-11,4.048857142857143,8.53057142857143,0.9671428571428572,85.74600000000001,1.427142857142857,0.35400000000000004,0.23,0.12400000000000003,15.195428571428572,178.536,84.61771428571429,3.930285714285714
2023-04-12,5.034285714285714,12.277714285714286,-0.22142857142857142,85.18857142857142,2.1965714285714286,0.3597142857142857,0.406,0.0,11.175142857142857,208.2485714285714,58.54257142857142,2.6334285714285715
2023-04-13,5.346,10.913142857142857,0.7934285714285715,83.87285714285714,2.356857142857143,0.326,0.19314285714285714,0.13285714285714287,9.326285714285715,197.648,55.088857142857144,3.2271428571428573
2023-04-14,3.153142857142857,9.434,-1.4568571428571426,82.71114285714286,-0.15314285714285716,2.826571428571429,3.652285714285714,0.0,10.898857142857143,185.31342857142857,71.42257142857143,2.806285714285714
2023-04-15,3.136857142857143,9.111714285714287,-1.5271428571428571,83.27142857142857,-0.22571428571428573,2.6134285714285714,2.8705714285714286,0.0,11.746,173.69914285714287,68.912,2.833714285714286
2023-04-16,2.335714285714286,7.139714285714286,-1.5202857142857142,84.57857142857142,-0.5845714285714284,5.031714285714286,6.775714285714286,0.0,12.630285714285714,163.31857142857143,81.26142857142857,3.7394285714285713
2023-04-17,-0.36428571428571427,3.3442857142857143,-2.9622857142857146,87.61057142857142,-2.592,9.449142857142858,10.185142857142857,0.0,14.740857142857141,123.75542857142857,92.416,4.838571428571428
2023-04-18,-3.2768571428571427,0.024000000000000046,-6.090285714285714,84.82285714285715,-5.989714285714285,3.386,3.501714285714286,0.0,20.736285714285714,179.32,80.75257142857143,4.942857142857143
2023-04-19,-3.5622857142857143,1.2605714285714285,-7.787714285714285,80.23371428571429,-7.034285714285714,0.43885714285714283,0.5105714285714286,0.0,20.94742857142857,206.052,68.334,4.081714285714286
2023-04-20,-2.358857142857143,2.8728571428571428,-6.9548571428571435,82.584,-5.556285714285714,0.6994285714285714,0.8451428571428571,0.0,19.854857142857142,213.5917142857143,68.58314285714285,3.3777142857142857
2023-04-21,-0.6968571428571428,2.9148571428571426,-3.4908571428571427,88.32571428571428,-2.7537142857142856,4.206,5.400857142857143,0.0,19.440571428571428,147.13542857142858,94.3157142857143,3.7537142857142856
2023-04-22,-1.2868571428571431,2.5140000000000002,-4.438571428571429,89.34771428571429,-3.183142857142857,2.400857142857143,1.1640000000000001,1.2368571428571427,19.30457142857143,161.15657142857143,93.04257142857142,2.842571428571429
2023-04-23,-1.6082857142857143,1.8971428571428568,-4.677142857142857,87.30342857142857,-3.8977142857142852,2.3785714285714286,2.446,0.0,18.87,176.20457142857143,91.83571428571429,2.612
2023-04-24,-1.449142857142857,2.745142857142857,-5.514285714285714,86.09942857142858,-3.923142857142857,0.6594285714285715,0.5625714285714286,0.09685714285714286,18.97285714285714,184.1462857142857,89.31400000000001,2.1445714285714286
2023-04-25,-0.856,2.8265714285714285,-4.710857142857143,84.89885714285714,-3.5559999999999996,0.9071428571428571,0.8362857142857143,0.07085714285714284,18.701999999999998,199.134,85.32771428571428,2.2011428571428575
2023-04-26,0.4685714285714285,5.1011428571428565,-3.5582857142857143,83.71828571428571,-2.5142857142857142,0.6462857142857144,0.5874285714285715,0.05885714285714283,17.742571428571427,234.11771428571424,71.44085714285714,1.8940000000000001
2023-04-27,1.5554285714285714,6.178571428571429,-2.5305714285714282,85.82942857142858,-1.0365714285714287,6.313142857142857,1.3922857142857141,4.920857142857143,16.880285714285712,199.49514285714287,79.00857142857143,2.2648571428571427
2023-04-28,3.5025714285714287,8.887714285714285,-0.9577142857142859,83.87314285714285,0.518,1.9568571428571426,0.24057142857142857,1.716285714285714,17.508285714285712,199.14857142857142,83.332,2.0422857142857143
2023-04-29,3.3805714285714283,6.6,0.4171428571428571,89.95828571428571,1.692,4.0522857142857145,1.6722857142857144,2.38,14.325714285714286,141.13228571428573,95.94257142857143,2.8434285714285714
2023-04-30,3.783142857142857,6.998,1.2114285714285713,88.85,1.8542857142857145,6.013714285714285,3.4480000000000004,2.565714285714285,12.706857142857142,128.29628571428572,93.70742857142858,3.9442857142857144
2023-05-01,2.9554285714285715,5.97,0.14600000000000002,85.78228571428572,0.46857142857142864,6.251428571428572,2.0754285714285716,4.176,12.443714285714286,127.824,89.23685714285715,4.765428571428571
2023-05-02,2.4137142857142857,7.031428571428571,-1.14,80.88285714285715,-1.1271428571428572,4.15,3.329142857142857,0.8208571428571432,14.048857142857145,176.9114285714286,79.02114285714285,4.461714285714286
2023-05-03,3.8545714285714285,9.192571428571428,-0.38,84.39828571428572,1.0857142857142856,1.6885714285714286,0.204,1.4845714285714287,13.084,159.76257142857142,89.38342857142857,2.5134285714285713
2023-05-04,5.142285714285714,9.892000000000001,1.0094285714285713,84.89457142857142,2.422285714285714,0.6688571428571428,0.20971428571428571,0.4591428571428571,11.188571428571429,195.92714285714285,83.33771428571428,2.1688571428571426
2023-05-05,6.752285714285715,12.532,2.0082857142857145,82.43285714285715,3.471142857142857,0.2674285714285714,0.07257142857142858,0.19485714285714284,7.655428571428572,227.58114285714285,68.13942857142858,2.202571428571429
2023-05-06,8.440285714285714,14.592285714285715,3.1774285714285715,79.44857142857143,4.446571428571429,0.8545714285714285,0.03885714285714286,0.8157142857142857,3.982285714285714,237.92314285714284,45.11942857142857,2.128857142857143
2023-05-07,8.415714285714285,13.492,4.080571428571428,82.15171428571428,5.139714285714286,1.6742857142857144,0.04028571428571429,1.6340000000000001,2.6797142857142857,219.75914285714285,54.22857142857143,2.4245714285714284
2023-05-08,8.227714285714287,15.73342857142857,1.5677142857142856,75.65171428571428,3.245142857142857,1.2134285714285713,0.006000000000000001,1.2074285714285713,2.8245714285714287,243.12371428571427,43.65971428571428,2.357142857142857
2023-05-09,10.496857142857143,17.909142857142857,3.9542857142857146,70.568,4.653142857142858,0.4348571428571429,0.002,0.4328571428571429,1.0082857142857142,238.0857142857143,47.37714285714286,1.8780000000000001
2023-05-10,12.466285714285714,20.41057142857143,5.03,73.098,7.123714285714286,0.36057142857142854,0.006571428571428572,0.354,0.3617142857142857,246.24828571428574,29.701714285714285,1.9602857142857142
2023-05-11,13.506571428571428,20.085714285714285,7.616,79.25771428571429,9.515142857142857,2.762,0.0,2.762,0.2302857142857143,227.2342857142857,53.62428571428571,2.555428571428571
2023-05-12,12.856285714285715,18.427142857142858,7.193428571428571,75.22857142857143,7.839428571428571,0.26685714285714285,0.009142857142857144,0.25771428571428573,0.18771428571428572,260.98485714285715,52.82371428571428,2.8865714285714286
2023-05-13,9.632,15.41657142857143,3.9465714285714286,70.08714285714287,3.5308571428571427,0.01942857142857143,0.013142857142857144,0.006285714285714287,0.9725714285714285,296.1608571428572,37.48171428571428,2.7897142857142856
2023-05-14,10.094000000000001,18.135142857142856,2.412857142857143,64.76514285714286,2.6648571428571426,0.09542857142857142,0.0008571428571428572,0.09457142857142856,0.3314285714285714,281.72999999999996,35.34457142857143,2.948571428571429
2023-05-15,11.351142857142857,18.452285714285715,5.473428571428571,70.30657142857143,5.434,2.3565714285714288,0.004285714285714286,2.3522857142857143,0.31314285714285717,193.12942857142858,73.49371428571429,3.3328571428571427
2023-05-16,7.0122857142857145,12.849428571428572,2.317142857142857,67.99685714285714,0.6922857142857143,1.8454285714285714,0.37314285714285716,1.4722857142857142,4.545428571428571,200.98685714285713,74.85742857142857,3.6762857142857137
2023-05-17,3.7371428571428575,9.838857142857144,-1.6102857142857143,67.18371428571429,-2.5325714285714285,0.6477142857142858,0.064,0.5837142857142859,5.347428571428571,237.12685714285715,70.53914285714285,2.6511428571428572
2023-05-18,5.940571428571428,12.117714285714285,0.9128571428571429,75.00542857142857,1.164,3.5702857142857143,0.21485714285714286,3.3554285714285714,4.543714285714286,167.97657142857145,81.74114285714286,2.3754285714285714
2023-05-19,8.588285714285714,15.570857142857143,3.404,78.83028571428571,4.615142857142857,2.266857142857143,0.036,2.230857142857143,3.0145714285714287,210.22142857142856,77.38742857142857,2.6834285714285713
2023-05-20,11.298,17.71485714285714,5.726,76.60228571428571,6.691142857142857,2.1385714285714283,0.006857142857142857,2.1317142857142857,0.942,215.66514285714285,57.74114285714286,3.446857142857143
2023-05-21,7.225714285714286,13.401142857142858,1.5134285714285713,68.14171428571429,0.8291428571428572,0.3962857142857143,0.08914285714285715,0.30714285714285716,2.9502857142857146,285.83514285714284,50.83742857142857,3.1105714285714288
2023-05-22,8.638,18.180285714285716,0.36628571428571427,68.81685714285715,2.3280000000000003,0.6177142857142858,0.0,0.6177142857142858,0.8845714285714286,278.30942857142855,36.520857142857146,2.4334285714285713
2023-05-23,10.198285714285714,16.147714285714283,5.627142857142857,75.212,5.4311428571428575,3.3605714285714288,0.05314285714285714,3.307428571428572,1.5105714285714285,188.46942857142858,69.31714285714285,3.4317142857142855
2023-05-24,6.664285714285715,14.12257142857143,0.041714285714285634,65.96057142857143,-0.3602857142857143,0.7011428571428571,0.013428571428571429,0.6877142857142856,3.5125714285714285,308.6917142857143,43.474000000000004,2.8074285714285714
2023-05-25,9.201142857142857,18.636285714285712,0.7642857142857142,63.46171428571428,1.5565714285714285,0.28314285714285714,0.0,0.28314285714285714,1.9142857142857144,308.47999999999996,38.272285714285715,2.9165714285714284
2023-05-26,13.642000000000001,21.905714285714286,6.897428571428572,68.47628571428572,7.100285714285714,2.817714285714286,0.0,2.817714285714286,0.4462857142857143,258.47485714285716,53.46228571428571,2.6271428571428572
2023-05-27,16.22714285714286,23.558857142857146,10.110000000000001,67.14142857142856,9.014285714285714,2.2142857142857144,0.0,2.2142857142857144,0.31342857142857145,277.69800000000004,35.925714285714285,2.8497142857142856
2023-05-28,16.191428571428574,24.239142857142856,8.564285714285715,66.91285714285713,8.747428571428571,0.418,0.0,0.418,0.2874285714285714,310.77771428571424,34.48657142857143,2.174857142857143
2023-05-29,18.117714285714285,26.184,10.429142857142857,65.58828571428572,10.466857142857142,0.045714285714285714,0.0,0.045714285714285714,0.026000000000000002,321.366,28.493714285714287,2.773428571428571
2023-05-30,18.998857142857144,26.353428571428573,12.150571428571428,70.00200000000001,12.610857142857142,0.8614285714285715,0.0,0.8614285714285715,0.0,294.7062857142857,37.77428571428571,2.5582857142857143
2023-05-31,18.126285714285714,24.79942857142857,12.504857142857142,76.588,13.127714285714287,2.6391428571428572,0.002285714285714286,2.636857142857143,0.08514285714285715,234.76171428571428,55.011428571428574,2.414285714285714
2023-06-01,16.941428571428574,23.05314285714286,11.483714285714285,75.24228571428571,11.80857142857143,1.6428571428571428,0.00028571428571428574,1.6425714285714286,0.3562857142857143,245.7465714285714,58.069428571428574,2.2954285714285714
2023-06-02,17.501714285714286,24.351999999999997,11.619714285714286,75.79742857142857,12.594000000000001,1.7348571428571429,0.007142857142857143,1.7277142857142858,0.32685714285714285,279.2214285714286,47.768571428571434,2.390285714285714
2023-06-03,19.069714285714287,25.676571428571428,12.882857142857143,74.98685714285715,13.73857142857143,0.9259999999999999,0.0,0.9259999999999999,0.0,304.5465714285714,37.54685714285714,2.371142857142857
2023-06-04,17.993714285714287,24.160857142857143,12.256857142857143,75.78085714285714,12.912571428571429,3.7225714285714284,0.00028571428571428574,3.722285714285714,0.106,224.24914285714286,59.31171428571428,2.3697142857142857
2023-06-05,15.048857142857145,20.098285714285716,10.532,74.40342857142856,9.859714285714285,1.4114285714285715,0.013714285714285714,1.3977142857142857,0.7665714285714286,231.96914285714286,74.77171428571428,2.5545714285714283
2023-06-06,13.627714285714287,19.582,8.307714285714285,72.05685714285714,7.969714285714286,1.7574285714285713,0.001142857142857143,1.7562857142857142,0.08857142857142858,278.3311428571429,47.16714285714286,2.849142857142857
2023-06-07,13.390857142857143,19.383714285714287,7.655428571428572,69.71971428571429,7.119142857142857,0.874,0.0,0.874,0.03485714285714286,296.9457142857143,27.16657142857143,2.92
2023-06-08,14.829714285714285,21.445714285714285,8.457999999999998,70.92285714285715,8.789142857142858,0.11514285714285714,0.0,0.11514285714285714,0.15228571428571427,263.5674285714286,53.943999999999996,2.1554285714285712
2023-06-09,15.709142857142856,22.233428571428572,9.939142857142857,74.51457142857143,10.649428571428572,1.6074285714285714,0.0,1.6074285714285714,0.012857142857142857,227.29057142857144,61.623714285714286,2.474285714285714
2023-06-10,11.308857142857143,17.137142857142855,6.446285714285715,74.45142857142858,6.2865714285714285,2.332,0.049428571428571426,2.2825714285714285,0.7154285714285714,233.132,64.9437142857143,3.036
2023-06-11,11.734,18.59857142857143,5.361428571428571,70.48685714285715,5.7542857142857144,0.8111428571428572,0.23914285714285718,0.572,0.898,260.9097142857143,47.214,2.0905714285714287
2023-06-12,14.959142857142858,22.04057142857143,8.36142857142857,74.95171428571429,9.703142857142858,3.342857142857143,0.0,3.342857142857143,0.5457142857142857,233.53428571428572,45.952571428571424,2.438285714285714
2023-06-13,15.33057142857143,22.153714285714287,9.854285714285714,76.21742857142857,10.584857142857144,3.108,0.0,3.108,0.2705714285714286,192.82114285714286,72.38000000000001,2.806285714285714
2023-06-14,10.768857142857144,16.893142857142855,6.478857142857143,77.56114285714285,6.570285714285714,1.3897142857142857,0.002285714285714286,1.3874285714285715,0.45828571428571424,193.6185714285714,78.43571428571428,2.923142857142857
2023-06-15,10.984571428571428,17.410857142857143,5.583714285714286,74.28057142857143,5.708,1.0054285714285713,0.013714285714285714,0.9917142857142857,0.7525714285714286,263.79742857142855,55.97971428571429,2.4177142857142857
2023-06-16,13.729142857142856,21.316857142857145,7.08,72.55885714285714,8.029714285714286,0.5034285714285714,0.0025714285714285713,0.5008571428571429,0.3677142857142857,294.74514285714287,31.42742857142857,2.2622857142857145
2023-06-17,16.111428571428572,22.50485714285714,9.541142857142857,72.05742857142857,10.318857142857144,0.9845714285714285,0.0,0.9845714285714285,0.05828571428571429,269.73199999999997,46.87057142857143,1.9274285714285713
2023-06-18,17.848857142857145,24.309714285714286,12.042285714285715,73.15971428571429,12.203714285714286,1.654,0.0,1.654,0.0,250.74914285714283,56.11371428571429,1.8897142857142857
2023-06-19,20.03257142857143,26.893428571428572,13.45742857142857,71.79571428571428,13.926,0.9057142857142857,0.0,0.9057142857142857,0.0,281.0705714285714,46.91428571428571,1.9934285714285713
2023-06-20,21.764,28.961142857142857,14.972,69.13257142857142,15.009428571428572,0.40542857142857147,0.0,0.40542857142857147,0.006857142857142858,282.41114285714286,35.97114285714286,2.7005714285714286
2023-06-21,22.679142857142857,28.959714285714288,16.421714285714284,68.36028571428572,15.69742857142857,1.1865714285714286,0.0,1.1865714285714286,0.0,284.9151428571429,43.17285714285714,2.650285714285714
2023-06-22,21.352,27.653714285714287,15.568,72.35514285714285,15.417714285714286,1.6508571428571428,0.0,1.6508571428571428,0.0,256.7177142857143,43.49142857142857,2.3445714285714288
2023-06-23,19.68542857142857,25.156285714285715,14.323714285714285,72.29114285714286,13.811142857142856,1.0934285714285714,0.0,1.0934285714285714,0.05771428571428572,254.17828571428572,58.53257142857142,2.138
2023-06-24,19.063142857142857,24.668,13.273428571428571,72.74000000000001,13.273428571428571,1.1445714285714286,0.0,1.1445714285714286,0.038571428571428576,256.13714285714286,58.389714285714284,1.8437142857142856
2023-06-25,18.09285714285714,23.399714285714285,13.574000000000002,75.75942857142857,13.104285714285714,4.337428571428571,0.0,4.337428571428571,0.0,218.56,68.97971428571428,2.4554285714285715
2023-06-26,15.762857142857143,21.13742857142857,12.033428571428573,81.08342857142857,12.136571428571427,4.465714285714286,0.0,4.465714285714286,0.14885714285714285,203.1717142857143,80.42057142857142,2.7031428571428573
2023-06-27,14.708857142857145,20.852857142857143,9.222857142857142,76.04257142857143,9.861714285714287,3.2405714285714287,0.0,3.2405714285714287,0.1434285714285714,252.20171428571427,55.591142857142856,2.3905714285714286
2023-06-28,16.17457142857143,22.449714285714286,10.112285714285715,72.54771428571429,10.598857142857142,1.372857142857143,0.0,1.372857142857143,0.0,274.45285714285717,45.13314285714286,2.2602857142857142
2023-06-29,17.13771428571429,22.48857142857143,12.268571428571429,77.88228571428571,12.565428571428573,3.9377142857142857,0.0,3.9377142857142857,0.0,201.11885714285714,68.14171428571429,1.9925714285714284
2023-06-30,18.233714285714285,23.654857142857143,13.708571428571428,81.58028571428571,14.580857142857143,4.002857142857143,0.0,4.002857142857143,0.0,177.04714285714286,83.69171428571428,2.0117142857142856
2023-07-01,19.63285714285714,25.621142857142857,14.081428571428573,78.89771428571429,15.252571428571429,2.409142857142857,0.0,2.409142857142857,0.0,238.1337142857143,57.51,1.6534285714285712
2023-07-02,21.384,27.758,14.715142857142856,72.12028571428571,15.363428571428573,0.46399999999999997,0.0,0.46399999999999997,0.0,264.27628571428573,44.59914285714286,1.5237142857142856
2023-07-03,22.41057142857143,28.170285714285715,16.818285714285715,71.9342857142857,16.43942857142857,1.4408571428571428,0.0,1.4408571428571428,0.0,268.8582857142857,46.635714285714286,2.3322857142857143
2023-07-04,21.32057142857143,26.873714285714286,15.708857142857141,71.39285714285714,15.259428571428572,1.3502857142857143,0.0,1.3502857142857143,0.0,257.3985714285715,47.879714285714286,2.3125714285714287
2023-07-05,18.29057142857143,23.439999999999998,14.065714285714286,74.23485714285714,13.021142857142857,2.051428571428571,0.0,2.051428571428571,0.0,199.63114285714286,72.41057142857143,2.6045714285714285
2023-07-06,17.192857142857143,23.03342857142857,11.655999999999999,71.71314285714286,11.23542857142857,2.8114285714285714,0.0,2.8114285714285714,0.0,242.872,57.88285714285715,2.275142857142857
2023-07-07,16.587714285714288,21.60742857142857,11.862285714285715,74.288,11.405714285714286,2.7737142857142856,0.0,2.7737142857142856,0.025142857142857144,230.93514285714284,68.50114285714285,2.468857142857143
2023-07-08,15.66,21.165999999999997,10.258000000000001,71.28428571428572,9.76,1.4574285714285713,0.0,1.4574285714285713,0.3122857142857143,247.06142857142856,61.608000000000004,2.128
2023-07-09,16.19857142857143,21.308571428571426,11.402857142857144,75.19885714285715,11.354285714285714,4.1245714285714286,0.0,4.1245714285714286,0.09542857142857142,202.41685714285714,74.26142857142857,2.657142857142857
2023-07-10,14.906571428571429,19.778000000000002,10.49,75.63142857142857,10.047714285714287,5.532571428571428,0.00028571428571428574,5.532285714285714,0.012000000000000002,224.414,67.29028571428572,3.1445714285714286
2023-07-11,14.025714285714285,19.183999999999997,10.154,76.42057142857144,9.309142857142858,2.2957142857142854,0.013142857142857144,2.282571428571428,0.2805714285714286,223.36171428571427,67.03228571428572,3.3891428571428572
2023-07-12,15.23742857142857,20.909428571428574,9.934,72.97371428571428,9.695714285714287,0.5254285714285715,0.0,0.5254285714285715,0.21114285714285713,259.74485714285714,56.813428571428574,2.520857142857143
2023-07-13,17.107714285714284,22.299142857142858,12.457714285714285,74.91485714285714,12.152857142857144,3.0714285714285716,0.0,3.0714285714285716,0.004571428571428572,216.81571428571428,72.9902857142857,2.6862857142857144
2023-07-14,17.484,22.40885714285714,12.803714285714285,78.56028571428571,13.212571428571428,1.3805714285714286,0.0,1.3805714285714286,0.0,216.48885714285714,62.95857142857143,2.450857142857143
2023-07-15,17.243714285714287,21.679142857142857,13.216285714285714,80.35971428571429,13.456285714285713,2.2445714285714287,0.0,2.2445714285714287,0.0,175.22657142857145,79.238,2.059428571428571
2023-07-16,15.909714285714287,20.29657142857143,12.025142857142857,82.9437142857143,12.695142857142857,4.686285714285715,0.0,4.686285714285715,0.0,172.74285714285713,83.59828571428572,2.1188571428571428
2023-07-17,14.396857142857142,17.627428571428574,11.119428571428571,83.38628571428572,11.301142857142858,3.1577142857142855,0.0,3.1577142857142855,0.0,152.28485714285716,82.32285714285715,2.408857142857143
2023-07-18,14.07542857142857,18.901999999999997,10.150857142857141,80.55685714285715,10.300571428571429,1.286,0.0,1.286,0.0,174.07799999999997,80.05114285714285,1.8822857142857141
2023-07-19,15.722571428571428,21.618285714285715,10.200285714285714,76.904,11.148571428571428,0.5439999999999999,0.0,0.5439999999999999,0.0,229.99914285714286,59.21,1.574
2023-07-20,17.274285714285714,22.64428571428571,11.932857142857141,76.37514285714286,12.453142857142858,2.0908571428571427,0.0,2.0908571428571427,0.0,240.074,59.08257142857143,2.1714285714285713
2023-07-21,17.71457142857143,24.113714285714288,11.555714285714286,73.90771428571429,12.254571428571428,1.921714285714286,0.0,1.921714285714286,0.0,275.1117142857143,39.612857142857145,2.3834285714285715
2023-07-22,18.11057142857143,23.945714285714285,12.449714285714286,75.08028571428571,12.921999999999999,2.247142857142857,0.0,2.247142857142857,0.0,245.19542857142858,45.388285714285715,2.23
2023-07-23,17.307142857142857,22.657714285714285,11.94057142857143,74.61057142857142,12.07057142857143,1.2354285714285715,0.0,1.2354285714285715,0.0,232.01742857142855,49.81028571428571,2.2794285714285714
2023-07-24,17.848857142857145,23.13657142857143,12.581714285714286,73.21057142857143,12.258571428571429,1.76,0.0,1.76,0.0,240.7642857142857,53.44171428571428,2.065714285714286
2023-07-25,18.496,24.39114285714286,13.252571428571429,73.73914285714285,13.07857142857143,2.104285714285714,0.0,2.104285714285714,0.0,226.97771428571428,52.084857142857146,2.202571428571429
2023-07-26,18.155142857142856,23.40685714285714,13.366,77.94371428571428,13.68142857142857,3.2151428571428573,0.0,3.2151428571428573,0.0,216.74114285714288,62.628,2.475714285714286
2023-07-27,17.777714285714286,23.25257142857143,13.439428571428572,81.9222857142857,14.143714285714287,5.047428571428571,0.0,5.047428571428571,0.0,173.71714285714287,71.37885714285714,2.4165714285714284
2023-07-28,16.463428571428572,21.774285714285714,12.254571428571428,78.77885714285715,12.239714285714285,1.686,0.0,1.686,0.0,211.02285714285713,68.00857142857143,2.6065714285714288
2023-07-29,16.161714285714286,20.825714285714284,11.82,76.16,11.436857142857143,1.5631428571428572,0.0,1.5631428571428572,0.0,221.70228571428572,62.85057142857143,2.4462857142857146
2023-07-30,15.766857142857143,20.473714285714287,11.559714285714286,75.75857142857143,10.899428571428572,1.4254285714285715,0.0,1.4254285714285715,0.0,231.37857142857143,56.482285714285716,2.398
2023-07-31,16.165142857142857,21.794571428571427,10.93742857142857,73.21028571428572,10.650285714285713,0.6368571428571428,0.0,0.6368571428571428,0.0,243.45942857142856,41.96971428571429,1.9125714285714286
2023-08-01,17.47885714285714,23.696571428571428,11.30942857142857,70.14057142857143,11.284571428571429,0.6057142857142856,0.0,0.6057142857142856,0.0,220.762,45.408857142857144,1.8137142857142856
2023-08-02,19.15714285714286,25.178857142857144,14.167714285714286,76.72714285714285,14.290285714285714,4.565428571428571,0.0,4.565428571428571,0.0,188.134,71.36628571428572,2.447714285714286
2023-08-03,19.115714285714283,23.384,15.1,79.52457142857143,14.981428571428571,3.2462857142857144,0.0,3.2462857142857144,0.0,189.99685714285715,68.76228571428571,2.7305714285714284
2023-08-04,18.05542857142857,23.571714285714286,12.745714285714286,75.36542857142857,12.918857142857144,0.5568571428571428,0.0,0.5568571428571428,0.0,237.31085714285717,42.476285714285716,2.1157142857142857
2023-08-05,18.43914285714286,24.811999999999998,12.427142857142856,69.81542857142857,12.075142857142858,0.23057142857142857,0.0,0.23057142857142857,0.0,254.44542857142858,37.72371428571429,2.066857142857143
2023-08-06,19.200857142857142,24.668857142857142,13.947714285714286,71.09685714285713,13.145428571428573,1.854857142857143,0.0,1.854857142857143,0.0,197.99200000000002,60.72857142857143,2.042
2023-08-07,18.772,23.835428571428572,14.192,78.44,14.459714285714286,2.9045714285714284,0.0,2.9045714285714284,0.0,164.27314285714286,78.032,2.345142857142857
2023-08-08,18.386857142857142,23.46742857142857,13.810571428571428,77.10885714285715,13.804857142857143,2.298,0.0,2.298,0.0,194.21571428571428,59.86685714285715,2.362
2023-08-09,16.646571428571427,20.902857142857144,12.935714285714285,81.13514285714285,12.905714285714286,4.886571428571429,0.0,4.886571428571429,0.0,172.52657142857143,64.69371428571428,2.654857142857143
2023-08-10,15.01457142857143,19.777428571428572,11.157428571428571,78.85142857142857,10.854,2.2245714285714286,0.0,2.2245714285714286,0.0,188.06428571428572,72.07942857142858,2.6125714285714285
2023-08-11,14.605428571428572,19.587714285714284,10.420857142857143,78.32028571428572,10.382857142857143,2.1568571428571426,0.0,2.1568571428571426,0.0,193.7362857142857,69.91828571428572,2.1311428571428572
2023-08-12,15.256285714285715,19.957714285714285,11.330285714285715,80.896,11.559714285714286,4.118285714285714,0.0,4.118285714285714,0.0,181.38657142857141,85.06371428571428,2.196857142857143
2023-08-13,15.76942857142857,21.319142857142857,10.698571428571428,76.62371428571429,11.010857142857143,1.030857142857143,0.0,1.030857142857143,0.0,218.09371428571427,50.68314285714286,2.192
2023-08-14,16.59342857142857,23.164285714285715,10.357142857142858,71.68028571428572,10.641714285714285,0.11771428571428572,0.0,0.11771428571428572,0.0,246.11314285714283,30.817428571428568,1.8197142857142856
2023-08-15,17.498857142857144,23.167714285714286,12.714285714285714,73.48228571428572,12.180857142857143,3.8160000000000003,0.0,3.8160000000000003,0.0,167.88571428571427,60.42257142857143,2.9522857142857144
2023-08-16,16.608285714285714,21.79342857142857,12.23,80.74314285714286,12.855428571428572,5.615142857142857,0.0,5.615142857142857,0.0,151.4865714285714,76.11085714285714,2.629142857142857
2023-08-17,16.41542857142857,20.405714285714286,12.868,79.85428571428572,12.508285714285714,8.310571428571428,0.0,8.310571428571428,0.0,139.73742857142858,83.48028571428571,4.4634285714285715
2023-08-18,15.274857142857144,21.485142857142858,10.084,76.50114285714285,10.55857142857143,2.356,0.0,2.356,0.0,198.16685714285714,51.23657142857143,3.2885714285714283
2023-08-19,17.914285714285715,25.26,12.560285714285715,74.19571428571429,12.682571428571428,0.7671428571428572,0.0,0.7671428571428572,0.0,180.14542857142857,55.554,3.0477142857142856
2023-08-20,17.793142857142858,23.004571428571428,13.509714285714287,75.60799999999999,12.934571428571427,0.6342857142857142,0.0,0.6342857142857142,0.0,184.34857142857143,61.428,3.034
2023-08-21,17.05914285714286,22.27285714285714,12.382857142857143,74.098,11.787714285714285,0.492,0.0,0.492,0.0,195.52057142857143,72.92942857142857,2.3042857142857143
2023-08-22,17.439999999999998,23.644,12.441999999999998,73.69942857142857,12.04257142857143,0.806,0.0,0.806,0.0,183.31114285714287,67.80857142857144,1.9231428571428573
2023-08-23,17.55657142857143,22.479714285714284,13.464285714285714,77.46542857142857,13.131142857142857,2.0028571428571427,0.0,2.0028571428571427,0.0,164.05685714285713,66.59085714285713,1.974857142857143
2023-08-24,17.878285714285713,22.615714285714283,14.487142857142857,84.83028571428571,15.04342857142857,3.200857142857143,0.0,3.200857142857143,0.0,92.00142857142858,86.56342857142856,1.928857142857143
2023-08-25,15.904285714285713,20.133714285714284,12.523428571428571,84.79571428571428,13.01,6.1411428571428575,0.0,6.1411428571428575,0.0,134.01514285714285,85.32114285714286,2.3034285714285714
2023-08-26,14.417428571428571,20.81714285714286,8.930285714285715,73.11142857142858,8.884,1.0442857142857143,0.0,1.0442857142857143,0.0,234.66228571428573,38.537142857142854,2.544285714285714
2023-08-27,14.815428571428571,21.428571428571427,9.025142857142857,72.01885714285714,9.13857142857143,0.51,0.0,0.51,0.0,221.59485714285714,27.145714285714288,2.648
2023-08-28,14.002571428571429,19.13742857142857,9.912285714285714,76.50685714285714,9.355142857142857,2.2877142857142854,0.0,2.2877142857142854,0.0,163.612,63.73285714285714,2.1445714285714286
2023-08-29,12.964285714285714,17.79514285714286,8.737142857142857,76.7717142857143,8.27657142857143,4.859428571428571,0.0,4.859428571428571,0.0,179.6602857142857,66.71771428571428,2.177428571428571
2023-08-30,13.068285714285715,19.392285714285716,7.837999999999999,76.00514285714286,8.424285714285713,1.5199999999999998,0.0,1.5199999999999998,0.0,174.45771428571427,51.913428571428575,2.9765714285714284
2023-08-31,15.337142857142856,23.049714285714288,9.30942857142857,74.74600000000001,10.18,0.4422857142857143,0.0,0.4422857142857143,0.0,204.40857142857143,33.22685714285714,2.176285714285714
2023-09-01,17.891428571428573,24.089142857142857,13.202571428571428,73.97914285714286,12.579428571428572,1.7105714285714286,0.0,1.7105714285714286,0.0,170.81371428571427,61.46457142857143,2.96
2023-09-02,20.001714285714286,27.02,14.796285714285714,74.96514285714287,14.768857142857142,0.8802857142857142,0.0,0.8802857142857142,0.0,192.24971428571428,37.550285714285714,3.470857142857143
2023-09-03,20.900285714285715,26.51257142857143,15.864,73.30942857142857,15.230857142857143,0.13342857142857142,0.0,0.13342857142857142,0.0,208.2305714285714,21.68742857142857,3.067714285714286
2023-09-04,19.837142857142855,26.990571428571428,14.012571428571428,76.42857142857143,14.935428571428572,0.628,0.0,0.628,0.0,169.9745714285714,36.096,2.158
2023-09-05,20.92142857142857,26.555714285714288,16.304,80.33514285714286,16.85457142857143,3.4965714285714284,0.0,3.4965714285714284,0.0,153.13,52.984857142857145,2.6871428571428573
2023-09-06,15.904285714285713,21.77914285714286,11.398857142857143,80.116,12.076571428571429,6.246285714285714,0.0,6.246285714285714,0.0,117.2657142857143,75.9842857142857,3.108857142857143
2023-09-07,12.19,17.428285714285714,8.496,79.088,8.182,4.2451428571428576,0.0,4.2451428571428576,0.0,145.03657142857142,75.84771428571429,2.5085714285714285
2023-09-08,12.129142857142856,18.820285714285717,7.363714285714286,76.32971428571429,7.563428571428572,0.5111428571428571,0.0,0.5111428571428571,0.0,153.55914285714286,61.21171428571428,2.1980000000000004
2023-09-09,13.719999999999999,19.783142857142856,8.324857142857143,74.64657142857143,8.684285714285714,0.6174285714285714,0.0,0.6174285714285714,0.0,170.0677142857143,47.03885714285715,1.782857142857143
2023-09-10,13.047428571428572,17.423142857142857,9.274857142857144,77.35885714285715,8.716571428571427,0.6757142857142857,0.0,0.6757142857142857,0.0,141.818,68.86885714285714,1.9728571428571429
2023-09-11,11.422571428571429,15.609142857142855,7.944857142857143,79.14057142857143,7.530857142857142,0.9625714285714285,0.0,0.9625714285714285,0.0,140.05114285714285,74.08285714285715,1.9554285714285713
2023-09-12,10.762,15.840285714285713,6.546571428571428,78.45571428571428,6.628,2.5205714285714285,0.0,2.5205714285714285,0.0,143.8602857142857,59.35771428571429,2.399142857142857
2023-09-13,11.007428571428571,17.172285714285714,5.902857142857143,72.96257142857144,5.633714285714286,0.9171428571428571,0.0,0.9171428571428571,0.0,171.3297142857143,43.844857142857144,2.6754285714285713
2023-09-14,11.456857142857142,18.11257142857143,6.449714285714286,75.59171428571429,6.759142857142857,0.9622857142857143,0.0,0.9622857142857143,0.0,164.3977142857143,52.07257142857143,2.4465714285714286
2023-09-15,13.582571428571429,18.65714285714286,9.697428571428572,81.4282857142857,9.916857142857141,2.5882857142857145,0.0,2.5882857142857145,0.0,130.88885714285712,70.37542857142857,2.1382857142857143
2023-09-16,13.316571428571429,17.981714285714286,9.849142857142857,81.19685714285714,9.694857142857142,2.394285714285714,0.0,2.394285714285714,0.0,125.31285714285714,75.21628571428572,2.4017142857142857
2023-09-17,11.783428571428573,17.24342857142857,7.610857142857142,78.11114285714285,7.5605714285714285,0.6765714285714287,0.0,0.6765714285714287,0.0,145.48742857142858,61.658857142857144,1.9694285714285715
2023-09-18,11.152,17.864285714285714,5.852857142857142,74.24914285714286,6.110857142857142,0.4774285714285715,0.0,0.4774285714285715,0.0,174.3162857142857,34.61514285714286,2.35
2023-09-19,12.047142857142857,19.387142857142855,6.331714285714286,72.29771428571429,6.507428571428571,0.24942857142857144,0.0,0.24942857142857144,0.0,182.53342857142857,22.853714285714286,2.6297142857142854
2023-09-20,13.817714285714287,21.832,7.649428571428572,73.656,8.504857142857142,0.053714285714285714,0.0,0.053714285714285714,0.0,176.34057142857142,21.867714285714285,2.329142857142857
2023-09-21,15.633142857142856,22.40685714285714,10.621142857142857,78.33571428571429,11.296000000000001,0.18171428571428572,0.0,0.18171428571428572,0.0,149.82142857142858,39.55828571428572,2.2394285714285713
2023-09-22,15.368,20.637142857142855,11.116285714285715,80.31371428571428,11.508571428571429,1.8685714285714283,0.0,1.8685714285714283,0.0,129.09971428571427,59.267714285714284,2.016857142857143
2023-09-23,14.692571428571428,21.16142857142857,9.860285714285714,78.75942857142857,10.491428571428571,0.6751428571428572,0.0,0.6751428571428572,0.0,154.52942857142855,45.81685714285714,2.402
2023-09-24,14.919714285714283,21.22285714285714,10.180571428571428,77.462,10.518,0.5045714285714286,0.0,0.5045714285714286,0.0,148.45,46.81542857142857,2.608
2023-09-25,14.298285714285715,19.93857142857143,9.889714285714286,78.54057142857143,10.134,0.37885714285714284,0.0,0.37885714285714284,0.0,151.72542857142858,40.629999999999995,2.5634285714285716
2023-09-26,14.059714285714287,20.993714285714287,8.862,76.92285714285715,9.543714285714287,0.07057142857142858,0.0,0.07057142857142858,0.0,160.7125714285714,24.635714285714286,2.3817142857142857
2023-09-27,13.760857142857143,20.384,8.255714285714285,75.22514285714286,8.808285714285715,0.02857142857142857,0.0,0.02857142857142857,0.0,159.75571428571428,25.534285714285716,2.612
2023-09-28,13.670857142857143,19.448857142857143,9.126857142857142,75.87942857142858,9.062285714285714,0.6151428571428572,0.0,0.6151428571428572,0.0,131.8057142857143,38.708,2.824857142857143
2023-09-29,14.721714285714285,20.286571428571428,10.740571428571428,80.39857142857143,10.981714285714286,2.669142857142857,0.0,2.669142857142857,0.0,117.16171428571428,60.28628571428571,2.7688571428571427
2023-09-30,14.558285714285715,20.52457142857143,10.044,82.03314285714285,11.035428571428572,2.1157142857142857,0.0,2.1157142857142857,0.0,130.58942857142858,51.01428571428571,1.9805714285714284
2023-10-01,14.792000000000002,20.889142857142858,10.241999999999999,81.80685714285714,11.361142857142857,2.188,0.0,2.188,0.0,91.82285714285715,59.208000000000006,1.999142857142857
2023-10-02,16.23257142857143,21.585428571428572,12.638857142857143,84.49057142857143,13.214,6.083142857142857,0.020857142857142855,6.062285714285714,0.07971428571428571,100.08285714285715,75.58428571428573,2.5262857142857142
2023-10-03,16.27285714285714,23.183714285714288,12.078285714285714,82.98342857142858,12.861714285714287,2.189714285714286,0.0,2.189714285714286,0.20714285714285716,106.66542857142856,63.78342857142857,2.4922857142857144
2023-10-04,17.668,22.75257142857143,13.272857142857143,81.62342857142858,14.100857142857143,3.3922857142857143,0.0,3.3922857142857143,0.15228571428571427,103.33685714285714,69.38028571428572,3.5222857142857142
2023-10-05,13.164,16.559142857142856,10.459714285714284,83.65314285714287,10.230571428571428,3.166,0.0,3.166,0.0,83.4782857142857,82.96428571428571,3.0628571428571427
2023-10-06,9.542285714285715,12.733428571428572,6.898571428571429,84.22057142857142,6.6814285714285715,6.437142857142858,0.33885714285714286,6.098285714285715,1.2477142857142858,88.12657142857142,86.17514285714286,3.5114285714285716
2023-10-07,6.3745714285714286,10.128857142857143,3.4994285714285716,83.054,3.482285714285714,2.5891428571428574,0.11714285714285716,2.4720000000000004,2.524857142857143,84.19,76.22142857142858,2.8242857142857143
2023-10-08,4.643428571428572,7.929142857142857,2.0182857142857142,83.44685714285714,1.8574285714285717,3.069428571428572,0.14542857142857143,2.9240000000000004,3.2357142857142858,81.96514285714287,80.01314285714285,3.9645714285714284
2023-10-09,4.212285714285715,7.045714285714285,2.0874285714285716,85.07771428571428,1.713142857142857,5.361999999999999,0.6574285714285715,4.704571428571428,5.5448571428571425,74.51457142857143,82.93314285714285,4.868285714285714
2023-10-10,5.539142857142857,8.511142857142858,3.6980000000000004,89.23685714285715,3.798,2.3522857142857143,0.0008571428571428571,2.3514285714285714,3.7388571428571424,75.38114285714286,89.42,2.946
2023-10-11,6.732285714285714,9.776000000000002,4.864571428571428,90.38285714285715,5.109428571428571,1.7282857142857144,0.0,1.7282857142857144,3.200285714285714,79.43457142857143,84.91828571428572,2.213714285714286
2023-10-12,6.898000000000001,10.402,4.461142857142857,87.79714285714286,4.763714285714285,0.7959999999999999,0.0,0.7959999999999999,2.6377142857142855,76.218,82.2342857142857,2.1677142857142857
2023-10-13,7.372857142857143,11.02657142857143,4.8834285714285715,85.58971428571428,4.848857142857143,0.33085714285714285,0.0,0.33085714285714285,1.3354285714285714,77.97314285714286,78.98371428571429,2.2277142857142858
2023-10-14,6.585714285714285,10.251428571428571,3.952857142857143,85.81685714285715,4.201714285714286,0.5171428571428572,0.0,0.5171428571428572,0.26685714285714285,94.97628571428572,65.66514285714287,2.670285714285714
2023-10-15,6.373714285714286,10.030000000000001,4.140285714285715,84.22114285714285,3.718,0.5677142857142857,0.0,0.5677142857142857,0.0,70.56,78.34485714285715,3.294
2023-10-16,6.291714285714286,11.423428571428571,3.136285714285714,82.48257142857142,3.2762857142857142,0.32371428571428573,0.002857142857142857,0.3208571428571429,0.11571428571428571,101.60685714285714,53.86714285714285,2.5860000000000003
2023-10-17,6.407714285714286,13.101428571428572,2.0971428571428574,83.00771428571429,3.4891428571428573,0.3737142857142857,0.0005714285714285715,0.37314285714285716,0.15057142857142858,120.36342857142859,34.42,1.9225714285714284
2023-10-18,7.603999999999999,12.256571428571428,4.472571428571428,87.02342857142858,5.440857142857143,0.7088571428571429,0.0,0.7088571428571429,0.0,66.908,75.52857142857142,2.4345714285714286
2023-10-19,6.922000000000001,10.093428571428571,4.384,88.16485714285714,4.925714285714286,1.5197142857142856,0.012285714285714285,1.5074285714285713,0.56,65.10857142857144,83.78342857142857,2.5731428571428574
2023-10-20,5.667142857142857,9.466571428571427,2.768,86.08857142857143,3.3345714285714285,2.6742857142857144,0.014857142857142857,2.6594285714285717,0.8974285714285715,68.30742857142857,80.14257142857143,2.3865714285714286
2023-10-21,4.384571428571429,8.17,1.851142857142857,86.49457142857143,2.1759999999999997,1.6837142857142857,0.1397142857142857,1.544,2.998285714285714,67.46371428571429,84.04542857142857,2.5074285714285716
2023-10-22,3.7797142857142854,7.784571428571428,1.0674285714285714,85.77257142857142,1.4474285714285713,0.8211428571428572,0.02942857142857143,0.7917142857142857,3.6382857142857143,81.19,74.63000000000001,2.8440000000000003
2023-10-23,4.646000000000001,9.305428571428571,1.0637142857142858,87.31828571428571,2.4574285714285717,3.2585714285714285,0.11771428571428572,3.1408571428571426,4.815142857142857,68.59885714285714,73.65314285714287,2.286285714285714
2023-10-24,4.610857142857142,8.830285714285715,1.1242857142857143,83.39914285714285,1.6817142857142857,2.9334285714285713,0.021142857142857144,2.912285714285714,6.166571428571428,61.2,85.17,2.7274285714285713
2023-10-25,3.6345714285714283,7.4077142857142855,0.8994285714285715,79.67428571428572,0.13885714285714293,1.8942857142857141,0.11771428571428572,1.7765714285714285,8.094000000000001,54.65342857142857,91.294,2.545142857142857
2023-10-26,2.784,5.416571428571429,0.8254285714285714,84.204,0.19914285714285723,2.9157142857142855,1.03,1.8857142857142855,11.371428571428572,46.111428571428576,92.89571428571428,2.313142857142857
2023-10-27,2.6394285714285712,4.896,0.8591428571428571,86.01371428571429,0.4057142857142858,4.988285714285714,4.617428571428571,0.370857142857143,12.665142857142856,36.376285714285714,96.95657142857142,2.708
2023-10-28,0.5202857142857144,4.038,-2.479142857142857,81.52085714285714,-2.632285714285714,0.8331428571428572,0.5905714285714286,0.24257142857142855,13.21942857142857,65.99799999999999,84.602,3.347714285714286
2023-10-29,-1.550857142857143,0.9079999999999999,-3.808,81.89142857142856,-4.638857142857143,0.7077142857142857,0.6265714285714286,0.08114285714285718,14.107999999999999,57.90714285714286,88.06,2.4802857142857144
2023-10-30,-2.440571428571429,0.2822857142857143,-4.558571428571429,81.68914285714285,-5.493714285714286,1.0342857142857145,0.9288571428571428,0.10542857142857165,15.039142857142854,57.91914285714286,89.58828571428572,2.4514285714285715
2023-10-31,-3.3745714285714286,-1.0362857142857145,-5.758285714285714,78.10971428571429,-6.998857142857143,0.5357142857142857,0.46485714285714286,0.07085714285714284,15.555142857142856,55.652,84.23828571428572,2.861142857142857
2023-11-01,-3.884857142857143,-0.6082857142857142,-6.637142857142858,77.16285714285713,-7.6094285714285705,0.4208571428571429,0.3851428571428572,0.0357142857142857,16.24085714285714,61.11685714285715,86.07457142857143,3.444857142857143
2023-11-02,-2.5222857142857142,0.8402857142857143,-5.402,77.87685714285715,-6.1254285714285714,0.4225714285714286,0.6411428571428571,0.0,15.664285714285715,50.388,88.66742857142857,3.585714285714286
2023-11-03,-1.6119999999999999,1.0925714285714285,-5.091428571428571,83.63571428571429,-4.388571428571429,1.238,1.3957142857142857,0.0,15.426571428571426,55.13457142857143,86.20485714285715,3.6682857142857137
2023-11-04,-4.280285714285714,0.15171428571428575,-7.634,81.50800000000001,-7.361714285714285,0.2968571428571429,0.09485714285714286,0.202,15.05142857142857,63.06742857142857,65.43771428571429,3.0891428571428574
2023-11-05,-4.723428571428571,-0.6237142857142857,-8.210285714285714,82.89285714285714,-7.626285714285714,0.39628571428571424,0.46,0.0,14.773714285714284,69.28342857142857,65.96314285714286,2.318
2023-11-06,-3.0068571428571427,0.2385714285714286,-5.519428571428572,87.61085714285714,-5.099142857142857,4.860571428571428,4.9,0.0,15.066285714285712,44.97114285714286,83.23285714285714,3.25
2023-11-07,-3.725428571428571,1.0711428571428572,-7.522571428571429,86.84314285714285,-5.926571428571429,0.9991428571428571,0.4534285714285714,0.5457142857142857,14.668571428571427,66.97771428571428,63.60571428571428,3.310857142857143
2023-11-08,-3.9334285714285713,-0.3937142857142857,-7.214857142857143,87.59314285714287,-6.0448571428571425,2.1594285714285713,3.209714285714286,0.0,15.602571428571427,41.588,81.88600000000001,3.2125714285714286
2023-11-09,-1.4282857142857144,0.8514285714285713,-3.524,91.952,-2.8608571428571428,4.244571428571429,5.364857142857143,0.0,16.736285714285714,36.412,96.47885714285715,3.1528571428571426
2023-11-10,-2.933142857142857,0.2025714285714286,-6.132571428571429,91.00514285714286,-4.593999999999999,0.47828571428571426,0.43114285714285716,0.0471428571428571,16.747999999999998,42.60857142857143,88.18285714285715,2.8817142857142857
2023-11-11,-4.430857142857143,0.15000000000000002,-7.6577142857142855,90.15285714285714,-6.2371428571428575,0.20800000000000002,0.13428571428571429,0.07371428571428573,16.744,43.812000000000005,75.03085714285714,2.370285714285714
2023-11-12,-2.6982857142857144,1.6805714285714286,-6.1897142857142855,91.11742857142858,-4.344571428571428,0.7817142857142857,0.9865714285714287,0.0,16.896857142857144,44.93628571428572,77.768,2.648285714285714
2023-11-13,0.13800000000000004,2.3851428571428572,-1.68,93.66342857142857,-0.9005714285714286,1.7705714285714285,1.8162857142857143,0.0,16.585428571428572,30.966571428571427,91.17971428571428,3.3368571428571427
2023-11-14,-0.5605714285714286,2.7888571428571427,-4.017714285714286,92.96542857142857,-1.7674285714285713,0.47914285714285715,0.13657142857142857,0.3425714285714286,16.491142857142854,47.14257142857143,89.10342857142857,3.109142857142857
2023-11-15,1.397142857142857,4.2628571428571425,-1.0137142857142856,90.72542857142857,-0.08971428571428572,0.25257142857142856,0.15314285714285716,0.0994285714285714,16.235714285714284,60.007714285714286,74.64,4.0848571428571425
2023-11-16,0.6977142857142856,4.050857142857143,-2.2305714285714284,91.12457142857143,-0.7465714285714286,0.9491428571428571,0.8842857142857142,0.06485714285714284,16.009999999999998,40.297714285714285,77.5157142857143,3.0997142857142856
2023-11-17,-1.7045714285714284,2.838857142857143,-5.836857142857142,79.91171428571428,-5.004,1.7591428571428571,0.8542857142857142,0.9048571428571429,15.305142857142856,39.484,91.98571428571428,4.250571428571429
2023-11-18,-3.0197142857142856,0.02971428571428574,-5.74,84.98571428571428,-5.581714285714285,0.8271428571428571,0.8194285714285714,0.0077142857142856736,15.203999999999999,40.23742857142857,83.22057142857142,3.004
2023-11-19,-4.9317142857142855,-1.4422857142857142,-7.787714285714285,82.98371428571429,-7.775142857142857,0.308,0.16257142857142856,0.14542857142857143,15.403142857142857,52.33857142857143,71.62371428571429,3.0820000000000003
2023-11-20,-4.865714285714286,-0.1237142857142857,-8.568,83.14257142857143,-7.724285714285715,0.622,0.5897142857142857,0.03228571428571425,15.11542857142857,55.85857142857143,66.44057142857143,2.7102857142857144
2023-11-21,-1.8248571428571427,1.1802857142857144,-5.195714285714286,84.04485714285715,-4.384571428571429,1.9305714285714288,1.7317142857142858,0.19885714285714307,15.654857142857141,30.109999999999996,96.58057142857143,3.8962857142857144
2023-11-22,-4.847714285714285,-2.1759999999999997,-7.4705714285714295,83.00885714285714,-7.531428571428572,0.8174285714285714,0.7342857142857143,0.08314285714285707,16.366285714285713,39.99771428571429,82.45942857142857,3.294285714285714
2023-11-23,-8.625714285714285,-5.128285714285714,-11.460857142857142,77.61399999999999,-11.927428571428571,0.462,0.6222857142857143,0.0,16.576571428571427,46.55314285714285,66.194,4.364571428571428
2023-11-24,-9.302,-5.031142857142857,-12.285714285714286,75.7342857142857,-13.068571428571428,0.19371428571428573,0.3017142857142857,0.0,16.845999999999997,55.952571428571424,59.225428571428566,4.4391428571428575
2023-11-25,-5.321428571428571,-1.920857142857143,-8.073714285714285,80.03,-8.598571428571429,0.2434285714285714,0.42228571428571426,0.0,16.66142857142857,46.539428571428566,64.18714285714286,4.222571428571428
2023-11-26,-4.905428571428572,-2.4257142857142857,-7.418571428571428,88.24571428571429,-6.895428571428572,2.1117142857142857,2.9657142857142857,0.0,16.691142857142854,26.821142857142856,94.74942857142857,2.8754285714285714
2023-11-27,-8.069714285714285,-5.179142857142858,-10.576285714285715,86.23714285714286,-10.184285714285714,2.1485714285714286,2.8525714285714288,0.0,17.264285714285716,33.87771428571428,93.13428571428571,4.533714285714286
2023-11-28,-11.950285714285714,-8.47942857142857,-15.159142857142859,83.34285714285714,-14.435142857142857,0.8168571428571428,1.3974285714285712,0.0,17.284571428571425,44.56914285714286,71.65514285714285,4.142571428571429
2023-11-29,-8.42942857142857,-4.925428571428571,-11.536,89.37400000000001,-10.180857142857143,1.1082857142857143,1.6388571428571428,0.0,17.284857142857142,29.931142857142856,87.00742857142858,3.2354285714285713
2023-11-30,-7.270285714285714,-4.478571428571429,-10.459428571428571,90.456,-8.784857142857142,0.6465714285714286,0.9968571428571429,0.0,17.285142857142855,42.94085714285715,72.33828571428572,3.819142857142857
2023-12-01,-9.148,-4.998285714285714,-12.287142857142857,90.53914285714285,-10.660285714285715,0.33742857142857147,0.168,0.16942857142857146,17.289428571428573,44.84571428571428,55.82942857142857,3.268
2023-12-02,-7.580857142857142,-2.891714285714286,-10.914857142857143,93.18971428571429,-8.76,0.5154285714285715,0.4402857142857143,0.07514285714285718,17.29,43.607142857142854,74.67142857142858,2.5785714285714287
2023-12-03,-5.964,-2.3240000000000003,-8.496571428571428,93.73457142857143,-7.106571428571428,0.5874285714285714,1.0994285714285714,0.0,17.285142857142855,34.80457142857143,81.27314285714286,2.771714285714286
2023-12-04,-6.100285714285714,-3.3262857142857145,-8.325714285714286,93.28828571428572,-7.297428571428571,0.8705714285714286,1.3788571428571428,0.0,17.282,33.466,84.13571428571429,2.545142857142857
2023-12-05,-7.5454285714285705,-4.249714285714286,-9.935714285714285,90.98,-9.136857142857144,0.30428571428571427,0.28857142857142853,0.015714285714285736,17.28342857142857,30.15057142857143,81.5502857142857,1.8834285714285715
2023-12-06,-7.4559999999999995,-3.773714285714286,-10.467714285714285,92.52114285714285,-8.832,0.6922857142857143,1.0522857142857143,0.0,17.282285714285713,33.23885714285715,82.29285714285714,2.5577142857142854
2023-12-07,-4.311428571428571,-0.7034285714285714,-7.037714285714285,94.91914285714286,-5.232,0.8348571428571429,0.948,0.0,17.282285714285713,24.76942857142857,90.29028571428572,2.3
2023-12-08,-2.1857142857142855,0.36199999999999993,-4.365142857142857,96.90228571428571,-2.799142857142857,1.4002857142857141,2.08,0.0,17.280571428571427,19.419714285714285,95.80857142857144,2.9065714285714286
2023-12-09,-0.6880000000000001,1.6085714285714285,-2.9714285714285715,96.27742857142857,-1.412857142857143,3.2437142857142858,3.006,0.237714285714286,17.327142857142857,17.64542857142857,98.05542857142858,3.3008571428571427
2023-12-10,-5.030857142857143,-1.4811428571428573,-8.285142857142858,92.13457142857143,-6.418857142857143,2.420285714285714,1.9082857142857144,0.5119999999999996,17.188,24.639714285714284,90.47057142857142,3.818571428571429
2023-12-11,-8.919714285714285,-5.581714285714286,-12.194571428571429,89.44057142857143,-10.751142857142858,0.7362857142857143,0.8751428571428571,0.0,17.46742857142857,27.978571428571428,85.32914285714286,3.335714285714286
2023-12-12,-7.591142857142857,-4.451428571428572,-10.67542857142857,88.24342857142857,-9.637428571428572,1.0819999999999999,1.7814285714285714,0.0,17.364,29.54485714285714,90.79171428571429,4.895142857142858
2023-12-13,-11.168,-7.5,-14.375142857142857,86.92314285714285,-13.301142857142858,0.38257142857142856,0.5374285714285714,0.0,17.403714285714287,42.42485714285714,73.71828571428571,4.1897142857142855
2023-12-14,-4.427142857142857,1.1522857142857141,-10.532,91.68,-5.953714285714286,0.10085714285714287,0.05114285714285714,0.049714285714285725,17.332857142857144,39.96371428571429,78.78942857142857,4.135428571428572
2023-12-15,-2.439142857142857,0.896,-6.606571428571428,94.48571428571428,-3.438285714285714,0.18371428571428572,0.11514285714285714,0.06857142857142857,17.236,38.687999999999995,51.667428571428566,4.425714285714286
2023-12-16,-6.305428571428571,-1.2617142857142856,-10.626285714285714,93.026,-7.511142857142857,0.3194285714285714,0.364,0.0,17.066,33.79971428571429,78.38342857142857,3.4125714285714284
2023-12-17,-1.6045714285714285,0.5285714285714286,-4.102285714285713,95.6502857142857,-2.4074285714285715,1.9117142857142857,1.1134285714285714,0.7982857142857143,16.656,18.08857142857143,98.20257142857143,3.6394285714285712
2023-12-18,-7.743714285714287,-3.1757142857142857,-12.468,90.808,-9.203999999999999,2.132285714285714,1.3825714285714286,0.7497142857142856,16.663142857142855,29.013142857142856,84.62628571428571,4.155142857142858
2023-12-19,-10.581714285714286,-5.676285714285714,-15.69857142857143,86.57142857142857,-12.792,0.7188571428571429,1.0688571428571427,0.0,17.53542857142857,33.26257142857143,70.43085714285714,4.122
2023-12-20,-10.48,-6.3428571428571425,-14.368,87.14342857142857,-12.541428571428572,0.12371428571428572,0.19200000000000003,0.0,17.55314285714286,35.22714285714286,75.35514285714285,3.3865714285714286
2023-12-21,-10.968285714285713,-5.048,-15.777428571428572,89.41714285714285,-12.721428571428572,0.3931428571428571,0.6514285714285715,0.0,17.55742857142857,36.39142857142857,67.06257142857143,3.3985714285714286
2023-12-22,-5.0528571428571425,-1.7105714285714284,-7.783142857142858,93.05114285714285,-6.244857142857143,0.7959999999999999,1.4757142857142858,0.0,17.71685714285714,24.058,89.09,2.633714285714286
2023-12-23,-2.1351428571428572,0.6442857142857144,-4.124,96.39542857142858,-2.7157142857142857,0.6842857142857143,0.45742857142857135,0.22685714285714292,17.701142857142855,17.320857142857143,96.64085714285714,2.5422857142857143
2023-12-24,0.19142857142857142,1.7345714285714287,-1.2894285714285716,98.12028571428571,-0.048857142857142884,2.2231428571428573,1.4457142857142857,0.7774285714285716,17.493142857142857,18.42142857142857,97.11714285714285,2.617714285714286
2023-12-25,-2.666285714285714,1.3362857142857143,-6.297142857142857,95.94685714285714,-3.386857142857143,2.7060000000000004,1.3431428571428572,1.3628571428571432,17.457428571428572,31.240000000000002,77.95571428571428,3.2314285714285713
2023-12-26,-6.712,-3.5457142857142854,-8.848857142857142,93.65942857142856,-7.744571428571429,1.2837142857142858,1.2785714285714285,0.005142857142857338,17.445428571428568,33.446571428571424,63.66028571428572,2.5865714285714287
2023-12-27,-5.590571428571428,-1.8625714285714285,-8.224857142857143,95.23457142857143,-6.432571428571429,1.2014285714285713,0.392,0.8094285714285713,17.294571428571427,31.246285714285712,74.95485714285715,2.242857142857143
2023-12-28,-4.644857142857143,-1.668,-7.1974285714285715,96.96228571428571,-5.273714285714285,0.8185714285714285,0.18828571428571428,0.6302857142857142,17.05142857142857,37.590857142857146,54.39028571428571,2.5814285714285714
2023-12-29,-6.981428571428571,-3.798571428571428,-9.331428571428573,94.62057142857144,-8.000571428571428,0.516,0.23914285714285718,0.2768571428571428,16.884571428571427,29.98142857142857,66.93028571428572,2.3440000000000003
2023-12-30,-8.442571428571428,-6.263714285714286,-10.229714285714286,90.55285714285714,-10.12342857142857,0.3208571428571429,0.43714285714285717,0.0,17.26457142857143,27.681714285714285,76.87285714285714,2.466857142857143
2023-12-31,-11.418,-8.456,-14.039714285714286,87.83028571428571,-13.334857142857144,0.268,0.34685714285714286,0.0,17.28542857142857,32.07057142857143,79.56942857142856,2.5654285714285714
2024-01-01,-9.287714285714285,-4.598857142857143,-13.502857142857142,89.07285714285715,-11.132285714285715,0.276,0.45342857142857146,0.0,17.363714285714288,37.91085714285715,73.05057142857143,3.4482857142857144
2024-01-02,-7.138285714285715,-3.7937142857142856,-10.250285714285715,92.85171428571428,-8.51,0.8465714285714285,1.4325714285714286,0.0,17.29657142857143,26.451714285714285,85.66714285714285,3.5385714285714283
2024-01-03,-11.360000000000001,-8.226857142857142,-14.367428571428572,90.552,-12.805142857142858,0.5577142857142857,0.8931428571428572,0.0,17.41142857142857,32.402,84.82628571428572,3.310285714285714
2024-01-04,-14.555714285714286,-11.307428571428572,-17.230285714285714,87.8157142857143,-16.352857142857143,0.3117142857142857,0.5548571428571428,0.0,17.436857142857143,39.809999999999995,70.32542857142857,3.107714285714286
2024-01-05,-12.886857142857144,-9.082571428571429,-17.134,90.43514285714286,-14.443428571428571,0.8214285714285714,1.0094285714285713,0.0,17.596285714285713,35.003142857142855,71.226,3.2125714285714286
2024-01-06,-15.142000000000001,-11.746571428571428,-18.02285714285714,90.63028571428572,-16.56114285714286,2.0585714285714283,2.4085714285714284,0.0,17.609142857142857,29.762285714285717,85.72542857142857,2.8502857142857145
2024-01-07,-13.495142857142858,-10.344857142857142,-15.840285714285713,94.23685714285715,-14.498857142857142,1.4588571428571429,1.9028571428571428,0.0,17.93542857142857,41.014,76.8002857142857,2.2888571428571427
2024-01-08,-16.856857142857145,-12.574857142857143,-20.348857142857145,92.106,-18.005428571428574,0.17142857142857143,0.19799999999999998,0.0,17.864,47.315714285714286,55.29714285714286,2.529142857142857
2024-01-09,-13.882,-9.72342857142857,-18.515428571428572,95.03857142857143,-14.728857142857143,1.9654285714285713,3.2665714285714285,0.0,18.01628571428571,28.542,87.42685714285714,3.036857142857143
2024-01-10,-14.005142857142857,-11.156285714285714,-16.66314285714286,95.51914285714285,-14.796285714285714,2.2437142857142858,2.7345714285714284,0.0,18.33342857142857,32.871428571428574,90.84314285714287,3.8874285714285715
2024-01-11,-16.119428571428575,-13.746571428571428,-18.461714285714283,92.61,-17.207714285714285,0.5751428571428571,0.8891428571428571,0.0,18.34485714285714,37.74371428571428,86.55714285714286,2.898
2024-01-12,-17.851714285714284,-14.882571428571428,-20.696571428571428,93.32371428571429,-18.81742857142857,0.2905714285714286,0.5640000000000001,0.0,18.383142857142857,42.603142857142856,77.1257142857143,3.161142857142857
2024-01-13,-19.24685714285714,-15.847142857142856,-22.439714285714285,95.20314285714286,-19.932,2.830857142857143,4.524,0.0,18.373714285714282,33.04571428571428,82.09885714285714,4.87
2024-01-14,-18.91485714285714,-16.34,-20.657999999999998,94.99428571428572,-19.630285714285712,1.2957142857142858,2.1714285714285713,0.0,18.43542857142857,38.273714285714284,84.06171428571429,5.311714285714285
2024-01-15,-18.356571428571428,-16.442285714285713,-19.978571428571428,95.426,-19.06885714285714,1.0197142857142856,1.6465714285714286,0.0,18.693142857142856,42.23571428571429,74.96285714285713,5.347714285714285
2024-01-16,-18.192,-16.45171428571429,-19.93457142857143,94.88600000000001,-18.97142857142857,0.8662857142857143,1.387142857142857,0.0,18.916571428571427,46.142,68.13028571428572,3.7288571428571426
2024-01-17,-19.332571428571427,-17.089714285714287,-21.567714285714285,95.366,-20.02914285714286,0.7382857142857143,0.9165714285714285,0.0,19.062285714285714,54.122571428571426,65.94485714285715,3.1825714285714284
2024-01-18,-20.85742857142857,-17.04171428571429,-24.566,94.98085714285715,-21.500857142857143,0.2805714285714286,0.5142857142857142,0.0,19.214285714285715,60.21457142857143,45.36514285714286,2.8297142857142856
2024-01-19,-21.019142857142857,-16.388857142857145,-25.265428571428572,95.35285714285715,-21.56114285714286,0.31457142857142856,0.6328571428571428,0.0,19.177714285714288,61.10885714285714,60.62514285714286,3.16
2024-01-20,-19.48057142857143,-15.593714285714285,-22.57714285714286,96.03857142857143,-20.06714285714286,0.26571428571428574,0.45942857142857135,0.0,19.15885714285714,59.19257142857143,57.184000000000005,3.5905714285714287
2024-01-21,-15.182857142857141,-9.232857142857142,-20.332285714285714,96.00657142857143,-15.921999999999999,0.6025714285714285,1.0694285714285714,0.0,19.137999999999998,44.59285714285714,73.40742857142858,3.743142857142857
2024-01-22,-11.42142857142857,-8.334285714285715,-16.648285714285716,96.26857142857143,-12.258857142857144,1.4248571428571428,2.173142857142857,0.0,19.268285714285714,40.00371428571429,84.20914285714287,4.080571428571428
2024-01-23,-18.056857142857144,-10.659999999999998,-23.22285714285714,94.806,-18.85142857142857,0.27742857142857147,0.7674285714285715,0.0,19.28457142857143,49.87942857142857,65.54342857142858,2.98
2024-01-24,-8.440285714285714,-2.6994285714285717,-14.264000000000001,98.24228571428571,-8.908285714285714,1.4120000000000001,1.8782857142857141,0.0,19.42342857142857,31.741142857142858,90.18514285714286,3.104857142857143
2024-01-25,-7.797428571428572,-3.1525714285714286,-11.528857142857143,97.96714285714286,-8.279142857142856,0.6177142857142858,0.8517142857142856,0.0,19.501142857142856,34.224,89.11257142857143,1.9931428571428573
2024-01-26,-5.877142857142857,-1.7048571428571428,-9.013428571428571,98.00885714285714,-6.403714285714286,1.1308571428571428,1.1605714285714286,0.0,19.34257142857143,36.074285714285715,94.09714285714286,2.336
2024-01-27,-4.280571428571428,-1.5537142857142858,-7.4239999999999995,97.88057142857143,-4.840857142857143,0.5331428571428571,0.5814285714285715,0.0,19.189714285714285,44.28,90.83685714285714,2.1745714285714284
2024-01-28,-6.172000000000001,-3.1391428571428572,-8.757714285714286,97.93571428571428,-6.779714285714285,0.7608571428571428,1.2268571428571429,0.0,19.157714285714285,43.802,86.69828571428572,2.4891428571428573
2024-01-29,-6.509714285714286,-2.9777142857142858,-9.503428571428572,96.72542857142857,-7.300571428571429,0.8320000000000001,1.1802857142857144,0.0,19.28457142857143,44.32057142857143,86.30542857142858,2.476
2024-01-30,-5.433714285714286,-1.4094285714285715,-9.207142857142857,97.60228571428571,-6.087714285714285,0.7994285714285715,1.2134285714285713,0.0,19.360285714285716,37.75742857142857,93.17114285714285,3.0754285714285716
2024-01-31,-3.6271428571428572,-0.20542857142857143,-6.491714285714286,97.53828571428572,-4.1974285714285715,1.304,1.8731428571428572,0.0,19.360285714285716,40.92314285714286,91.01514285714286,3.2445714285714287
2024-02-01,-9.255714285714285,-3.898,-14.295428571428573,96.43714285714286,-9.95257142857143,0.5105714285714286,0.744,0.0,19.365142857142857,61.76885714285714,77.13828571428571,3.2817142857142856
2024-02-02,-9.875428571428571,-2.9254285714285713,-14.893142857142857,93.23257142857142,-11.101142857142857,0.05142857142857143,0.048857142857142856,0.0025714285714285717,19.201142857142855,74.61914285714286,52.244285714285716,3.1237142857142857
2024-02-03,-5.816285714285714,-0.6114285714285714,-9.405142857142858,95.512,-6.776,0.30028571428571427,0.12885714285714286,0.1714285714285714,19.05485714285714,80.35742857142857,39.99485714285714,2.182
2024-02-04,-3.4362857142857144,0.43457142857142855,-6.403714285714286,96.24428571428572,-4.180571428571429,0.498,0.3534285714285715,0.14457142857142852,19.089714285714287,66.41685714285715,67.20371428571428,1.8105714285714285
2024-02-05,-3.186,0.025999999999999978,-5.884285714285714,96.55142857142857,-3.9025714285714286,0.27371428571428574,0.36228571428571427,0.0,18.902857142857144,54.226,80.25742857142856,1.9280000000000002
2024-02-06,-3.1391428571428572,0.5305714285714286,-6.962571428571429,95.316,-4.054571428571428,0.5357142857142857,0.8297142857142857,0.0,18.808571428571426,55.37428571428571,80.65771428571429,2.4897142857142858
2024-02-07,-5.6734285714285715,-1.8688571428571428,-8.610000000000001,94.544,-6.698571428571428,0.31771428571428567,0.5294285714285715,0.0,18.79342857142857,49.98771428571428,89.14942857142857,2.3771428571428572
2024-02-08,-4.587428571428571,-0.9994285714285713,-7.037428571428571,95.58628571428571,-5.448571428571428,2.674285714285714,3.6559999999999997,0.0,19.037428571428574,48.62828571428572,92.38457142857143,3.228
2024-02-09,-2.487142857142857,0.2668571428571429,-5.338571428571428,96.33628571428571,-3.202,3.2928571428571427,3.0022857142857142,0.2905714285714285,19.835714285714285,48.71714285714285,92.49600000000001,4.098857142857143
2024-02-10,-7.600857142857142,-3.6314285714285712,-11.000571428571428,91.36342857142857,-9.072571428571429,0.9391428571428571,1.217142857142857,0.0,19.453142857142858,54.111714285714285,91.94828571428572,4.009714285714286
2024-02-11,-10.350571428571428,-6.747428571428571,-13.278,88.92,-12.179142857142857,0.3445714285714286,0.48000000000000004,0.0,19.550571428571427,61.117714285714285,92.63314285714286,2.5868571428571427
2024-02-12,-10.39342857142857,-7.190571428571428,-13.352,90.49257142857144,-12.031142857142859,0.3802857142857143,0.6465714285714286,0.0,19.39542857142857,81.104,78.54857142857142,1.8954285714285715
2024-02-13,-12.038857142857143,-7.586285714285713,-15.839142857142857,88.53,-13.858857142857143,0.3668571428571428,0.4502857142857143,0.0,19.337428571428575,86.20028571428573,71.096,2.568571428571429
2024-02-14,-11.177428571428571,-6.494,-14.721714285714285,87.04142857142857,-13.332,0.3497142857142857,0.5297142857142857,0.0,19.606,88.258,69.43371428571429,2.814857142857143
2024-02-15,-10.560285714285715,-6.526285714285714,-14.40942857142857,91.61200000000001,-12.029142857142856,1.5842857142857143,3.3445714285714288,0.0,19.53542857142857,75.98142857142857,83.61057142857142,3.3497142857142856
2024-02-16,-16.95657142857143,-12.322571428571429,-20.853714285714286,88.80914285714286,-18.59742857142857,0.5379999999999999,0.8625714285714287,0.0,19.894571428571428,99.47914285714286,64.47057142857142,3.7540000000000004
2024-02-17,-16.76,-11.235999999999999,-21.298285714285715,88.68885714285715,-18.41342857142857,0.7877142857142857,1.3714285714285714,0.0,19.91942857142857,97.16914285714286,65.85428571428572,3.1065714285714288
2024-02-18,-12.822857142857144,-9.870285714285714,-15.744857142857144,91.14114285714285,-14.275142857142857,0.9405714285714286,1.7762857142857142,0.0,20.032285714285713,89.05885714285714,79.09314285714285,4.489142857142857
2024-02-19,-17.252285714285716,-12.214285714285714,-21.876285714285714,85.9282857142857,-19.26942857142857,0.11428571428571428,0.15628571428571428,0.0,19.99342857142857,110.33428571428571,51.26257142857143,2.615428571428571
2024-02-20,-13.418857142857144,-4.506857142857143,-19.449714285714286,90.31971428571428,-14.906571428571429,0.06228571428571429,0.12457142857142858,0.0,19.907999999999998,109.03142857142856,49.720285714285716,2.6165714285714285
2024-02-21,-8.328857142857142,-4.0291428571428565,-11.974,94.30685714285715,-9.301428571428572,0.4005714285714286,0.8088571428571428,0.0,19.84942857142857,84.03114285714287,80.41342857142858,2.775142857142857
2024-02-22,-8.382285714285715,-3.3005714285714287,-12.55257142857143,93.43514285714286,-9.497714285714286,1.3074285714285714,1.8914285714285715,0.0,20.038285714285713,93.398,80.08228571428572,3.128285714285714
2024-02-23,-15.64857142857143,-8.152,-21.218857142857143,86.94114285714286,-17.530857142857144,0.292,0.46171428571428574,0.0,20.33028571428571,122.49314285714286,48.478,4.082
2024-02-24,-14.108571428571429,-4.682571428571428,-21.538,84.57285714285715,-16.47114285714286,0.36942857142857144,0.5714285714285714,0.0,20.276285714285713,114.866,57.73028571428571,3.9128571428571424
2024-02-25,-7.747714285714286,-1.6057142857142859,-12.981714285714286,90.47942857142857,-9.400571428571428,0.878,1.7642857142857142,0.0,20.368,103.76485714285714,72.64,4.502857142857143
2024-02-26,-11.120285714285714,-4.898285714285715,-16.63,89.05314285714286,-12.969714285714286,1.4557142857142857,2.2351428571428573,0.0,20.38114285714286,108.55142857142857,61.43828571428572,3.034
2024-02-27,-10.553714285714285,-4.519142857142858,-15.591714285714287,94.66685714285715,-11.421714285714286,2.431142857142857,3.4254285714285713,0.0,20.66857142857143,82.59828571428572,83.40285714285714,3.819428571428572
2024-02-28,-16.17628571428571,-11.133714285714285,-22.38942857142857,93.06885714285714,-17.082285714285714,3.7037142857142857,4.588285714285714,0.0,21.063714285714287,94.81857142857143,70.71571428571428,5.232285714285714
2024-02-29,-20.19857142857143,-15.421999999999999,-24.412857142857145,86.95742857142858,-22.097142857142856,0.326,0.3445714285714286,0.0,21.880285714285712,141.31371428571427,34.056285714285714,4.825142857142857
2024-03-01,-13.158,-2.613714285714286,-20.364285714285714,91.30742857142857,-14.66,0.44971428571428573,0.4722857142857143,0.0,21.480571428571427,120.344,61.71628571428572,3.2722857142857142
2024-03-02,-4.898857142857143,-0.8514285714285713,-8.339142857142857,94.80171428571428,-5.833714285714285,0.4162857142857143,0.4622857142857143,0.0,21.3,115.81514285714286,67.94628571428571,3.3728571428571428
2024-03-03,-7.892285714285715,-3.4308571428571426,-11.558857142857143,95.25399999999999,-8.725142857142856,1.356,2.533142857142857,0.0,20.997714285714284,88.24342857142857,83.75314285714286,3.444857142857143
2024-03-04,-4.533714285714286,2.014,-9.371714285714285,93.89257142857143,-5.656571428571429,5.1011428571428565,5.45,0.0,22.080857142857145,111.95914285714287,83.70942857142857,5.021714285714285
2024-03-05,-5.490285714285714,-0.7819999999999999,-9.752285714285714,90.36200000000001,-7.180285714285715,2.0285714285714285,1.8514285714285714,0.17714285714285705,20.97942857142857,132.154,55.547714285714285,3.8557142857142854
2024-03-06,-10.605714285714285,-5.003714285714286,-15.840857142857141,89.27028571428572,-12.404285714285713,0.3122857142857143,0.2042857142857143,0.10799999999999998,20.834,148.6702857142857,48.646,2.884571428571429
2024-03-07,-7.928000000000001,-0.449142857142857,-13.360285714285714,86.62314285714285,-10.351428571428572,1.27,1.8611428571428572,0.0,21.132285714285715,140.87457142857141,60.655142857142856,3.5860000000000003
2024-03-08,-5.167142857142857,-0.3762857142857144,-9.108285714285715,88.05371428571429,-7.401714285714286,0.7948571428571428,0.7939999999999999,0.0008571428571428896,21.447714285714284,144.628,68.59257142857142,2.9851428571428573
2024-03-09,-6.311999999999999,-1.8382857142857143,-10.508285714285714,92.68599999999999,-7.662857142857143,3.3954285714285715,2.7405714285714287,0.6548571428571428,21.07542857142857,114.24257142857144,71.05057142857143,3.6148571428571428
2024-03-10,-6.843428571428571,-1.4928571428571429,-10.926857142857143,89.72142857142858,-8.688285714285715,0.9022857142857144,0.9631428571428572,0.0,22.27285714285714,136.92514285714287,58.22828571428571,3.8805714285714283
2024-03-11,-3.521142857142857,2.208,-8.043142857142858,86.98171428571429,-5.9314285714285715,0.2551428571428571,0.15085714285714286,0.10428571428571426,21.730285714285714,164.952,51.428285714285714,3.516
2024-03-12,-1.1640000000000001,4.151428571428572,-5.336285714285714,88.86371428571428,-3.2357142857142858,0.276,0.28971428571428576,0.0,20.423714285714286,159.56828571428574,47.946571428571424,2.267142857142857
2024-03-13,-0.32942857142857135,4.746571428571428,-3.9694285714285718,89.88342857142857,-2.224285714285714,0.30057142857142854,0.3542857142857143,0.0,19.65342857142857,142.41057142857142,68.66114285714285,2.6214285714285714
2024-03-14,-2.2342857142857144,2.4705714285714286,-6.135714285714286,87.89885714285714,-4.475142857142857,0.5605714285714286,0.2877142857142857,0.2728571428571429,19.180857142857143,131.8902857142857,80.19342857142857,2.3545714285714285
2024-03-15,-2.539142857142857,2.9734285714285718,-7.102285714285713,86.47457142857144,-4.966571428571428,1.1562857142857144,1.1591428571428573,0.0,18.686,139.552,73.33857142857143,2.994285714285714
2024-03-16,-1.8797142857142854,1.8511428571428574,-5.852285714285713,89.78171428571429,-3.641142857142857,3.049142857142857,4.0045714285714284,0.0,19.64742857142857,104.96628571428572,95.46257142857144,4.4877142857142855
2024-03-17,-6.449428571428571,-3.4177142857142857,-8.897428571428572,86.48485714285714,-8.721428571428572,1.9368571428571426,2.37,0.0,20.16857142857143,131.25085714285714,88.43057142857144,5.040285714285714
2024-03-18,-9.486857142857142,-5.340285714285714,-12.922285714285714,82.642,-12.269428571428572,0.8365714285714286,1.4002857142857141,0.0,20.36942857142857,127.40885714285716,86.00942857142857,3.8208571428571427
2024-03-19,-8.182,-4.992857142857143,-11.254571428571428,85.72457142857144,-10.579428571428572,1.938,3.097714285714286,0.0,20.64085714285714,131.15142857142857,90.15142857142858,3.7131428571428575
2024-03-20,-12.741142857142856,-8.645714285714286,-16.212285714285713,82.90114285714286,-15.372571428571428,0.9005714285714286,1.4462857142857142,0.0,20.71742857142857,171.34314285714285,70.76685714285715,5.163714285714286
2024-03-21,-15.285714285714286,-10.812285714285714,-19.530857142857144,78.04514285714285,-18.545714285714286,0.3685714285714286,0.27285714285714285,0.09571428571428575,20.761714285714284,192.74599999999998,48.91285714285714,3.6405714285714286
2024-03-22,-13.087428571428571,-8.938285714285714,-17.414571428571428,79.12371428571429,-16.295714285714286,0.32171428571428573,0.7997142857142857,0.0,20.601714285714284,181.0517142857143,54.53142857142857,2.282285714285714
2024-03-23,-13.304285714285713,-8.739714285714285,-18.236571428571427,82.49485714285714,-16.05742857142857,0.7565714285714286,0.8471428571428571,0.0,20.656000000000002,203.14,44.922,2.888857142857143
2024-03-24,-10.976571428571429,-4.886857142857143,-16.534285714285716,78.31114285714285,-14.602285714285713,0.22,0.20771428571428574,0.012285714285714261,20.57685714285714,207.54171428571428,41.86057142857143,2.117714285714286
2024-03-25,-8.583428571428572,-4.081142857142857,-12.521142857142857,86.46114285714286,-10.944,1.855142857142857,2.6608571428571426,0.0,20.513428571428573,163.17514285714287,70.25628571428571,3.4074285714285715
2024-03-26,-6.980571428571428,-3.488571428571429,-9.782285714285715,91.86342857142859,-8.430857142857143,5.972,7.653142857142858,0.0,20.84285714285714,92.22714285714285,89.66542857142856,4.805428571428571
2024-03-27,-5.111142857142856,-2.222857142857143,-7.937714285714286,91.35942857142857,-6.694285714285715,5.862,5.796285714285714,0.06571428571428584,22.019142857142857,103.686,94.97714285714285,4.741142857142857
2024-03-28,-6.490285714285714,-2.8894285714285712,-9.205428571428572,86.77971428571429,-8.989714285714285,2.0405714285714285,2.3842857142857143,0.0,22.739714285714285,139.08314285714286,82.75771428571429,3.8942857142857146
2024-03-29,-6.01,-1.492,-10.32,87.60828571428571,-8.285142857142858,0.572,0.46771428571428575,0.1042857142857142,22.704,167.05485714285714,70.046,3.140285714285714
2024-03-30,-5.253142857142857,-0.9305714285714286,-9.225142857142856,88.36685714285714,-7.42,0.4305714285714286,0.5922857142857143,0.0,22.406285714285715,171.82714285714286,79.81685714285715,2.214857142857143
2024-03-31,-5.130571428571429,-0.8425714285714286,-8.895142857142856,88.65457142857143,-7.284285714285714,0.6365714285714286,0.6542857142857142,0.0,22.14914285714286,187.31657142857142,68.33171428571428,2.8954285714285715
2024-04-01,-5.393428571428572,1.1988571428571428,-11.173714285714285,84.36942857142857,-8.248,0.27028571428571424,0.262,0.00828571428571423,21.425714285714285,210.73485714285715,52.17914285714286,2.3125714285714287
2024-04-02,-2.8191428571428574,2.7837142857142854,-7.465714285714286,84.91628571428572,-5.617714285714285,0.1337142857142857,0.10085714285714285,0.03285714285714285,20.23542857142857,211.27142857142857,48.54828571428572,3.398857142857143
2024-04-03,-2.1439999999999997,1.854857142857143,-5.945714285714286,88.84314285714287,-4.138857142857143,2.929142857142857,1.8085714285714285,1.1205714285714283,19.88457142857143,151.20857142857145,75.93257142857142,4.332857142857143
2024-04-04,-1.25,3.0165714285714285,-4.617428571428571,88.71771428571428,-3.285142857142857,1.9005714285714284,1.6680000000000001,0.2325714285714282,21.104285714285712,199.61285714285714,61.502,3.484857142857143
2024-04-05,-0.4808571428571428,4.356571428571428,-4.561714285714285,86.72942857142857,-2.92,0.6142857142857143,0.32685714285714285,0.2874285714285715,20.498285714285714,217.75342857142857,47.03657142857143,2.835714285714286
2024-04-06,0.5840000000000001,7.268285714285715,-4.532857142857143,81.81342857142857,-2.9694285714285718,0.15228571428571427,0.06371428571428571,0.08857142857142856,18.643714285714285,250.57142857142858,28.33742857142857,2.8068571428571425
2024-04-07,2.596,10.149428571428572,-3.522,76.85742857142857,-2.087142857142857,0.037142857142857144,0.04057142857142857,0.0,15.718285714285713,259.90885714285713,26.518571428571427,2.4051428571428572
2024-04-08,3.9217142857142853,11.043714285714287,-2.0740000000000003,76.62114285714286,-0.6074285714285713,0.3028571428571428,0.046,0.25685714285714284,12.340857142857143,208.49342857142858,49.27485714285714,2.4814285714285713
2024-04-09,5.031714285714285,10.409714285714287,0.6331428571428571,86.528,2.587142857142857,1.3405714285714285,0.08371428571428571,1.256857142857143,9.351428571428572,184.3042857142857,67.31657142857142,2.5488571428571425
2024-04-10,5.730285714285714,10.894,1.7265714285714286,85.25285714285714,2.980857142857143,1.4628571428571429,0.4614285714285714,1.0014285714285713,6.451142857142857,164.49657142857143,82.92914285714285,2.3082857142857143
2024-04-11,5.529714285714285,10.613428571428573,1.7005714285714286,85.012,2.9491428571428573,1.7225714285714286,0.3585714285714286,1.364,5.464,151.152,81.05028571428572,2.6477142857142857
2024-04-12,3.5948571428571428,7.086857142857142,0.30228571428571427,87.602,1.4908571428571429,6.550285714285714,1.4328571428571428,5.1174285714285705,8.193714285714286,103.74600000000001,94.11,4.441142857142857
2024-04-13,1.3617142857142857,6.4954285714285716,-2.729142857142857,79.708,-2.1777142857142855,1.840857142857143,1.0097142857142858,0.8311428571428572,11.065428571428571,183.57571428571427,77.54028571428572,4.7782857142857145
2024-04-14,2.5134285714285713,8.586285714285713,-2.2391428571428573,80.93114285714286,-0.9728571428571428,1.0954285714285714,0.3102857142857143,0.7851428571428571,11.502285714285714,203.60542857142855,61.041714285714285,2.9385714285714286
2024-04-15,2.7625714285714285,8.206857142857142,-2.107142857142857,77.30171428571428,-1.6188571428571428,0.5845714285714286,0.6374285714285715,0.0,10.669428571428572,219.84228571428574,55.57085714285714,3.5468571428571427
2024-04-16,2.533714285714286,9.2,-3.117714285714286,71.44457142857142,-3.059428571428571,0.09571428571428571,0.11399999999999999,0.0,9.535142857142858,232.38085714285714,55.42657142857143,2.7825714285714285
2024-04-17,2.0428571428571427,6.297428571428571,-1.2122857142857142,77.44171428571428,-1.8574285714285717,1.9205714285714286,1.0322857142857143,0.8882857142857143,10.07057142857143,140.43942857142858,87.04199999999999,4.549714285714286
2024-04-18,3.266285714285714,7.33,0.22057142857142858,86.634,1.0454285714285716,6.319999999999999,3.7065714285714284,2.613428571428571,12.65542857142857,119.47142857142858,98.08485714285713,3.2565714285714287
2024-04-19,2.6002857142857145,5.551714285714286,0.3048571428571429,85.03771428571429,0.08200000000000005,2.674,1.318,1.3559999999999999,13.546857142857142,148.99971428571428,94.16571428571429,3.256
2024-04-20,0.034285714285714315,4.147428571428572,-3.501714285714286,74.32114285714286,-4.399714285714286,0.9405714285714286,0.8414285714285714,0.0991428571428572,13.883714285714284,190.6522857142857,87.39457142857142,4.654571428571429
2024-04-21,-2.5202857142857145,2.870285714285714,-6.684857142857143,68.634,-8.055428571428571,0.4008571428571429,0.41685714285714287,0.0,14.316285714285714,248.4042857142857,62.863428571428564,4.174285714285714
2024-04-22,0.5768571428571428,9.319428571428572,-6.218571428571429,64.896,-5.972571428571428,0.13542857142857143,0.056285714285714286,0.07914285714285714,14.007142857142858,243.14828571428572,59.02771428571428,2.427428571428571
2024-04-23,-0.7174285714285714,5.481428571428571,-5.981428571428571,71.04371428571429,-5.948857142857143,1.7288571428571429,0.8554285714285714,0.8734285714285714,12.899714285714284,214.53914285714285,65.70257142857143,4.3908571428571435
2024-04-24,-2.830857142857143,5.8268571428571425,-9.621142857142857,59.337142857142865,-10.500571428571428,0.7948571428571428,0.06914285714285714,0.7257142857142856,14.277999999999999,282.62885714285716,36.163428571428575,3.1422857142857143
2024-04-25,2.867142857142857,11.38942857142857,-3.9374285714285713,64.60228571428571,-4.079428571428571,0.048857142857142856,0.004285714285714286,0.04457142857142857,12.958857142857141,277.11885714285717,35.32685714285714,2.6351428571428572
2024-04-26,6.501714285714286,14.109142857142857,0.45342857142857135,67.53514285714286,0.011714285714285731,1.4868571428571429,0.002,1.4848571428571429,7.943428571428571,248.6457142857143,52.94342857142857,3.8939999999999997
2024-04-27,4.679142857142858,11.113714285714286,0.29457142857142854,81.59628571428571,1.6251428571428572,5.986285714285715,0.7534285714285714,5.232857142857143,5.992857142857143,103.36,94.78457142857143,3.992285714285714
2024-04-28,2.4917142857142855,8.855142857142857,-2.601142857142857,72.13199999999999,-2.6397142857142857,1.4357142857142857,0.4362857142857143,0.9994285714285714,11.300571428571429,223.0442857142857,69.932,3.597142857142857
2024-04-29,1.5854285714285714,6.617714285714285,-2.553142857142857,72.68657142857144,-3.137142857142857,3.322571428571429,2.2805714285714282,1.0420000000000007,13.04,175.31514285714286,81.036,3.6994285714285713
2024-04-30,4.170857142857143,9.57942857142857,0.2762857142857143,84.50342857142857,1.5511428571428572,3.0828571428571427,1.3914285714285712,1.6914285714285715,13.681142857142856,137.31857142857143,96.08628571428571,2.8271428571428574
2024-05-01,5.912285714285715,11.358285714285715,1.846,86.41685714285715,3.5317142857142856,2.371142857142857,0.06428571428571428,2.306857142857143,12.927714285714284,152.30114285714285,85.648,2.502
2024-05-02,7.398571428571429,13.950285714285714,2.3151428571428574,82.082,4.098857142857143,0.5885714285714286,0.036,0.5525714285714286,10.295714285714284,190.52314285714283,76.646,1.7522857142857142
2024-05-03,8.638285714285713,13.526857142857143,5.228285714285715,86.58057142857143,6.293714285714286,4.692571428571429,0.0,4.692571428571429,5.6242857142857146,127.79628571428572,90.36742857142858,2.9634285714285715
2024-05-04,9.066285714285714,14.481428571428571,4.714285714285714,81.65828571428571,5.675714285714286,1.064857142857143,0.10828571428571429,0.9565714285714286,1.3171428571428572,177.91714285714286,81.15228571428571,2.979714285714286
2024-05-05,8.132857142857143,12.615142857142857,4.363142857142857,82.50457142857142,4.976,3.624285714285714,0.03085714285714286,3.5934285714285714,1.2454285714285713,165.33514285714284,87.39771428571429,3.4154285714285715
2024-05-06,8.594000000000001,15.739142857142857,2.3151428571428574,72.298,2.9542857142857146,0.2622857142857143,0.046285714285714284,0.216,1.9442857142857142,261.92285714285714,52.48657142857143,2.716
2024-05-07,9.294857142857143,16.096285714285713,2.9294285714285713,70.24285714285715,3.358285714285714,0.6542857142857142,0.038571428571428576,0.6157142857142857,2.697714285714286,268.7785714285714,49.827714285714286,2.8077142857142854
2024-05-08,7.617999999999999,12.72742857142857,2.9957142857142856,75.07342857142858,2.9714285714285715,1.5417142857142858,0.09,1.4517142857142857,3.4068571428571426,233.80342857142855,64.38942857142858,3.4431428571428575
2024-05-09,7.410571428571429,14.849142857142859,1.1122857142857143,71.77628571428572,1.69,0.1217142857142857,0.038857142857142854,0.08285714285714285,2.440857142857143,279.1457142857143,39.215714285714284,2.358857142857143
2024-05-10,8.840285714285715,14.985999999999999,2.9702857142857146,72.37285714285714,3.4905714285714287,0.9302857142857144,0.004,0.9262857142857144,0.7971428571428572,223.2762857142857,65.60428571428572,2.4651428571428573
2024-05-11,9.248571428571429,15.458571428571426,3.5902857142857143,75.212,4.460571428571429,1.01,0.01542857142857143,0.9945714285714286,0.7137142857142857,216.69542857142858,73.10428571428572,2.2117142857142857
2024-05-12,9.556,14.871142857142857,5.195714285714286,79.78485714285713,5.784571428571429,4.243428571428572,0.1982857142857143,4.045142857142857,0.7065714285714286,184.45714285714286,77.93114285714286,3.36
2024-05-13,7.043714285714286,12.37,2.6885714285714286,76.08657142857143,2.644,2.2565714285714282,1.238,1.0185714285714282,4.505714285714285,206.62371428571427,78.50514285714286,3.9057142857142852
2024-05-14,6.385428571428571,12.848285714285714,0.29714285714285715,71.16228571428572,0.5822857142857143,0.4,0.23485714285714288,0.16514285714285715,4.155714285714286,237.31771428571432,59.42514285714286,2.584857142857143
2024-05-15,7.839714285714285,15.167428571428571,1.4948571428571429,70.71257142857144,1.9105714285714288,0.2877142857142857,0.02857142857142857,0.2591428571428571,3.1634285714285713,259.21885714285713,60.128,2.0428571428571427
2024-05-16,9.485999999999999,16.21314285714286,3.368,76.50942857142857,5.005142857142857,1.7577142857142858,0.009142857142857144,1.7485714285714287,2.200857142857143,231.8017142857143,60.29428571428572,2.3045714285714283
2024-05-17,11.018285714285714,16.298857142857145,6.831714285714285,84.61200000000001,8.258571428571429,3.604,0.0005714285714285715,3.6034285714285716,1.1605714285714288,163.82342857142856,93.86257142857143,2.55
2024-05-18,12.487714285714285,19.267714285714288,7.666571428571428,85.31857142857143,9.723142857142857,3.898571428571428,0.00028571428571428574,3.8982857142857137,0.7417142857142858,203.72628571428572,74.66714285714285,2.7728571428571427
2024-05-19,13.637714285714285,18.501714285714286,9.373714285714286,76.84914285714285,8.874857142857143,5.273714285714285,0.0,5.273714285714285,0.43857142857142856,235.03971428571427,60.514571428571436,3.7140000000000004
2024-05-20,12.107714285714286,18.396,6.2297142857142855,72.38714285714286,6.462571428571429,0.6217142857142858,0.07114285714285715,0.5505714285714286,1.0291428571428571,214.03485714285716,70.38514285714285,2.5397142857142856
2024-05-21,12.572285714285714,18.81542857142857,7.077714285714285,77.82685714285715,8.283714285714286,1.4517142857142857,0.04485714285714285,1.4068571428571428,1.4337142857142857,222.7882857142857,73.40428571428572,1.921714285714286
2024-05-22,10.779428571428571,16.474285714285713,6.790571428571428,86.19857142857143,8.411714285714286,16.174857142857142,2.2728571428571427,13.902,3.7460000000000004,135.30457142857142,89.90028571428572,4.4071428571428575
2024-05-23,7.735142857142858,12.413428571428572,4.174571428571428,80.35228571428571,4.058571428571428,5.596857142857142,1.892,3.704857142857142,7.147714285714286,207.68771428571426,78.67085714285714,4.513714285714285
2024-05-24,7.687714285714286,14.373714285714286,2.650857142857143,75.22428571428571,2.940571428571429,1.292,0.04857142857142857,1.2434285714285715,7.381142857142857,256.44485714285713,71.67114285714285,3.1185714285714288
2024-05-25,8.678571428571429,13.721714285714285,4.769714285714286,82.16514285714287,5.477142857142857,5.3754285714285714,0.021142857142857144,5.354285714285714,5.282,172.19,89.82057142857143,3.359142857142857
2024-05-26,11.429714285714287,18.58685714285714,5.8025714285714285,79.41171428571428,7.35,1.058857142857143,0.00028571428571428574,1.0585714285714287,2.1757142857142857,236.63457142857146,75.27342857142858,2.4085714285714284
2024-05-27,12.868857142857141,17.30314285714286,8.57857142857143,83.09771428571429,9.729142857142856,3.561142857142857,0.00028571428571428574,3.5608571428571425,0.14885714285714285,171.90914285714285,85.01142857142857,2.5519999999999996
2024-05-28,10.066285714285714,14.584571428571428,5.984571428571429,76.63885714285715,5.574285714285714,1.1685714285714286,0.032857142857142856,1.1357142857142857,2.043428571428571,255.59314285714285,73.94,3.5854285714285714
2024-05-29,9.54657142857143,17.474857142857143,2.1422857142857143,66.86542857142857,2.632285714285714,0.2488571428571429,0.018285714285714287,0.2305714285714286,2.061142857142857,335.08514285714284,32.854285714285716,2.2302857142857144
2024-05-30,12.932285714285713,21.24,4.755428571428571,64.03485714285713,5.203428571428572,0.19057142857142856,0.0,0.19057142857142856,0.0019999999999999996,341.60714285714283,19.178857142857144,2.720285714285714
2024-05-31,15.20342857142857,22.0,8.475142857142856,67.39342857142857,8.266857142857143,0.7131428571428572,0.0,0.7131428571428572,0.0,295.4125714285714,43.422,3.1377142857142855
2024-06-01,15.143714285714285,20.453714285714284,9.725142857142856,71.25114285714285,9.252285714285714,1.292,0.0,1.292,0.0,244.81,70.67314285714285,2.960571428571429
2024-06-02,15.70257142857143,22.191714285714287,9.709428571428571,71.402,9.668571428571427,1.4657142857142855,0.0,1.4657142857142855,0.0,249.71457142857145,64.15742857142858,2.452857142857143
2024-06-03,16.03857142857143,21.425714285714285,11.126857142857142,78.51028571428571,11.837428571428571,6.8262857142857145,0.0,6.8262857142857145,0.04914285714285714,186.47714285714287,76.03714285714287,2.322
2024-06-04,17.205428571428573,23.467142857142857,11.862571428571428,81.04057142857143,13.450857142857142,2.3705714285714286,0.0,2.3705714285714286,0.0,207.66142857142856,83.35657142857143,2.1725714285714286
2024-06-05,18.372857142857143,23.70942857142857,13.912857142857142,82.51371428571429,14.990857142857145,7.017142857142857,0.0,7.017142857142857,0.027142857142857142,221.4805714285714,74.50657142857143,3.213142857142857
2024-06-06,16.332571428571427,20.388857142857145,12.647142857142857,83.77285714285715,13.221142857142857,7.064571428571428,0.0,7.064571428571428,0.0,182.64742857142858,87.25828571428572,2.6785714285714284
2024-06-07,13.671714285714286,17.776857142857143,10.173428571428571,83.49114285714286,10.648,3.3514285714285714,0.0,3.3514285714285714,0.004571428571428572,174.97028571428572,87.31857142857143,2.7165714285714286
2024-06-08,12.236571428571429,17.076285714285714,8.624,82.4717142857143,8.92942857142857,3.2634285714285713,0.0017142857142857142,3.2617142857142856,0.2434285714285714,162.99971428571428,84.99514285714285,3.22
2024-06-09,9.886,14.808285714285713,5.648000000000001,77.24428571428572,5.442857142857143,2.6679999999999997,0.024571428571428574,2.6434285714285712,1.096857142857143,245.7,70.39771428571429,3.884285714285714
2024-06-10,10.408285714285714,17.58342857142857,3.8317142857142854,67.81657142857142,3.789714285714285,0.3162857142857143,0.012857142857142859,0.30342857142857144,0.6142857142857143,304.06114285714284,41.78771428571429,2.81
2024-06-11,12.854285714285714,19.780285714285714,6.488,69.82885714285715,6.8505714285714285,0.9334285714285715,0.0,0.9334285714285715,0.008285714285714285,238.1062857142857,51.824,2.4851428571428573
2024-06-12,14.591142857142858,20.320285714285717,9.82057142857143,77.16457142857142,10.118,2.790285714285714,0.0,2.790285714285714,0.00028571428571428574,211.30285714285716,78.74257142857144,3.259142857142857
2024-06-13,13.667428571428571,18.57371428571429,9.858857142857143,79.49485714285714,9.781142857142857,2.896857142857143,0.001142857142857143,2.8957142857142855,0.2877142857142857,205.204,79.86142857142858,3.358
2024-06-14,12.114285714285714,17.618,6.563142857142857,71.812,6.472,1.5374285714285716,0.01657142857142857,1.520857142857143,0.3345714285714286,277.82142857142856,55.61114285714285,2.9442857142857144
2024-06-15,14.350285714285715,21.286571428571428,7.858,70.65257142857143,8.399142857142857,0.9574285714285714,0.0,0.9574285714285714,0.0,284.54314285714287,44.68142857142857,2.3585714285714285
2024-06-16,16.68114285714286,22.64485714285714,11.905142857142858,76.93542857142856,12.082285714285714,3.3694285714285717,0.0,3.3694285714285717,0.00028571428571428574,174.27228571428572,83.04171428571429,3.0762857142857145
2024-06-17,17.89,23.558,13.036285714285714,71.47314285714286,12.000571428571428,2.3402857142857143,0.0,2.3402857142857143,0.0,280.1837142857143,64.42114285714287,3.7771428571428567
2024-06-18,18.27257142857143,24.749714285714287,12.972,80.34028571428571,14.487142857142857,6.868857142857142,0.0,6.868857142857142,0.0,199.56342857142857,70.52885714285713,2.618
2024-06-19,18.542,22.654,14.640857142857145,79.166,14.415142857142856,8.826285714285715,0.0,8.826285714285715,0.06171428571428571,205.29742857142855,82.63628571428572,3.440571428571429
2024-06-20,16.941428571428574,23.025142857142857,10.898571428571428,72.09457142857143,11.154857142857143,0.6094285714285714,0.0,0.6094285714285714,0.0,274.60742857142856,52.428,2.4297142857142857
2024-06-21,18.015142857142855,23.349714285714285,12.232285714285714,73.854,12.709142857142856,0.5128571428571428,0.0,0.5128571428571428,0.11971428571428573,261.24314285714286,59.44028571428571,1.8057142857142858
2024-06-22,18.744,24.160285714285713,13.402,74.94285714285714,13.511714285714286,1.2891428571428571,0.0,1.2891428571428571,0.13942857142857143,240.12714285714287,68.71228571428571,1.6517142857142857
2024-06-23,18.769142857142857,23.93914285714286,13.824857142857143,76.444,13.874857142857143,5.350285714285714,0.0,5.350285714285714,0.0,226.012,72.1377142857143,2.7245714285714286
2024-06-24,18.60742857142857,25.210571428571427,12.482,74.91342857142858,13.375428571428571,2.188857142857143,0.0,2.188857142857143,0.19,275.964,47.845142857142854,2.5794285714285716
2024-06-25,16.690285714285714,22.591142857142856,11.583428571428572,78.38914285714286,12.537714285714285,9.389142857142858,0.0,9.389142857142858,0.6305714285714286,198.97857142857143,71.17914285714285,4.176857142857143
2024-06-26,12.424,17.484571428571428,7.442571428571429,73.63685714285714,7.335428571428571,1.5474285714285714,0.013142857142857142,1.5342857142857143,1.102857142857143,225.01142857142855,76.01371428571429,2.7154285714285717
2024-06-27,12.904,18.546857142857142,7.242285714285714,73.27,7.587714285714285,1.1114285714285714,0.0,1.1114285714285714,0.17885714285714285,276.0617142857143,55.99171428571429,2.2445714285714287
2024-06-28,13.240571428571428,18.629714285714286,8.83,77.06971428571428,8.816857142857142,4.756857142857143,0.0,4.756857142857143,0.07685714285714286,180.40057142857145,67.56514285714286,2.8654285714285717
2024-06-29,12.624,17.758857142857146,8.426857142857143,81.69057142857143,9.230285714285714,6.779428571428571,0.0,6.779428571428571,0.086,164.79314285714287,89.806,3.116857142857143
2024-06-30,14.847999999999999,21.948285714285714,8.369142857142858,73.59742857142857,9.458857142857143,0.5985714285714285,0.0,0.5985714285714285,0.10971428571428571,290.8074285714286,40.744571428571426,3.2931428571428567
2024-07-01,16.88142857142857,23.460571428571427,10.374571428571429,71.24428571428572,10.810571428571428,0.9488571428571428,0.0,0.9488571428571428,0.08828571428571429,291.7517142857143,32.687714285714286,2.789142857142857
2024-07-02,16.76457142857143,21.49657142857143,12.722,78.69114285714286,12.536857142857144,6.199142857142857,0.0,6.199142857142857,0.0,146.60942857142857,84.41914285714286,3.129142857142857
2024-07-03,17.442285714285713,22.207428571428572,13.835714285714285,82.55057142857143,14.144857142857143,5.293714285714286,0.0,5.293714285714286,0.0,144.02942857142855,92.08942857142857,3.726
2024-07-04,16.60457142857143,21.953714285714284,11.564857142857143,77.20428571428572,12.047142857142857,0.9731428571428572,0.0,0.9731428571428572,0.0,250.87257142857146,66.544,2.6122857142857145
2024-07-05,17.72657142857143,23.69342857142857,11.446857142857143,73.11771428571429,12.117714285714285,0.8491428571428571,0.0,0.8491428571428571,0.021714285714285714,249.64485714285715,59.533142857142856,1.8257142857142856
2024-07-06,19.58028571428571,25.52,13.547714285714287,74.4902857142857,14.247714285714286,1.8737142857142857,0.0,1.8737142857142857,0.0,260.812,47.42428571428571,2.0334285714285714
2024-07-07,19.638571428571428,25.575714285714284,13.806285714285714,77.63714285714286,15.023428571428573,1.4865714285714287,0.0,1.4865714285714287,0.0,255.926,45.060857142857145,2.008857142857143
2024-07-08,19.096285714285713,24.591714285714286,13.732,77.89657142857143,14.561142857142856,1.7565714285714285,0.0,1.7565714285714285,0.0,239.91285714285718,66.44628571428571,1.914
2024-07-09,19.24657142857143,24.597142857142856,14.303714285714285,76.48171428571429,14.452571428571428,2.6437142857142857,0.0,2.6437142857142857,0.0,227.6,66.87285714285714,2.163142857142857
2024-07-10,17.58857142857143,22.88,12.467714285714285,77.40285714285714,13.052,2.4005714285714284,0.0,2.4005714285714284,0.0,243.48742857142855,55.55228571428571,2.1431428571428572
2024-07-11,19.26,26.353428571428573,12.904,73.16828571428572,13.611714285714287,1.9922857142857144,0.0,1.9922857142857144,0.0,264.9491428571428,40.456857142857146,2.7111428571428573
2024-07-12,19.989142857142856,25.941428571428574,14.801714285714285,74.58028571428571,14.748857142857144,2.658,0.0,2.658,0.0,257.7608571428571,40.48257142857143,2.273142857142857
2024-07-13,19.865714285714283,25.96457142857143,15.042285714285715,79.91514285714285,15.786571428571428,4.087428571428571,0.0,4.087428571428571,0.0,221.72171428571428,61.70371428571429,2.0174285714285713
2024-07-14,20.051714285714283,24.436857142857143,15.946285714285715,80.90342857142856,16.212857142857143,6.214285714285714,0.0,6.214285714285714,0.0,200.6762857142857,66.54885714285714,2.559428571428571
2024-07-15,19.01142857142857,23.33857142857143,14.992857142857142,80.98514285714286,15.285428571428572,3.884571428571429,0.0,3.884571428571429,0.0,192.66,74.29,2.0285714285714285
2024-07-16,16.278285714285715,20.539142857142856,13.091714285714286,84.24885714285715,13.369428571428571,5.249142857142857,0.0,5.249142857142857,0.0,185.4197142857143,83.20171428571429,2.488
2024-07-17,14.961714285714285,20.448,10.506285714285715,78.19685714285714,10.608857142857143,2.0702857142857143,0.0,2.0702857142857143,0.0,246.97485714285716,58.15342857142857,2.6634285714285713
2024-07-18,16.50342857142857,23.101714285714284,10.240571428571428,72.602,10.915714285714285,0.33942857142857147,0.0,0.33942857142857147,0.0,259.53,39.5,2.6114285714285717
2024-07-19,18.286,24.236571428571427,13.286,75.87828571428572,13.427428571428571,1.1902857142857144,0.0,1.1902857142857144,0.0,236.25514285714286,59.87228571428572,2.662857142857143
2024-07-20,16.384285714285717,21.334,11.381714285714287,73.83971428571428,11.013428571428571,0.7939999999999999,0.0,0.7939999999999999,0.0,273.62428571428575,41.02742857142857,2.6845714285714286
2024-07-21,16.180285714285716,22.652,10.188285714285714,73.286,10.567714285714287,0.6648571428571428,0.0,0.6648571428571428,0.0,242.9,40.588857142857144,1.9334285714285715
2024-07-22,16.245428571428572,20.885428571428573,12.22342857142857,76.78457142857143,11.55,1.2408571428571429,0.0,1.2408571428571429,0.0,197.1042857142857,71.466,1.8860000000000001
2024-07-23,15.836857142857141,20.853142857142856,10.716571428571427,73.51028571428571,10.486285714285714,1.0657142857142858,0.0,1.0657142857142858,0.0,225.83771428571427,61.66657142857142,1.802857142857143
2024-07-24,16.834857142857143,22.567714285714285,11.336857142857143,73.21428571428571,11.361428571428572,3.020857142857143,0.0,3.020857142857143,0.0,240.88942857142854,46.227714285714285,2.318
2024-07-25,17.707428571428572,23.861142857142855,11.743142857142857,71.42314285714285,11.769714285714286,0.572,0.0,0.572,0.0,257.3794285714286,43.37342857142857,2.4614285714285717
2024-07-26,19.37,26.693714285714286,13.171999999999999,73.39457142857142,13.815428571428573,0.3525714285714286,0.0,0.3525714285714286,0.0,206.52085714285715,52.75942857142857,2.758285714285714
2024-07-27,22.409142857142857,28.465999999999998,17.468285714285713,73.2222857142857,16.65885714285714,1.7474285714285713,0.0,1.7474285714285713,0.0,233.522,65.98514285714286,3.0077142857142856
2024-07-28,22.592000000000002,27.64114285714286,18.12457142857143,74.77514285714285,17.168285714285712,5.6648571428571435,0.0,5.6648571428571435,0.0,221.33885714285714,46.97485714285714,3.218
2024-07-29,21.226285714285712,26.409714285714287,16.342285714285715,76.052,16.16485714285714,1.5654285714285714,0.0,1.5654285714285714,0.0,191.27914285714286,64.86057142857142,1.7342857142857144
2024-07-30,21.760857142857144,27.391428571428573,16.737142857142857,77.47371428571428,17.015142857142855,2.5634285714285716,0.0,2.5634285714285716,0.0,198.77142857142857,67.47171428571428,1.814857142857143
2024-07-31,22.380857142857145,28.271714285714285,17.539714285714286,80.65857142857143,18.396,2.3,0.0,2.3,0.0,222.336,48.72485714285714,2.0962857142857145
2024-08-01,23.082857142857144,29.36257142857143,17.547142857142855,75.71571428571428,17.691142857142857,1.094857142857143,0.0,1.094857142857143,0.0,253.65142857142854,41.43485714285714,1.8771428571428572
2024-08-02,22.559714285714286,27.22657142857143,18.202571428571428,70.42628571428571,16.202857142857145,0.5111428571428571,0.0,0.5111428571428571,0.0,249.88742857142856,40.32857142857143,2.758857142857143
2024-08-03,19.224857142857143,23.834857142857143,15.375428571428571,73.18057142857144,13.749142857142857,0.856,0.0,0.856,0.0,202.11257142857144,54.936571428571426,3.1354285714285712
2024-08-04,16.98,21.748285714285714,12.064571428571428,71.43114285714286,10.997714285714286,0.6745714285714286,0.0,0.6745714285714286,0.0,221.04314285714287,55.24742857142857,2.9025714285714286
2024-08-05,16.133714285714284,20.976857142857146,11.386857142857144,71.07542857142857,10.20657142857143,0.9762857142857143,0.0,0.9762857142857143,0.0,227.3542857142857,58.55257142857143,2.646
2024-08-06,15.682285714285713,21.61657142857143,10.361142857142857,71.16171428571428,9.696857142857143,0.3954285714285714,0.0,0.3954285714285714,0.0,224.27114285714285,58.524571428571434,2.374857142857143
2024-08-07,15.956857142857142,21.694,11.262857142857143,74.6242857142857,10.718285714285713,3.6462857142857144,0.0,3.6462857142857144,0.0,187.4577142857143,67.56771428571429,2.2925714285714283
2024-08-08,15.202000000000002,19.530857142857144,11.90942857142857,82.39857142857143,11.813714285714287,7.163428571428572,0.0,7.163428571428572,0.0,129.65085714285715,86.66657142857143,2.7562857142857142
2024-08-09,14.741428571428573,18.952857142857145,11.508571428571429,82.852,11.392285714285714,7.457428571428571,0.0,7.457428571428571,0.0,159.63057142857141,81.848,3.055428571428571
2024-08-10,14.290285714285714,19.671714285714284,10.173714285714285,80.36457142857144,10.477142857142857,3.170285714285714,0.0,3.170285714285714,0.0,184.9685714285714,71.84942857142858,2.9411428571428573
2024-08-11,15.697999999999999,21.548,11.008571428571429,79.61114285714285,11.724,2.031142857142857,0.0,2.031142857142857,0.0,213.85685714285714,59.748,2.5494285714285714
2024-08-12,18.64914285714286,25.708571428571428,11.938571428571429,72.92114285714285,12.952857142857143,0.274,0.0,0.274,0.0,244.1534285714286,35.942571428571426,2.1854285714285715
2024-08-13,20.461142857142857,27.489142857142856,14.266,71.92285714285715,14.36057142857143,0.12371428571428572,0.0,0.12371428571428572,0.0,234.22257142857146,19.102857142857143,1.9148571428571428
2024-08-14,21.490285714285715,28.558,15.192,69.98085714285715,14.904,0.12228571428571429,0.0,0.12228571428571429,0.0,229.2937142857143,19.098857142857145,1.8639999999999999
2024-08-15,21.744285714285713,27.37857142857143,17.00142857142857,72.54571428571428,15.903142857142857,1.4525714285714286,0.0,1.4525714285714286,0.0,193.5254285714286,49.922285714285714,1.9705714285714286
2024-08-16,20.63142857142857,25.323428571428572,16.784857142857145,77.79199999999999,16.022285714285715,2.192,0.0,2.192,0.0,156.83171428571427,72.41428571428571,2.3225714285714285
2024-08-17,18.96314285714286,23.371142857142857,15.28057142857143,81.47885714285714,15.366285714285716,2.4908571428571427,0.0,2.4908571428571427,0.0,136.1017142857143,78.356,2.4505714285714286
2024-08-18,16.667428571428573,20.608285714285714,13.02657142857143,80.128,12.794285714285715,2.232857142857143,0.0,2.232857142857143,0.0,158.31085714285715,73.79371428571427,2.898285714285714
2024-08-19,14.226571428571429,19.28457142857143,9.437714285714286,72.348,8.670285714285713,0.6297142857142857,0.0,0.6297142857142857,0.0,214.57742857142858,49.11485714285714,2.955142857142857
2024-08-20,14.32542857142857,21.241714285714288,8.042,69.268,8.028285714285715,0.38942857142857146,0.0,0.38942857142857146,0.0,242.40457142857142,23.991714285714288,2.5502857142857143
2024-08-21,16.636,23.905714285714286,10.607714285714286,70.86942857142857,10.661428571428571,0.3028571428571428,0.0,0.3028571428571428,0.0,223.308,41.114,2.4228571428571426
2024-08-22,18.900285714285715,25.69857142857143,13.037142857142857,72.024,12.95657142857143,0.79,0.0,0.79,0.0,215.15742857142857,36.95,2.4337142857142857
2024-08-23,19.61942857142857,25.18057142857143,14.978571428571428,76.07257142857142,14.658285714285713,1.1522857142857141,0.0,1.1522857142857141,0.0,165.30742857142857,61.54028571428571,2.7311428571428573
2024-08-24,19.422285714285714,25.713428571428572,13.979714285714286,74.78171428571429,14.127714285714287,0.8391428571428572,0.0,0.8391428571428572,0.0,183.17542857142857,55.81371428571428,2.105142857142857
2024-08-25,20.79657142857143,28.400285714285715,14.775428571428572,72.7,15.026,0.2857142857142857,0.0,0.2857142857142857,0.0,197.44885714285715,44.62457142857143,2.055142857142857
2024-08-26,22.084857142857143,27.934,17.060000000000002,73.18142857142857,16.393142857142855,0.6848571428571428,0.0,0.6848571428571428,0.0,209.4157142857143,37.112857142857145,2.8645714285714283
2024-08-27,17.873428571428573,22.64742857142857,13.796857142857142,73.106,12.503714285714286,1.7340000000000002,0.0,1.7340000000000002,0.0,175.5502857142857,66.86514285714286,3.166857142857143
2024-08-28,14.632285714285715,20.142,9.762857142857143,70.23314285714285,8.519142857142858,2.0582857142857143,0.0,2.0582857142857143,0.0,222.41600000000003,59.42142857142857,2.4214285714285713
2024-08-29,14.89257142857143,22.676,8.452857142857141,70.396,8.773428571428571,2.3462857142857145,0.0,2.3462857142857145,0.0,203.9,35.15142857142857,2.822
2024-08-30,17.06885714285714,22.481142857142856,12.697428571428572,77.92,12.781428571428572,7.150571428571429,0.0,7.150571428571429,0.0,139.0502857142857,70.80142857142857,3.922
2024-08-31,17.361428571428572,21.726,13.82,77.926,12.984857142857143,3.251142857142857,0.0,3.251142857142857,0.0,149.43914285714285,65.78714285714287,3.3242857142857143
2024-09-01,13.911428571428571,18.06542857142857,10.289428571428571,74.08514285714286,8.828000000000001,3.640285714285714,0.0,3.640285714285714,0.0,173.63685714285714,64.60085714285715,4.300571428571429
2024-09-02,13.369142857142858,19.838,7.718571428571428,70.04,7.241714285714286,0.30257142857142855,0.0,0.30257142857142855,0.0,203.48342857142856,37.143142857142855,3.08
2024-09-03,16.885428571428573,24.58514285714286,11.258857142857144,71.212,10.899714285714285,0.5571428571428572,0.0,0.5571428571428572,0.0,203.62342857142858,36.95428571428571,2.5714285714285716
2024-09-04,17.93942857142857,23.369142857142855,13.438571428571429,74.39971428571428,12.698,1.7822857142857143,0.0,1.7822857142857143,0.0,133.29857142857142,56.862,3.2585714285714285
2024-09-05,13.615428571428572,18.866285714285716,9.103714285714286,74.686,8.562285714285714,5.155714285714286,0.0,5.155714285714286,0.0,139.68,73.2782857142857,2.9882857142857144
2024-09-06,10.44,15.303714285714285,6.585999999999999,76.32428571428571,5.967428571428571,1.9440000000000002,0.0,1.9440000000000002,0.0,131.42742857142858,77.47314285714286,2.6825714285714284
2024-09-07,9.339142857142857,15.143999999999998,5.048285714285714,75.69885714285715,4.8268571428571425,1.7377142857142858,0.0,1.7377142857142858,0.0,135.82942857142856,72.71085714285715,2.9697142857142858
2024-09-08,11.743428571428572,18.688285714285715,6.492,74.11371428571428,6.715714285714285,0.665142857142857,0.0,0.665142857142857,0.08571428571428572,165.462,65.58914285714286,2.8697142857142857
2024-09-09,14.191714285714285,21.447714285714284,8.190285714285714,74.22085714285714,8.959428571428571,0.5282857142857144,0.0,0.5282857142857144,0.0,195.91542857142858,33.16885714285714,2.214571428571429
2024-09-10,16.502857142857142,24.73857142857143,10.233428571428572,74.54942857142858,11.268285714285714,0.06571428571428571,0.0,0.06571428571428571,0.0,201.38657142857141,23.454,2.3034285714285714
2024-09-11,17.873714285714286,23.928857142857144,13.090857142857143,78.07485714285714,13.382285714285715,0.3182857142857143,0.0,0.3182857142857143,0.0,151.35257142857142,47.98828571428571,2.2454285714285716
2024-09-12,16.46457142857143,22.78685714285714,11.502285714285714,77.70142857142858,11.986857142857144,0.4377142857142857,0.0,0.4377142857142857,0.0,149.16657142857142,51.69828571428572,2.074857142857143
2024-09-13,17.519714285714286,25.34342857142857,11.823714285714285,75.61371428571428,12.466285714285714,0.24257142857142858,0.0,0.24257142857142858,0.0,171.6185714285714,39.632,2.281142857142857
2024-09-14,19.438000000000002,26.232,14.198285714285714,75.13628571428572,14.283428571428573,0.166,0.0,0.166,0.0,174.5897142857143,29.227714285714285,2.649714285714286
2024-09-15,20.064857142857143,26.295714285714286,15.419714285714287,76.79628571428572,15.312857142857144,1.0871428571428572,0.0,1.0871428571428572,0.0,153.7062857142857,53.008,2.725714285714286
2024-09-16,20.737428571428573,26.86857142857143,15.912285714285712,76.488,15.688571428571429,0.8951428571428572,0.0,0.8951428571428572,0.0,174.91257142857145,30.378857142857143,2.3737142857142857
2024-09-17,19.875714285714285,25.773714285714288,15.403142857142857,77.69657142857143,15.258285714285714,3.1994285714285717,0.0,3.1994285714285717,0.0,147.21971428571428,53.99542857142857,1.8185714285714285
2024-09-18,19.728,25.598285714285716,15.47,78.88371428571428,15.377714285714287,3.4697142857142858,0.0,3.4697142857142858,0.0,145.19771428571428,53.704571428571434,2.053142857142857
2024-09-19,19.576285714285714,25.821714285714286,15.107142857142858,79.556,15.331142857142858,2.716285714285714,0.0,2.716285714285714,0.0,145.56914285714285,52.41028571428571,2.4005714285714284
2024-09-20,19.108571428571427,24.02542857142857,14.94857142857143,77.95371428571428,14.659428571428572,1.6237142857142857,0.0,1.6237142857142857,0.0,133.77371428571428,48.67885714285714,2.8537142857142856
2024-09-21,17.79171428571429,22.838857142857144,14.018857142857142,82.03714285714287,14.298,3.209714285714286,0.0,3.209714285714286,0.0,111.23285714285714,68.59057142857144,2.099142857142857
2024-09-22,14.064,18.40342857142857,10.168857142857142,82.78257142857143,10.862285714285715,3.553142857142857,0.0014285714285714286,3.5517142857142856,0.045142857142857144,99.72771428571428,70.67714285714285,2.865142857142857
2024-09-23,11.822857142857144,17.615714285714283,7.161142857142857,77.70171428571429,7.572285714285715,2.2205714285714286,0.0,2.2205714285714286,0.074,131.74514285714287,61.66057142857142,2.448857142857143
2024-09-24,12.847714285714286,17.50057142857143,9.487142857142857,81.33885714285715,9.464857142857142,2.2988571428571425,0.0,2.2988571428571425,0.001142857142857143,98.82971428571429,83.87628571428571,2.7997142857142854
2024-09-25,14.844285714285713,20.479714285714284,11.070857142857143,85.904,12.217428571428572,4.902857142857143,0.0,4.902857142857143,0.0,99.35085714285714,79.06714285714285,2.486285714285714
2024-09-26,15.688285714285715,22.19685714285714,10.855428571428572,80.37771428571428,11.801142857142858,0.7325714285714285,0.0,0.7325714285714285,0.0,149.2425714285714,41.98828571428571,2.1377142857142855
2024-09-27,16.458857142857145,22.593999999999998,11.709142857142856,74.32028571428572,11.282571428571428,0.2805714285714286,0.0,0.2805714285714286,0.0,162.66914285714287,23.781142857142857,2.6714285714285713
2024-09-28,15.734857142857143,23.178571428571427,10.206857142857142,72.71685714285715,10.222285714285714,0.19714285714285715,0.0,0.19714285714285715,0.0,166.94771428571428,16.065142857142856,2.587142857142857
2024-09-29,14.659142857142859,20.735142857142858,9.433714285714286,72.55828571428572,9.02057142857143,0.33085714285714285,0.0,0.33085714285714285,0.0,164.24599999999998,15.878285714285715,2.559428571428571
2024-09-30,14.846,21.68285714285714,10.048857142857143,71.28685714285714,9.161142857142856,0.6077142857142857,0.0,0.6077142857142857,0.0,143.19657142857145,40.72828571428571,3.774
2024-10-01,12.823428571428572,17.45942857142857,9.069142857142857,70.76714285714286,7.24,2.2231428571428573,0.0,2.2231428571428573,0.0,104.20742857142858,62.42628571428572,4.127142857142857
2024-10-02,10.379142857142856,14.753142857142857,6.6248571428571426,69.23142857142857,4.429714285714286,1.2317142857142858,0.0,1.2317142857142858,0.0,102.46628571428572,77.75399999999999,3.3417142857142856
2024-10-03,9.601142857142857,13.530857142857142,6.239142857142857,67.58542857142857,3.349142857142857,0.25657142857142856,0.0,0.25657142857142856,0.0,124.78685714285714,62.291999999999994,3.6557142857142857
2024-10-04,7.448285714285714,12.812285714285714,2.681428571428571,69.00828571428572,1.5111428571428571,0.19457142857142856,0.0005714285714285715,0.19399999999999998,0.5702857142857143,111.37742857142857,71.528,2.5940000000000003
2024-10-05,9.281142857142857,17.017142857142858,3.7362857142857147,70.65857142857143,3.560857142857143,0.960857142857143,0.0005714285714285715,0.9602857142857144,0.12028571428571429,121.16600000000001,73.65857142857143,2.951714285714286
2024-10-06,10.271428571428572,15.092571428571429,6.334,78.762,6.379428571428572,7.929428571428571,0.0037142857142857142,7.925714285714285,0.2377142857142857,63.318000000000005,88.67657142857142,4.488
2024-10-07,6.890000000000001,10.826857142857143,3.688,72.4437142857143,1.855142857142857,2.0385714285714283,0.001142857142857143,2.037428571428571,0.6148571428571429,103.15485714285714,71.38628571428572,4.329714285714285
2024-10-08,5.722285714285714,9.814,2.585714285714286,77.55,1.5774285714285714,1.836,0.010857142857142857,1.8251428571428572,0.9054285714285715,104.42657142857142,60.98057142857143,3.531428571428571
2024-10-09,5.610857142857142,11.095714285714287,2.0537142857142854,78.17742857142858,1.6625714285714286,0.6028571428571429,0.004857142857142858,0.598,0.328,102.27714285714285,70.04914285714285,2.7445714285714287
2024-10-10,7.853714285714285,14.464,3.8645714285714283,79.08771428571428,4.098571428571428,0.07857142857142857,0.0,0.07857142857142857,0.008285714285714285,106.958,69.55485714285714,2.4657142857142857
2024-10-11,9.339714285714285,13.47942857142857,5.929714285714286,80.20285714285714,5.687428571428572,1.6928571428571428,0.0,1.6928571428571428,0.0,84.47371428571428,78.55742857142856,3.6437142857142857
2024-10-12,6.143428571428572,10.767714285714286,2.182857142857143,72.4437142857143,0.9894285714285715,0.49542857142857144,0.009428571428571429,0.486,1.2788571428571427,114.67342857142857,64.22657142857142,2.924285714285714
2024-10-13,3.8859999999999997,7.348285714285714,1.1314285714285715,79.39514285714286,0.29057142857142854,2.3262857142857145,0.23914285714285718,2.087142857142857,3.541142857142857,91.21085714285715,78.86171428571429,2.544285714285714
2024-10-14,2.4682857142857144,6.029714285714285,-0.17628571428571432,80.61114285714285,-0.8651428571428572,1.3342857142857143,0.3705714285714286,0.9637142857142857,7.3271428571428565,91.588,80.42,3.105714285714286
2024-10-15,2.364,7.275714285714286,-0.7805714285714286,81.39028571428571,-0.806,0.608,0.08914285714285715,0.5188571428571428,7.332857142857142,102.14,66.86257142857143,3.2274285714285718
2024-10-16,4.169142857142857,10.663428571428572,0.2454285714285714,77.40485714285714,0.08800000000000001,0.15542857142857144,0.003142857142857143,0.1522857142857143,5.560571428571428,106.04657142857143,77.688,3.1205714285714286
2024-10-17,6.604285714285714,13.912285714285714,2.1537142857142855,74.74714285714286,1.8202857142857143,0.054285714285714284,0.0,0.054285714285714284,4.503142857142857,120.45,37.09257142857143,2.6754285714285713
2024-10-18,9.27,15.499142857142857,5.467428571428572,73.66114285714285,4.322285714285714,0.35857142857142854,0.0,0.35857142857142854,2.495142857142857,110.77914285714286,26.056857142857144,3.2325714285714287
2024-10-19,8.536,13.932857142857141,4.381714285714286,81.13971428571428,5.050571428571429,1.8014285714285714,0.0,1.8014285714285714,0.1945714285714286,93.05742857142856,60.64514285714286,2.4814285714285713
2024-10-20,9.57457142857143,14.835142857142857,6.141428571428572,81.53257142857143,6.207428571428571,1.1428571428571428,0.0,1.1428571428571428,0.0,81.97,81.11057142857142,3.175142857142857
2024-10-21,8.971142857142857,13.623142857142858,5.694571428571429,82.55685714285714,5.805428571428571,0.40342857142857147,0.011428571428571429,0.392,0.5708571428571428,81.66885714285714,70.10714285714286,2.428857142857143
2024-10-22,9.912,15.196,5.352857142857142,85.34685714285713,7.2454285714285716,4.3431428571428565,0.9842857142857143,3.358857142857142,2.3374285714285716,61.92228571428572,84.30171428571428,2.9925714285714284
2024-10-23,5.005428571428571,10.046000000000001,0.8585714285714285,75.6842857142857,0.8111428571428572,3.285142857142857,0.6705714285714286,2.6145714285714288,8.896571428571429,67.93457142857143,87.40142857142858,4.1331428571428575
2024-10-24,3.6157142857142857,8.846857142857143,-0.20257142857142862,79.00114285714285,-0.05542857142857144,0.13314285714285715,0.09457142857142857,0.038571428571428576,9.338285714285714,80.53542857142858,78.59742857142857,2.6608571428571426
2024-10-25,4.16,7.861142857142856,0.992,83.56085714285715,1.3782857142857143,2.0162857142857145,0.06457142857142857,1.951714285714286,8.894571428571428,56.28228571428571,82.39857142857143,2.6871428571428573
2024-10-26,2.0874285714285716,5.3425714285714285,-0.9351428571428573,78.964,-1.5705714285714285,0.6422857142857143,0.1682857142857143,0.4740000000000001,10.929714285714285,88.15685714285715,60.61685714285715,3.7720000000000002
2024-10-27,0.6914285714285715,4.652,-2.374,72.21971428571429,-4.204857142857143,0.37857142857142856,0.13142857142857142,0.24714285714285714,11.714857142857142,88.05714285714286,56.29514285714286,2.884
2024-10-28,1.5154285714285713,7.355428571428571,-1.895142857142857,72.88857142857142,-3.1705714285714284,0.10742857142857143,0.029142857142857144,0.07828571428571429,11.642571428571427,70.25571428571428,77.47085714285714,3.2125714285714286
2024-10-29,5.140285714285715,8.992,2.4299999999999997,88.03914285714285,3.2197142857142858,2.7285714285714286,0.3842857142857143,2.3442857142857143,9.908285714285713,48.10657142857143,92.57285714285715,3.2342857142857144
2024-10-30,5.95,9.264000000000001,3.267142857142857,87.81314285714286,3.882285714285714,4.821428571428571,0.6825714285714286,4.138857142857143,9.691142857142857,55.74485714285714,91.16457142857143,3.3594285714285714
2024-10-31,2.3128571428571427,5.815428571428571,-0.1491428571428572,78.344,-1.4282857142857142,3.021142857142857,0.26257142857142857,2.7585714285714285,10.793999999999999,68.03,66.58571428571429,3.6157142857142857
2024-11-01,-0.5417142857142857,3.9857142857142858,-4.007428571428571,73.53771428571429,-5.0605714285714285,1.4905714285714287,0.6574285714285715,0.8331428571428572,12.751714285714284,77.58657142857143,60.775999999999996,3.2845714285714283
2024-11-02,-0.45828571428571424,4.954571428571429,-3.9877142857142855,77.98285714285714,-4.200857142857143,0.13,0.0757142857142857,0.0542857142857143,13.342571428571427,75.93228571428571,61.05200000000001,2.0102857142857142
2024-11-03,1.6757142857142857,7.056285714285714,-1.5785714285714285,86.872,-0.5588571428571429,0.12428571428571428,0.06457142857142857,0.059714285714285706,13.192857142857141,66.28971428571428,74.04571428571428,2.2954285714285714
2024-11-04,4.300285714285714,7.272857142857143,2.342857142857143,92.61542857142857,3.080857142857143,3.587142857142857,0.2782857142857143,3.3088571428571427,12.786571428571428,24.433714285714284,98.96514285714285,3.288
2024-11-05,5.7451428571428576,9.296000000000001,2.887142857142857,90.27114285714285,4.1171428571428565,2.189142857142857,0.1382857142857143,2.0508571428571427,12.804857142857141,50.906285714285715,84.56628571428571,3.3365714285714287
2024-11-06,3.299714285714286,6.474285714285714,0.568857142857143,85.61971428571428,0.9422857142857144,2.9174285714285713,0.12457142857142858,2.7928571428571427,12.577142857142857,44.19885714285714,87.60657142857143,2.996857142857143
2024-11-07,2.2857142857142856,6.066,-0.5654285714285714,84.33342857142857,-0.3682857142857143,1.481142857142857,1.2511428571428571,0.22999999999999998,12.175714285714285,51.26085714285715,87.12857142857143,3.3931428571428572
2024-11-08,2.8525714285714288,5.528,-0.3042857142857143,76.79914285714285,-1.0702857142857143,0.6585714285714286,0.3437142857142857,0.3148571428571429,11.458571428571426,57.984,76.47742857142858,4.493714285714286
2024-11-09,1.5465714285714287,7.038285714285714,-2.378857142857143,75.48571428571428,-2.700857142857143,0.13771428571428573,0.15714285714285714,0.0,11.607142857142856,77.52257142857142,45.400571428571425,3.359142857142857
2024-11-10,3.039428571428571,6.750285714285714,0.3477142857142857,86.73485714285714,0.9082857142857143,2.0162857142857145,1.2774285714285714,0.7388571428571431,9.72742857142857,27.122571428571426,92.09028571428571,2.697714285714286
2024-11-11,0.4408571428571428,3.407142857142857,-2.938,86.71971428571429,-1.6982857142857142,5.952,4.272571428571428,1.6794285714285717,12.476857142857142,38.642,90.72057142857142,3.9705714285714286
2024-11-12,-2.3151428571428574,2.3182857142857145,-5.735714285714286,84.09371428571428,-5.062285714285714,0.6508571428571429,0.03514285714285714,0.6157142857142858,15.005142857142856,51.259142857142855,76.91828571428572,3.294285714285714
2024-11-13,0.4045714285714286,3.9711428571428575,-2.206571428571429,87.988,-1.651142857142857,1.4248571428571428,0.752,0.6728571428571428,15.07342857142857,47.81114285714286,75.76685714285715,3.6925714285714286
2024-11-14,0.9511428571428571,3.337714285714286,-0.9068571428571429,87.95085714285715,-1.0262857142857142,0.9582857142857143,0.25,0.7082857142857143,14.868857142857141,34.819428571428574,90.80314285714286,2.5985714285714288
2024-11-15,0.7345714285714285,3.419142857142857,-1.0151428571428571,90.63657142857143,-0.8554285714285713,1.2368571428571429,0.9022857142857142,0.33457142857142863,14.584857142857143,33.67371428571428,94.69628571428571,1.8734285714285712
2024-11-16,1.614857142857143,5.459142857142857,-0.828,91.50028571428572,0.23685714285714282,0.44199999999999995,0.20114285714285715,0.2408571428571428,14.631142857142855,43.31257142857143,83.58942857142857,2.1980000000000004
2024-11-17,2.652285714285714,4.906285714285715,0.6105714285714285,93.61057142857142,1.6988571428571428,2.251714285714286,0.48028571428571426,1.7714285714285716,14.497428571428571,18.62542857142857,94.51371428571429,3.2297142857142855
2024-11-18,2.668571428571428,5.861142857142856,0.21485714285714286,91.89342857142857,1.3534285714285714,0.7005714285714285,0.13514285714285715,0.5654285714285714,14.592285714285714,39.767999999999994,80.74771428571428,2.5965714285714285
2024-11-19,2.3417142857142856,4.992571428571429,0.49228571428571427,92.65257142857143,1.1942857142857142,3.0517142857142856,0.7045714285714286,2.347142857142857,14.669142857142855,29.46314285714286,87.85971428571429,3.4097142857142857
2024-11-20,3.0028571428571427,5.147428571428572,1.1768571428571428,93.4782857142857,2.0042857142857144,3.080857142857143,0.774,2.306857142857143,13.567142857142857,28.539714285714286,87.24142857142857,2.8688571428571428
2024-11-21,2.0065714285714287,3.9945714285714287,0.518,93.85285714285715,1.0502857142857143,2.5660000000000003,0.11914285714285715,2.446857142857143,14.253714285714285,32.80171428571428,82.878,2.6971428571428575
2024-11-22,0.7674285714285715,2.8351428571428574,-1.0808571428571427,91.61571428571429,-0.5522857142857144,1.260857142857143,0.6174285714285714,0.6434285714285715,14.152571428571427,29.20342857142857,85.63199999999999,2.9028571428571426
2024-11-23,-1.988,0.19742857142857137,-3.820857142857143,85.25657142857143,-4.338857142857142,2.2954285714285714,2.6497142857142855,0.0,15.054,30.481714285714283,92.89685714285714,3.236285714285714
2024-11-24,-3.751714285714286,-0.6880000000000001,-6.0040000000000004,79.822,-7.048571428571428,0.6237142857142858,0.5705714285714285,0.05314285714285727,15.350857142857143,36.772571428571425,79.15771428571429,3.2914285714285714
2024-11-25,-3.1877142857142857,-0.494,-5.122285714285714,86.0,-5.525714285714286,1.4582857142857142,2.2745714285714285,0.0,14.945714285714283,28.294,81.66571428571429,2.479142857142857
2024-11-26,-2.589714285714286,-0.8817142857142857,-4.067714285714286,89.75285714285714,-4.330285714285714,4.193714285714286,5.465714285714286,0.0,15.561142857142856,23.292857142857144,97.448,3.2194285714285718
2024-11-27,-3.555428571428571,-1.9634285714285713,-4.984571428571429,87.84771428571429,-5.635142857142857,2.593714285714286,3.5517142857142856,0.0,15.698571428571427,29.770285714285716,90.24342857142857,4.054857142857142
2024-11-28,-4.013142857142857,-2.7171428571428575,-5.129714285714286,89.3,-5.869428571428571,2.189714285714286,3.165142857142857,0.0,16.23485714285714,28.487714285714283,93.64828571428572,3.571714285714286
2024-11-29,-4.711142857142857,-3.282,-6.0848571428571425,90.44314285714286,-6.400857142857143,2.3582857142857145,3.0842857142857145,0.0,17.867428571428572,29.402571428571427,95.678,3.9097142857142857
2024-11-30,-5.311428571428571,-3.658285714285714,-6.687714285714286,91.554,-6.843714285714285,1.875714285714286,2.7734285714285716,0.0,18.33885714285714,29.34257142857143,94.234,3.8388571428571434
2024-12-01,-5.607142857142857,-3.616,-7.429714285714287,91.83914285714286,-7.127714285714286,1.3111428571428572,2.035428571428571,0.0,18.558857142857143,29.54114285714286,92.598,3.5022857142857142
2024-12-02,-7.353714285714285,-4.3022857142857145,-10.020285714285714,91.14714285714285,-8.945714285714287,0.6054285714285714,0.7134285714285714,0.0,18.665714285714284,31.57057142857143,89.518,3.1585714285714284
2024-12-03,-10.712285714285715,-7.912285714285715,-13.124,89.74600000000001,-12.417714285714286,1.1974285714285715,1.8937142857142857,0.0,18.645142857142854,35.036857142857144,84.14714285714285,2.6622857142857144
2024-12-04,-9.469999999999999,-6.073142857142857,-12.743428571428572,93.77571428571429,-10.646857142857142,3.682857142857143,5.3668571428571425,0.0,18.87514285714286,23.124285714285715,92.72571428571429,3.8971428571428572
2024-12-05,-9.582285714285714,-6.774285714285714,-12.734,94.19914285714285,-10.725428571428571,1.2365714285714287,1.9422857142857144,0.0,19.290857142857142,32.64228571428571,79.98485714285715,4.6891428571428575
2024-12-06,-12.695714285714287,-10.182,-15.365714285714285,92.13742857142857,-14.068,0.6874285714285714,1.2574285714285713,0.0,19.274857142857144,36.41542857142857,71.96971428571429,3.287142857142857
2024-12-07,-12.190285714285714,-8.028571428571428,-15.718,94.78228571428572,-13.17457142857143,3.4505714285714286,5.166,0.0,19.4,25.030857142857144,84.06342857142856,2.78
2024-12-08,-11.069142857142857,-7.333714285714286,-14.814285714285715,96.25,-11.867428571428572,1.110857142857143,1.7368571428571429,0.0,19.85942857142857,41.005428571428574,71.28942857142857,3.1354285714285712
2024-12-09,-12.773714285714286,-9.323714285714285,-15.279714285714284,97.08057142857143,-13.439142857142857,3.1922857142857146,4.319428571428571,0.0,20.21,22.042857142857144,86.38542857142858,3.012857142857143
2024-12-10,-10.019428571428572,-7.498,-12.955714285714285,97.99142857142857,-10.564,0.9091428571428571,1.0562857142857143,0.0,20.94542857142857,29.736857142857144,83.37342857142858,2.408857142857143
2024-12-11,-14.005428571428572,-10.731142857142856,-16.925714285714285,97.234,-14.54342857142857,1.1074285714285714,1.1002857142857143,0.0071428571428571175,20.942285714285713,33.21942857142857,79.67514285714286,2.726571428571429
2024-12-12,-18.054,-14.191142857142857,-21.357142857142858,94.92428571428572,-18.834857142857143,1.0405714285714287,1.8142857142857143,0.0,21.063142857142857,34.91457142857143,71.19542857142858,4.488285714285714
2024-12-13,-16.519714285714283,-12.883714285714285,-20.10571428571429,94.19657142857143,-17.496285714285715,0.30428571428571427,0.5577142857142857,0.0,21.063142857142857,42.645999999999994,53.214285714285715,3.790857142857143
2024-12-14,-12.517428571428573,-5.931714285714286,-18.069714285714287,94.18257142857142,-13.644,0.14485714285714285,0.08828571428571429,0.056571428571428564,20.869142857142855,37.32,59.50371428571429,3.3414285714285716
2024-12-15,-4.885428571428572,-1.7325714285714287,-7.448857142857142,96.19285714285714,-5.7865714285714285,0.3085714285714286,0.4362857142857143,0.0,20.63142857142857,22.241714285714288,90.90285714285714,3.343714285714286
2024-12-16,-1.9365714285714286,-0.3317142857142858,-3.9114285714285715,98.89057142857143,-2.277142857142857,3.8937142857142857,4.707142857142857,0.0,20.758857142857142,14.223714285714285,96.39828571428572,3.0574285714285714
2024-12-17,-4.622571428571429,-1.2322857142857144,-8.402857142857144,96.57514285714286,-5.378285714285714,1.8679999999999999,1.949142857142857,0.0,21.286285714285714,22.555142857142854,93.28571428571429,3.9797142857142855
2024-12-18,-12.044,-8.097428571428571,-15.691714285714287,96.204,-12.787142857142857,0.696,0.7668571428571429,0.0,21.29171428571429,29.78514285714286,83.29914285714287,3.1785714285714284
2024-12-19,-18.858,-15.036857142857142,-22.63142857142857,92.32114285714286,-20.02,0.26285714285714284,0.17800000000000002,0.08485714285714283,21.236,43.35914285714286,59.65457142857142,2.688285714285714
2024-12-20,-19.24857142857143,-16.52542857142857,-22.15257142857143,92.19171428571428,-20.428,0.2537142857142857,0.4577142857142857,0.0,21.134285714285717,45.657714285714285,50.84457142857143,2.9074285714285715
2024-12-21,-23.223142857142857,-17.33657142857143,-27.813714285714287,94.27057142857143,-23.96485714285714,0.18485714285714286,0.18085714285714286,0.0040000000000000036,21.021714285714285,50.62542857142857,37.44828571428572,3.014
2024-12-22,-17.268,-10.817142857142859,-22.034285714285716,93.92057142857142,-18.251714285714286,0.378,0.496,0.0,20.955428571428573,36.32228571428571,62.30542857142857,2.560285714285714
2024-12-23,-11.782857142857143,-7.940857142857143,-16.299714285714288,95.794,-12.694857142857142,1.4037142857142857,2.0722857142857145,0.0,21.077142857142857,24.898285714285716,90.85,2.9614285714285717
2024-12-24,-11.648571428571428,-6.350285714285714,-17.15742857142857,96.72514285714286,-12.398285714285715,0.48828571428571427,0.6599999999999999,0.0,21.04171428571429,39.460571428571434,66.02628571428572,2.966
2024-12-25,-6.797714285714286,-2.886285714285714,-9.790857142857144,95.99057142857143,-7.774571428571429,0.2742857142857143,0.252,0.022285714285714298,20.941714285714287,25.556857142857144,85.99000000000001,2.694857142857143
2024-12-26,-3.9959999999999996,-1.2708571428571427,-6.104571428571428,96.7597142857143,-4.768857142857143,0.23228571428571432,0.2937142857142857,0.0,20.765714285714285,25.292285714285715,95.24600000000001,3.1674285714285713
2024-12-27,-2.154,-0.17142857142857143,-4.123428571428572,97.58085714285714,-2.6997142857142857,0.6274285714285714,0.7828571428571428,0.0,20.432,20.713428571428572,93.65657142857143,2.8605714285714288
2024-12-28,-0.9154285714285714,0.712857142857143,-2.7377142857142855,98.68371428571429,-1.2028571428571428,4.252857142857143,2.88,1.3728571428571428,19.562857142857144,16.69857142857143,95.58514285714286,2.766
2024-12-29,-1.492,0.5565714285714286,-3.4834285714285715,98.91828571428572,-1.7834285714285716,3.536857142857143,2.082857142857143,1.4539999999999997,20.161714285714286,19.0,94.88228571428571,2.3322857142857143
2024-12-30,-3.7359999999999998,-1.5314285714285714,-5.685142857142857,97.54314285714287,-4.3757142857142854,3.7148571428571433,3.0705714285714287,0.6442857142857146,20.838285714285714,20.324,96.07628571428572,3.4074285714285715
2024-12-31,-5.0608571428571425,-2.978285714285714,-7.520857142857143,95.75142857142858,-6.047428571428571,0.7962857142857143,1.1274285714285714,0.0,21.223714285714287,26.528285714285715,86.35371428571429,3.178285714285714
2025-01-01,-7.645714285714287,-5.238571428571428,-9.960857142857142,96.30114285714285,-8.57542857142857,0.9917142857142858,1.296857142857143,0.0,21.331142857142858,30.348285714285716,85.66028571428572,3.1871428571428573
2025-01-02,-11.901142857142858,-9.275428571428572,-14.358571428571429,93.91171428571428,-13.088857142857144,0.5522857142857144,0.5605714285714286,0.0,21.39085714285714,34.55942857142857,78.38514285714285,3.8305714285714285
2025-01-03,-17.22657142857143,-13.87342857142857,-19.561999999999998,93.04685714285714,-18.338857142857144,0.7231428571428572,1.108857142857143,0.0,21.373142857142856,35.83542857142857,75.83,4.824
2025-01-04,-20.138857142857145,-16.900285714285715,-22.591714285714286,93.64114285714285,-21.08142857142857,1.4074285714285715,2.2394285714285713,0.0,21.706285714285716,39.943714285714286,62.82057142857142,5.958
2025-01-05,-17.63742857142857,-14.244285714285715,-20.59342857142857,94.20028571428573,-18.545428571428573,0.7465714285714286,1.3622857142857143,0.0,22.09742857142857,45.292,59.16428571428571,4.859714285714285
2025-01-06,-18.796857142857142,-14.98742857142857,-21.875714285714285,95.29457142857143,-19.528000000000002,0.18857142857142856,0.38771428571428573,0.0,22.094571428571427,44.244,56.228,3.1222857142857143
2025-01-07,-20.657999999999998,-16.994857142857143,-24.191428571428574,95.25742857142858,-21.333714285714287,0.19142857142857142,0.2622857142857143,0.0,22.034000000000002,48.55914285714285,53.43742857142857,3.7688571428571427
2025-01-08,-22.322857142857142,-17.060000000000002,-26.429714285714283,93.97742857142858,-23.170285714285715,0.2734285714285714,0.4145714285714286,0.0,22.002857142857142,52.17057142857143,49.66057142857142,3.408285714285714
2025-01-09,-15.47657142857143,-9.238285714285714,-20.82371428571429,94.11628571428572,-16.487714285714286,0.9614285714285714,1.408857142857143,0.0,22.132,45.91142857142857,65.82,3.3325714285714287
2025-01-10,-11.893142857142857,-7.416285714285714,-16.288857142857143,94.70028571428573,-12.960857142857142,1.0037142857142856,1.3654285714285714,0.0,22.582857142857144,33.90714285714286,78.95142857142858,2.6294285714285714
2025-01-11,-14.447714285714286,-11.213714285714286,-16.92457142857143,94.96828571428571,-15.33742857142857,0.6082857142857142,1.1397142857142857,0.0,22.751714285714286,35.67028571428572,87.31542857142857,1.921142857142857
2025-01-12,-15.845714285714287,-13.167428571428571,-18.421714285714284,96.49885714285715,-16.532,0.9828571428571428,1.6665714285714286,0.0,22.796285714285716,35.366,78.05828571428572,2.212
2025-01-13,-15.472857142857142,-12.421714285714286,-17.974285714285713,96.78342857142857,-16.079428571428572,1.8154285714285714,2.5162857142857145,0.0,23.215999999999998,38.51685714285714,71.92542857142857,3.4897142857142858
2025-01-14,-16.814285714285713,-14.082285714285714,-19.525142857142857,95.55057142857143,-17.58942857142857,0.6491428571428571,1.0111428571428571,0.0,23.654,44.79828571428572,79.35342857142857,3.552285714285714
2025-01-15,-16.643714285714285,-9.945142857142857,-21.113142857142858,96.272,-17.34342857142857,0.6577142857142857,1.138,0.0,23.70542857142857,39.94771428571429,70.16371428571429,3.782
2025-01-16,-10.089714285714285,-7.219714285714286,-12.914571428571428,96.91714285714285,-10.92457142857143,1.0485714285714287,1.8205714285714285,0.0,24.03542857142857,33.81971428571429,90.39514285714286,3.933142857142857
2025-01-17,-10.894857142857143,-5.497142857142857,-16.102857142857143,96.80114285714285,-11.639714285714286,2.8042857142857143,3.938285714285714,0.0,24.57257142857143,28.56742857142857,93.87599999999999,3.719142857142857
2025-01-18,-16.34485714285714,-8.656571428571429,-21.596285714285713,96.20114285714286,-16.958571428571428,1.241142857142857,1.9597142857142857,0.0,25.542857142857144,47.47942857142857,73.03257142857143,5.485428571428572
2025-01-19,-25.924285714285716,-21.378857142857143,-29.79542857142857,94.70428571428572,-26.598285714285716,0.3197142857142857,0.4065714285714286,0.0,25.52857142857143,64.22428571428571,36.94714285714286,3.4962857142857144
2025-01-20,-30.65,-26.26742857142857,-34.72485714285714,95.198,-31.15228571428571,0.33085714285714285,0.49628571428571433,0.0,25.56714285714286,68.69914285714285,30.93142857142857,3.374857142857143
2025-01-21,-28.56885714285714,-22.494285714285713,-32.59885714285714,96.14571428571428,-28.947714285714284,0.348,0.6765714285714286,0.0,25.600571428571428,69.56028571428571,30.107142857142858,3.6185714285714288
2025-01-22,-21.295714285714286,-16.689714285714285,-26.143428571428572,96.80428571428571,-21.790285714285712,0.9105714285714286,1.243142857142857,0.0,25.692,60.741428571428564,53.55942857142857,3.4594285714285715
2025-01-23,-19.547142857142855,-15.746857142857143,-23.800285714285714,97.13857142857142,-20.025142857142857,0.7337142857142857,0.9405714285714286,0.0,25.927714285714288,63.81742857142857,55.54342857142857,3.408857142857143
2025-01-24,-19.344285714285714,-13.277714285714286,-23.487428571428573,96.21914285714286,-19.95485714285714,0.24457142857142858,0.41257142857142853,0.0,25.936285714285713,65.49514285714285,45.43885714285714,3.291142857142857
2025-01-25,-12.259714285714285,-8.61142857142857,-16.337714285714288,96.19371428571428,-13.134571428571428,1.0745714285714285,1.4271428571428573,0.0,26.057714285714287,48.77742857142857,85.16657142857143,4.1165714285714285
2025-01-26,-13.30257142857143,-7.280571428571428,-17.398285714285716,95.68,-14.201714285714285,0.9208571428571429,1.459142857142857,0.0,26.24085714285714,55.88142857142858,75.58085714285714,4.6651428571428575
2025-01-27,-9.446857142857143,-3.907428571428571,-15.883142857142856,94.54885714285714,-10.540285714285714,2.382285714285714,3.7468571428571424,0.0,26.84285714285714,56.38457142857143,80.27542857142856,7.068
2025-01-28,-17.69742857142857,-13.396571428571429,-21.571714285714286,95.03514285714286,-18.502285714285716,1.668857142857143,3.068,0.0,27.282285714285713,59.504285714285714,61.626285714285714,3.834571428571429
2025-01-29,-19.76,-16.132285714285715,-23.67457142857143,96.28771428571429,-20.37142857142857,0.6325714285714286,0.9848571428571429,0.0,27.675428571428572,66.71457142857143,70.74657142857143,4.017142857142857
2025-01-30,-17.515714285714285,-11.234857142857143,-23.333714285714283,95.57742857142857,-18.306285714285714,0.8131428571428572,0.7948571428571428,0.01828571428571435,27.679714285714283,60.604285714285716,67.29457142857143,2.5814285714285714
2025-01-31,-18.656000000000002,-12.84,-23.513428571428573,97.85171428571428,-19.046285714285716,0.5302857142857144,0.5125714285714286,0.017714285714285793,27.95657142857143,66.76657142857142,70.85457142857142,3.036285714285714
2025-02-01,-23.15685714285714,-15.613714285714286,-29.031428571428574,95.77657142857143,-23.709142857142858,0.1977142857142857,0.17285714285714285,0.024857142857142855,27.775714285714287,85.07714285714285,44.40685714285714,3.290285714285714
2025-02-02,-14.503142857142857,-9.042285714285715,-19.987142857142857,96.33971428571428,-15.26,1.448,2.5254285714285714,0.0,27.90885714285714,50.80942857142857,77.63000000000001,3.294285714285714
2025-02-03,-12.151428571428571,-7.908285714285715,-15.414857142857143,98.06942857142857,-12.65542857142857,1.4122857142857144,2.566857142857143,0.0,28.539428571428573,59.474000000000004,83.44714285714286,3.9871428571428575
2025-02-04,-18.13142857142857,-14.52657142857143,-21.16657142857143,95.85,-18.797714285714285,0.32457142857142857,0.6108571428571429,0.0,28.52942857142857,85.12971428571429,62.36085714285715,4.2868571428571425
2025-02-05,-18.44542857142857,-13.166285714285713,-22.394857142857145,95.09314285714287,-19.19685714285714,0.21,0.34171428571428575,0.0,28.334,88.57085714285715,44.77942857142857,3.7199999999999998
2025-02-06,-11.99542857142857,-8.598,-15.132285714285715,96.95142857142858,-12.79,2.9162857142857144,4.439714285714286,0.0,28.87028571428571,47.63314285714286,94.88628571428572,3.5414285714285714
2025-02-07,-12.700857142857142,-9.341142857142858,-15.262285714285714,94.45857142857143,-13.817142857142859,0.6402857142857142,0.8405714285714285,0.0,29.626,72.948,79.99428571428572,4.9151428571428575
2025-02-08,-15.417428571428571,-12.29342857142857,-18.83,95.43828571428571,-16.24085714285714,0.2551428571428571,0.6302857142857142,0.0,29.415714285714284,63.91885714285714,84.50828571428572,2.8002857142857143
2025-02-09,-16.70942857142857,-13.452285714285713,-20.22342857142857,96.40228571428571,-17.354285714285712,0.5428571428571428,1.085142857142857,0.0,29.298857142857145,71.47971428571428,83.65857142857143,2.708285714285714
2025-02-10,-18.000285714285713,-14.157714285714285,-22.167428571428573,95.17657142857142,-18.78057142857143,0.2997142857142857,0.46371428571428575,0.0,29.18914285714286,81.91057142857143,71.94485714285715,2.9005714285714284
2025-02-11,-20.487142857142857,-16.339714285714287,-24.931428571428572,95.94342857142857,-21.098285714285712,0.17285714285714285,0.376,0.0,29.063714285714287,101.48714285714286,46.383428571428574,2.858
2025-02-12,-21.191428571428574,-15.64457142857143,-25.83742857142857,95.65057142857142,-21.815714285714286,0.28400000000000003,0.6394285714285713,0.0,28.905142857142856,101.84885714285714,40.42371428571428,2.674
2025-02-13,-19.875999999999998,-15.271714285714285,-24.58028571428571,97.57657142857143,-20.29514285714286,1.8979999999999997,3.8951428571428575,0.0,29.15142857142857,96.30857142857144,60.19542857142858,3.0931428571428574
2025-02-14,-21.049714285714288,-16.024285714285714,-26.171142857142858,95.704,-21.71914285714286,0.202,0.24485714285714286,0.0,29.158285714285714,106.73714285714286,43.20314285714286,2.9254285714285713
2025-02-15,-19.940285714285714,-15.346285714285715,-24.590285714285713,96.57514285714286,-20.48257142857143,0.6394285714285713,1.5637142857142856,0.0,29.06742857142857,96.59228571428571,66.18514285714286,2.5534285714285714
2025-02-16,-21.73085714285714,-17.29342857142857,-25.944857142857146,98.23771428571429,-21.990857142857145,1.5642857142857143,3.5297142857142854,0.0,29.21542857142857,82.39971428571428,69.68914285714285,3.6211428571428574
2025-02-17,-22.402,-19.379142857142856,-25.178285714285714,96.87028571428571,-22.805714285714288,0.8997142857142857,1.114857142857143,0.0,29.518000000000004,95.20800000000001,76.27857142857142,4.6817142857142855
2025-02-18,-20.573428571428572,-17.67457142857143,-23.139714285714284,96.98857142857143,-20.976,1.2025714285714286,1.8251428571428572,0.0,29.817142857142855,93.38257142857142,84.06628571428571,4.911428571428572
2025-02-19,-18.223142857142857,-14.442857142857143,-21.173142857142857,97.32771428571428,-18.701142857142855,0.5,0.898,0.0,30.04942857142857,101.5997142857143,69.89828571428572,3.163142857142857
2025-02-20,-16.74685714285714,-12.695714285714287,-20.39428571428571,97.43228571428571,-17.28542857142857,0.2137142857142857,0.5045714285714286,0.0,29.903428571428567,112.10714285714286,55.434000000000005,3.022
2025-02-21,-15.616000000000001,-8.999142857142857,-21.010285714285715,96.89771428571429,-16.249714285714287,0.09485714285714285,0.11542857142857144,0.0,29.6,122.4662857142857,40.602,3.3497142857142856
2025-02-22,-10.712571428571428,-7.248571428571429,-14.136571428571427,97.04057142857143,-11.513428571428571,0.5957142857142858,0.9917142857142858,0.0,29.300285714285714,81.99428571428572,76.53742857142856,3.7211428571428575
2025-02-23,-11.947142857142858,-5.075428571428572,-18.063714285714287,96.92285714285715,-12.623714285714286,0.42742857142857144,0.5614285714285714,0.0,29.15685714285714,97.45485714285715,75.552,2.868
2025-02-24,-4.124,-0.5794285714285715,-9.401142857142856,97.49714285714286,-4.715428571428571,3.4665714285714286,5.202571428571429,0.0,29.223428571428574,65.54285714285714,92.27457142857143,5.042285714285715
2025-02-25,-9.436571428571428,-3.9557142857142855,-14.401142857142858,97.17142857142858,-10.052571428571428,0.8957142857142857,0.6777142857142857,0.21799999999999997,28.23857142857143,96.46485714285714,78.32142857142857,2.630857142857143
2025-02-26,-9.080285714285715,-4.384285714285714,-14.004285714285714,96.83342857142857,-9.80857142857143,0.7248571428571429,1.0254285714285714,0.0,28.16342857142857,108.47542857142857,74.34485714285715,2.0994285714285716
2025-02-27,-10.712,-6.308857142857143,-15.418,96.72628571428572,-11.407142857142857,1.7902857142857143,2.614,0.0,28.433142857142855,112.91057142857143,71.6782857142857,3.1297142857142854
2025-02-28,-17.272285714285715,-12.411714285714286,-22.82257142857143,95.03228571428572,-18.103142857142856,2.822,4.325714285714286,0.0,29.184857142857144,115.29828571428571,63.89228571428571,3.981714285714286
2025-03-01,-17.959714285714288,-12.673714285714285,-22.315142857142856,94.97114285714285,-18.711142857142857,0.7725714285714286,0.894,0.0,29.71485714285714,143.16657142857142,42.103428571428566,4.616285714285714
2025-03-02,-17.41057142857143,-10.136,-23.331142857142858,94.17228571428572,-18.347142857142856,0.192,0.38199999999999995,0.0,29.530285714285714,138.41942857142857,48.95428571428572,2.714
2025-03-03,-9.59057142857143,-3.0988571428571428,-14.562000000000001,94.68685714285714,-10.676857142857143,0.56,0.948,0.0,29.29485714285714,118.92628571428571,75.43657142857143,2.4028571428571426
2025-03-04,-6.589428571428571,-3.1517142857142857,-9.780857142857142,96.13199999999999,-7.457142857142857,0.728,1.362,0.0,28.917142857142856,91.94,88.23828571428572,2.848857142857143
2025-03-05,-9.232857142857142,-5.089428571428571,-12.41342857142857,96.91085714285714,-9.914857142857143,3.564,3.951428571428572,0.0,28.77457142857143,90.21685714285715,86.08257142857143,3.298285714285714
2025-03-06,-11.441142857142857,-6.789428571428571,-15.610285714285714,95.18971428571429,-12.382,2.5359999999999996,2.6239999999999997,0.0,29.751714285714286,117.94171428571428,76.12457142857143,4.202857142857143
2025-03-07,-12.317142857142859,-8.772857142857143,-15.71142857142857,92.04342857142858,-13.82942857142857,0.4642857142857143,0.772,0.0,29.93885714285714,150.20914285714284,58.768571428571434,3.8791428571428574
2025-03-08,-11.617428571428572,-6.505142857142857,-16.638285714285715,92.85371428571429,-12.995142857142858,0.5894285714285714,1.1042857142857143,0.0,29.72485714285714,142.61057142857143,56.531142857142854,3.432
2025-03-09,-9.046000000000001,-4.114857142857143,-14.29742857142857,93.85857142857144,-10.281428571428572,1.0965714285714288,1.9954285714285716,0.0,29.60742857142857,122.72628571428572,77.27085714285714,3.0294285714285714
2025-03-10,-8.86142857142857,-4.113142857142857,-13.776000000000002,93.75514285714286,-10.089428571428572,1.6522857142857141,2.640857142857143,0.0,29.587999999999997,127.05885714285712,76.23542857142857,2.916857142857143
2025-03-11,-12.320571428571428,-6.192,-17.612857142857145,91.65057142857142,-13.736285714285714,0.8111428571428572,1.456,0.0,29.710857142857147,169.67342857142856,53.94085714285715,4.444857142857143
2025-03-12,-11.936857142857141,-4.804571428571428,-17.258857142857142,88.81971428571428,-13.922571428571429,0.21742857142857142,0.424,0.0,29.118285714285715,154.49942857142855,64.33914285714286,2.6554285714285712
2025-03-13,-7.484857142857144,-2.6354285714285712,-11.919714285714285,92.86428571428571,-8.886857142857144,0.29828571428571427,0.5554285714285715,0.0,28.732,163.42514285714287,70.90942857142856,2.753142857142857
2025-03-14,-6.102571428571428,0.5345714285714286,-11.590285714285713,91.94828571428572,-7.614571428571428,1.6262857142857143,2.184285714285714,0.0,27.686571428571426,124.41142857142856,79.02171428571428,2.98
2025-03-15,-0.9525714285714285,2.706571428571429,-4.464,95.59571428571428,-1.7962857142857145,5.788,6.6648571428571435,0.0,25.166285714285717,84.51628571428571,94.51485714285714,4.51
2025-03-16,-5.273714285714285,0.4788571428571428,-10.307142857142857,91.95942857142857,-6.663428571428572,4.431714285714286,2.5131428571428573,1.918571428571429,22.546285714285716,122.15914285714285,82.41771428571428,5.240857142857143
2025-03-17,-8.64257142857143,-2.929142857142857,-13.648857142857143,86.96371428571429,-10.967428571428572,0.5597142857142857,0.7571428571428571,0.0,23.842285714285715,184.36542857142857,43.67628571428572,3.2294285714285715
2025-03-18,-5.372857142857143,0.984,-10.512571428571428,89.92685714285714,-7.282,0.6294285714285714,0.9454285714285715,0.0,22.176,163.34828571428574,60.655142857142856,2.8174285714285716
2025-03-19,-3.7602857142857147,1.0754285714285714,-8.058857142857143,90.77142857142857,-5.529714285714285,0.5142857142857142,0.7151428571428572,0.0,21.764857142857142,167.75199999999998,63.34028571428571,2.9034285714285715
2025-03-20,-4.992857142857143,0.00885714285714277,-10.066571428571429,89.314,-6.967142857142857,2.1848571428571426,2.5771428571428574,0.0,21.853428571428573,152.6897142857143,68.35771428571428,3.789142857142857
2025-03-21,-7.387714285714286,-0.8491428571428572,-13.295714285714286,86.82485714285714,-9.77657142857143,1.234,1.8428571428571427,0.0,23.196285714285715,172.94314285714287,64.29485714285715,4.370285714285714
2025-03-22,-12.619428571428571,-6.915714285714286,-17.436,84.03857142857143,-15.184571428571429,0.6082857142857142,0.696,0.0,23.466857142857144,187.124,51.68742857142857,3.991428571428571
2025-03-23,-10.314,-3.1525714285714286,-16.088857142857144,82.86942857142857,-13.165142857142857,0.9008571428571429,1.5611428571428572,0.0,23.233999999999998,191.07885714285715,53.268857142857144,2.3497142857142856
2025-03-24,-6.091142857142857,-2.6502857142857144,-9.217428571428572,90.724,-7.803142857142857,2.509142857142857,3.220285714285714,0.0,24.306,147.65057142857145,85.19342857142857,3.3394285714285714
2025-03-25,-5.952571428571429,-1.3848571428571428,-9.94,90.75399999999999,-7.647142857142857,0.7431428571428571,0.8468571428571429,0.0,24.344571428571427,171.06057142857142,81.26628571428571,2.832857142857143
2025-03-26,-4.192571428571429,0.7865714285714286,-9.385142857142858,88.94714285714286,-6.16,0.9734285714285714,1.2162857142857142,0.0,23.96314285714286,182.35714285714286,66.68542857142856,3.188
2025-03-27,-6.735428571428572,-0.9282857142857142,-11.364857142857142,87.33914285714286,-9.09542857142857,1.0839999999999999,1.719142857142857,0.0,23.612571428571428,193.37885714285716,69.83571428571429,3.6951428571428573
2025-03-28,-9.889714285714286,-5.801714285714286,-13.714571428571428,87.46514285714287,-11.999714285714285,1.4225714285714286,2.553714285714286,0.0,23.513714285714286,171.3962857142857,64.72628571428572,2.645142857142857
2025-03-29,-9.846857142857143,-4.4,-15.297714285714285,89.6377142857143,-11.579142857142857,2.1462857142857144,4.305714285714285,0.0,23.178571428571427,197.53285714285713,58.214571428571425,2.982285714285714
2025-03-30,-8.254,-3.9197142857142855,-12.153428571428572,90.59685714285713,-9.936285714285713,1.802,2.9057142857142857,0.0,22.633714285714287,160.08342857142858,75.76685714285715,2.9085714285714284
2025-03-31,-7.447142857142857,-3.2257142857142855,-11.434285714285714,90.84714285714286,-9.165714285714285,2.5245714285714285,3.0957142857142856,0.0,22.874000000000002,188.34371428571427,75.45542857142857,3.725142857142857
2025-04-01,-10.981428571428571,-4.889142857142858,-17.018857142857144,85.38914285714286,-13.668285714285714,0.16285714285714287,0.18742857142857142,0.0,22.839142857142857,241.8437142857143,36.46514285714286,2.645142857142857
2025-04-02,-6.910857142857143,-0.7985714285714286,-11.788,88.46742857142857,-8.929142857142857,1.8574285714285717,3.4017142857142857,0.0,22.71742857142857,170.28485714285716,63.21,3.7362857142857147
2025-04-03,-1.564857142857143,2.2091428571428575,-5.364571428571428,92.88314285714286,-2.934285714285714,5.286,4.621714285714286,0.6642857142857137,23.168857142857142,143.25485714285713,90.36771428571429,4.260857142857143
2025-04-04,-1.608,3.410285714285714,-6.687714285714286,88.41314285714286,-3.797428571428571,0.36942857142857144,0.4348571428571429,0.0,22.2,200.51885714285714,66.19342857142857,2.5780000000000003
2025-04-05,-2.1765714285714286,1.381142857142857,-4.865142857142857,90.39114285714285,-3.9131428571428573,1.4997142857142858,0.9971428571428571,0.5025714285714287,20.944857142857146,138.528,90.10685714285714,2.9922857142857144
2025-04-06,-5.604571428571428,-2.794857142857143,-8.634,83.36857142857143,-8.672285714285714,0.5722857142857143,0.8645714285714287,0.0,20.815142857142856,193.44457142857144,76.91371428571429,3.4114285714285715
2025-04-07,-9.322857142857144,-5.605142857142857,-12.791714285714287,83.74285714285715,-12.151714285714286,0.8691428571428572,1.714,0.0,20.60457142857143,220.52285714285713,59.85085714285714,3.884571428571429
2025-04-08,-10.389142857142858,-4.542,-15.720285714285716,81.568,-13.491999999999999,0.2957142857142857,0.48028571428571426,0.0,21.444857142857142,238.8322857142857,47.49971428571428,3.4179999999999997
2025-04-09,-6.686,-0.08828571428571433,-12.583142857142859,80.82257142857142,-10.06257142857143,0.08114285714285714,0.09428571428571428,0.0,20.492857142857144,247.53485714285713,45.118,2.4834285714285715
2025-04-10,-2.9402857142857144,3.7962857142857143,-8.84142857142857,84.61685714285714,-5.789714285714285,0.1702857142857143,0.10171428571428572,0.06857142857142857,19.506857142857143,241.23,39.30457142857143,2.1674285714285713
2025-04-11,1.0908571428571427,6.205714285714286,-3.271142857142857,84.526,-1.7965714285714287,0.30257142857142855,0.3568571428571429,0.0,17.456857142857142,225.5397142857143,50.373999999999995,2.3145714285714285
2025-04-12,3.0102857142857142,8.59542857142857,-0.9677142857142856,83.7657142857143,0.01542857142857143,0.4585714285714286,0.26171428571428573,0.19685714285714284,13.905714285714286,207.38257142857142,53.294,2.583142857142857
2025-04-13,3.8785714285714286,9.463142857142858,-0.5097142857142857,82.58257142857143,0.6445714285714287,0.892,0.7022857142857143,0.18971428571428572,11.390857142857143,188.11228571428572,64.61200000000001,2.597714285714286
2025-04-14,2.1839999999999997,6.171142857142858,-0.7028571428571428,86.54142857142857,-0.14714285714285716,5.493714285714286,3.533714285714286,1.96,12.740857142857143,86.428,95.17028571428571,3.9048571428571432
2025-04-15,-1.3677142857142859,2.580857142857143,-4.325714285714286,83.09428571428572,-4.266571428571429,2.3725714285714288,2.1542857142857144,0.21828571428571442,13.533714285714284,168.18771428571426,82.57857142857142,5.121714285714286
2025-04-16,-2.892857142857143,2.7842857142857143,-7.397714285714287,75.78228571428572,-7.271428571428571,0.4397142857142857,0.386,0.053714285714285714,15.462285714285713,231.69914285714287,55.476285714285716,3.908285714285714
2025-04-17,-1.0828571428571427,5.440285714285714,-5.944285714285715,79.35314285714286,-5.005714285714285,1.8182857142857143,1.270857142857143,0.5474285714285714,13.684571428571427,211.428,67.83428571428571,2.524857142857143
2025-04-18,0.6068571428571429,4.998857142857143,-2.567714285714286,86.95,-1.6385714285714286,3.6214285714285714,2.3665714285714285,1.254857142857143,13.955428571428572,129.804,95.06314285714286,3.178
2025-04-19,-0.024571428571428605,4.367714285714285,-4.013714285714285,82.42742857142858,-3.1285714285714286,2.124,0.9854285714285714,1.1385714285714288,13.931142857142856,182.03857142857143,82.784,3.189142857142857
2025-04-20,0.8811428571428571,8.252285714285714,-5.428571428571429,76.39828571428572,-3.726571428571429,0.12371428571428572,0.033999999999999996,0.08971428571428572,13.751714285714286,269.4531428571429,45.584,2.9560000000000004
2025-04-21,3.2191428571428573,7.685142857142858,-0.43857142857142856,81.80142857142856,0.059142857142857115,3.2262857142857144,1.614,1.6122857142857143,11.198857142857142,155.22314285714285,87.42457142857143,3.2922857142857143
2025-04-22,2.6068571428571428,7.1648571428571435,-1.3425714285714285,82.03428571428572,-0.6205714285714286,2.1582857142857144,1.016,1.1422857142857143,10.276857142857143,195.01057142857144,85.352,3.5145714285714287
2025-04-23,2.966,9.381428571428572,-1.8560000000000003,80.72571428571429,-0.6385714285714286,1.7231428571428573,0.36599999999999994,1.3571428571428574,10.352285714285713,216.38314285714284,67.40142857142858,2.2157142857142857
2025-04-24,4.611714285714285,11.255714285714285,-0.4302857142857142,81.13000000000001,1.0842857142857143,1.9120000000000001,0.5308571428571428,1.3811428571428572,10.021714285714285,192.26057142857144,75.776,2.0497142857142854
2025-04-25,5.077714285714285,10.202,0.7725714285714287,81.41542857142856,1.6765714285714286,1.5382857142857145,0.08342857142857142,1.454857142857143,8.120571428571427,184.18971428571427,80.69971428571428,2.2505714285714284
2025-04-26,6.138000000000001,13.786285714285714,-0.2865714285714286,75.32428571428571,1.2065714285714284,2.0548571428571427,0.8394285714285715,1.2154285714285713,7.195428571428571,241.46,42.778,3.5125714285714285
2025-04-27,7.385428571428572,15.177428571428573,0.5174285714285715,72.84057142857144,2.025142857142857,0.4631428571428572,0.013714285714285714,0.44942857142857146,4.525142857142857,239.4937142857143,38.17657142857143,3.121142857142857
2025-04-28,7.476571428571429,13.442571428571428,2.145142857142857,79.06314285714286,3.484571428571429,5.116285714285714,0.154,4.962285714285714,3.874,158.0202857142857,85.61285714285714,3.3685714285714288
2025-04-29,2.3105714285714285,9.332,-3.3320000000000003,71.04628571428572,-2.724857142857143,7.598571428571428,3.092857142857143,4.505714285714285,10.46542857142857,179.136,85.72342857142857,4.823714285714285
2025-04-30,1.344857142857143,8.058000000000002,-4.143428571428572,69.68742857142857,-4.098,0.6277142857142857,0.06999999999999999,0.5577142857142857,12.118285714285713,219.01714285714286,67.20771428571429,3.0722857142857145
2025-05-01,2.4817142857142858,7.63,-1.7097142857142857,79.86742857142858,-1.0431428571428574,1.884,0.3542857142857143,1.5297142857142856,12.516857142857143,174.5442857142857,86.322,2.832857142857143
2025-05-02,2.4254285714285713,8.073142857142857,-2.19,74.984,-2.1585714285714284,3.2948571428571425,1.9725714285714284,1.322285714285714,11.837714285714286,200.47542857142858,74.75542857142857,2.970857142857143
2025-05-03,4.274,10.765714285714287,-0.7645714285714286,77.3,0.21257142857142858,1.066,0.3,0.766,10.773142857142856,214.82628571428572,66.91085714285714,2.8385714285714285
2025-05-04,6.0688571428571425,14.751428571428571,-0.8311428571428571,71.70628571428571,0.5,0.1562857142857143,0.054857142857142854,0.10142857142857145,8.521714285714285,272.3014285714286,39.16171428571429,2.724285714285714
2025-05-05,11.291142857142857,20.598857142857145,3.7031428571428577,69.60714285714286,5.104285714285714,0.12971428571428573,0.00028571428571428574,0.12942857142857145,3.7791428571428574,274.102,28.43114285714286,3.7140000000000004
2025-05-06,9.932571428571428,17.123428571428573,5.0602857142857145,77.65714285714286,5.7625714285714285,1.8968571428571428,0.6582857142857143,1.2385714285714284,2.0782857142857147,179.7462857142857,67.28857142857143,2.9922857142857144
2025-05-07,4.776285714285714,11.622,-0.8431428571428572,67.71885714285713,-1.4697142857142858,0.4854285714285714,0.09428571428571428,0.3911428571428571,4.9071428571428575,239.536,63.709142857142865,2.975714285714286
2025-05-08,5.758,14.471714285714285,-1.5837142857142856,63.19028571428571,-1.744,0.064,0.011142857142857144,0.05285714285714286,3.118285714285714,308.3422857142857,31.24057142857143,3.3019999999999996
2025-05-09,8.33457142857143,16.992285714285714,1.4625714285714284,66.88228571428571,1.7348571428571429,0.6202857142857143,0.04342857142857143,0.576857142857143,1.804285714285714,250.96142857142857,32.80685714285714,3.885142857142857
2025-05-10,6.145714285714286,14.072571428571429,-0.8714285714285714,62.10771428571429,-1.59,0.3554285714285714,0.01,0.3454285714285714,2.3242857142857143,278.64085714285716,47.965714285714284,2.958
2025-05-11,8.554571428571428,17.104857142857142,1.8425714285714285,66.152,1.7962857142857145,0.9677142857142856,0.0,0.9677142857142856,1.1845714285714286,216.41457142857143,69.18971428571429,2.964571428571429
2025-05-12,12.089714285714285,20.082571428571427,6.315714285714286,73.60942857142857,6.6257142857142854,3.08,0.006571428571428572,3.0734285714285714,0.8337142857142857,212.57885714285715,74.83914285714286,2.9394285714285715
2025-05-13,16.089142857142857,25.774857142857144,8.521142857142857,71.51857142857143,9.928,0.606,0.0014285714285714286,0.6045714285714285,0.30171428571428566,254.26114285714283,63.262,3.3422857142857145
2025-05-14,15.762285714285714,24.12514285714286,9.806,77.8157142857143,11.353714285714286,0.9605714285714285,0.07971428571428571,0.8808571428571428,0.49828571428571433,216.81742857142856,58.18485714285714,3.396
2025-05-15,11.650285714285713,17.354857142857142,7.3420000000000005,81.56771428571429,8.344857142857142,1.6977142857142857,0.47828571428571426,1.2194285714285715,2.2234285714285713,135.10857142857142,86.602,3.346
2025-05-16,11.737428571428572,17.771714285714285,7.431142857142857,83.1242857142857,8.462857142857143,5.745142857142857,0.376,5.369142857142856,3.1897142857142855,161.2982857142857,82.05542857142858,3.4905714285714287
2025-05-17,7.3588571428571425,12.467142857142857,3.7039999999999997,82.35,4.378285714285714,3.8314285714285714,1.770857142857143,2.0605714285714285,6.402,130.55742857142857,92.08542857142857,3.9854285714285718
2025-05-18,2.867714285714286,7.803142857142857,-1.1671428571428573,71.45714285714286,-2.2217142857142855,1.1657142857142857,0.5608571428571428,0.6048571428571429,11.678285714285714,180.91971428571426,89.38600000000001,3.899428571428571
2025-05-19,2.952571428571429,9.810285714285715,-2.928857142857143,66.88114285714286,-3.4862857142857147,0.44971428571428573,0.10885714285714286,0.34085714285714286,11.587142857142858,282.2105714285714,53.18228571428572,3.0874285714285716
2025-05-20,4.701714285714286,12.300285714285714,-2.1637142857142857,65.20514285714285,-2.314857142857143,0.032,0.01742857142857143,0.014571428571428572,6.722857142857142,317.65085714285715,43.859428571428566,3.349142857142857
2025-05-21,6.724571428571429,12.321142857142858,1.302,70.70857142857143,0.9662857142857143,0.5288571428571428,0.042,0.4868571428571428,3.607142857142857,238.83199999999997,62.31999999999999,3.4931428571428573
2025-05-22,6.234285714285714,10.500285714285715,2.056285714285714,79.474,2.3414285714285716,2.5625714285714287,0.13942857142857143,2.4231428571428575,2.9537142857142857,175.51085714285713,76.64257142857143,3.4011428571428572
2025-05-23,6.111428571428571,10.838,1.7797142857142856,80.39657142857143,2.3671428571428574,2.382857142857143,0.046857142857142854,2.3360000000000003,3.101142857142857,194.03942857142857,80.12457142857143,3.0625714285714287
2025-05-24,7.497428571428572,13.333714285714287,2.7077142857142857,78.81114285714285,3.290857142857143,0.942,0.027142857142857142,0.9148571428571428,3.0985714285714283,235.3302857142857,78.082,2.490857142857143
2025-05-25,10.310857142857143,17.419428571428572,4.3742857142857146,73.96828571428571,4.920285714285715,0.6111428571428572,0.006,0.6051428571428572,1.5414285714285716,275.9545714285714,58.68599999999999,1.982857142857143
2025-05-26,12.81,20.758,4.911142857142857,67.92057142857142,5.787142857142857,0.23285714285714282,0.0008571428571428571,0.23199999999999996,0.5342857142857143,305.1985714285714,28.321714285714286,1.749142857142857
2025-05-27,15.489714285714285,22.994285714285713,7.747714285714286,61.632571428571424,6.982571428571428,0.04,0.0,0.04,0.048,309.4325714285714,21.885428571428573,2.0077142857142856
2025-05-28,16.618285714285715,23.70942857142857,9.140285714285715,62.08457142857143,8.294,0.09942857142857142,0.0,0.09942857142857142,0.0,291.8737142857143,26.75485714285714,2.343714285714286
2025-05-29,16.139714285714284,22.04171428571429,10.301428571428572,71.70028571428573,10.388,0.6228571428571429,0.0,0.6228571428571429,0.09828571428571428,225.43485714285714,60.391999999999996,2.8537142857142856
2025-05-30,11.944285714285714,18.05485714285714,7.128857142857143,70.79914285714285,5.896285714285715,1.2891428571428571,0.11885714285714286,1.1702857142857144,1.3642857142857143,230.73714285714286,69.27228571428572,3.4834285714285715
2025-05-31,8.493714285714287,14.062000000000001,2.7602857142857142,67.418,1.7877142857142858,0.42342857142857143,0.08457142857142858,0.33885714285714286,1.738,240.1662857142857,61.31285714285714,3.1345714285714283
2025-06-01,9.909142857142857,17.62857142857143,3.4842857142857144,65.82142857142857,2.789428571428571,0.17285714285714285,0.019142857142857145,0.1537142857142857,1.1648571428571428,291.59657142857145,38.34628571428571,2.658
2025-06-02,12.434857142857142,19.94342857142857,5.967428571428571,69.77685714285714,6.2948571428571425,0.32457142857142857,0.004857142857142858,0.31971428571428573,0.7922857142857141,220.56657142857142,50.84257142857143,2.615428571428571
2025-06-03,14.395714285714286,20.488285714285716,8.722285714285713,71.53057142857143,8.585714285714285,2.8688571428571428,0.0,2.8688571428571428,0.23942857142857146,205.21571428571428,74.46771428571428,3.043142857142857
2025-06-04,14.44142857142857,19.79114285714286,9.146857142857142,71.90171428571428,8.652,3.0277142857142856,0.0,3.0277142857142856,0.0,225.03114285714287,65.30799999999999,3.4131428571428573
2025-06-05,12.566857142857142,17.824857142857145,7.049142857142857,71.73142857142857,6.813714285714285,0.979142857142857,0.0,0.979142857142857,0.018285714285714287,237.3937142857143,60.963428571428565,2.6005714285714285
2025-06-06,12.966857142857142,19.67142857142857,6.663142857142858,68.39371428571428,6.357428571428571,0.23342857142857143,0.0,0.23342857142857143,0.050285714285714295,223.9497142857143,67.32057142857143,1.934
2025-06-07,14.932857142857141,21.802857142857142,8.825714285714286,67.948,8.232285714285714,0.19857142857142857,0.0,0.19857142857142857,0.0,228.03342857142857,59.053714285714285,2.7005714285714286
2025-06-08,15.3,21.54657142857143,9.725714285714284,72.90657142857143,9.881428571428572,1.937142857142857,0.0,1.937142857142857,0.0,219.47171428571428,65.89085714285714,2.6311428571428572
2025-06-09,14.30857142857143,18.668285714285712,10.668571428571427,83.76342857142858,11.336857142857143,3.765714285714286,0.0,3.765714285714286,0.17685714285714288,157.13485714285716,88.13114285714286,2.0011428571428573
2025-06-10,12.752857142857144,17.308571428571426,9.096857142857143,83.48057142857144,9.687999999999999,3.4299999999999997,0.009142857142857144,3.4208571428571424,0.3068571428571429,148.98685714285713,88.13057142857143,2.794857142857143
2025-06-11,11.195714285714287,15.79742857142857,7.401142857142858,78.65828571428571,7.139142857142858,1.560857142857143,0.20714285714285716,1.3537142857142859,1.468,169.21571428571428,80.48514285714286,3.368
2025-06-12,9.333714285714287,15.277428571428572,3.826285714285714,69.19228571428572,3.1568571428571426,0.336,0.055714285714285716,0.2802857142857143,2.386285714285714,244.17714285714288,73.652,2.728
2025-06-13,10.82857142857143,17.643428571428572,3.9562857142857144,65.12285714285714,3.499142857142857,0.025142857142857144,0.00028571428571428574,0.02485714285714286,1.3491428571428572,290.5462857142857,50.762,2.029142857142857
2025-06-14,12.946285714285715,19.69514285714286,6.273142857142857,64.02314285714286,5.415714285714286,0.14485714285714288,0.0,0.14485714285714288,0.3151428571428571,298.2602857142857,44.495714285714286,2.4417142857142857
2025-06-15,14.679142857142857,22.809714285714286,6.687142857142858,63.15657142857143,6.764571428571428,0.31657142857142856,0.006857142857142857,0.3097142857142857,0.5357142857142857,306.0377142857143,33.42885714285714,1.8731428571428572
2025-06-16,16.324571428571428,22.202571428571428,11.052,71.25114285714285,10.625714285714285,2.1725714285714286,0.0,2.1725714285714286,0.172,245.34285714285716,66.83314285714285,2.0105714285714287
2025-06-17,15.67457142857143,21.19742857142857,10.776000000000002,81.0037142857143,12.030857142857142,9.25457142857143,0.0,9.25457142857143,0.020285714285714285,206.46114285714287,73.12257142857143,2.702
2025-06-18,15.889999999999999,22.446285714285715,11.06257142857143,78.38914285714286,11.555428571428571,1.5382857142857145,0.0,1.5382857142857145,0.15485714285714286,220.86914285714286,71.37085714285715,2.467714285714286
2025-06-19,12.674,18.653714285714287,7.360285714285714,74.86685714285714,7.647714285714287,3.589428571428572,0.005142857142857143,3.5842857142857145,0.2877142857142857,236.08057142857143,66.94285714285714,2.692
2025-06-20,14.69,22.774,7.339999999999999,69.93942857142858,8.43657142857143,0.6191428571428572,0.0,0.6191428571428572,0.01657142857142857,308.7488571428571,35.46371428571429,2.2114285714285717
2025-06-21,16.423428571428573,23.28342857142857,11.282285714285715,81.60685714285715,12.934285714285714,12.608571428571429,0.0,12.608571428571429,0.1677142857142857,169.81485714285716,69.97742857142858,3.0382857142857143
2025-06-22,15.340571428571428,20.865142857142857,10.762285714285715,80.34342857142857,11.581142857142858,6.460571428571429,0.0034285714285714284,6.457142857142857,0.41085714285714287,197.22285714285715,74.3622857142857,2.978857142857143
2025-06-23,16.848,22.63742857142857,12.236285714285714,83.45428571428572,13.648285714285715,12.07857142857143,0.0,12.07857142857143,0.10542857142857143,173.8002857142857,81.43914285714285,3.2060000000000004
2025-06-24,15.764000000000001,20.738285714285716,10.974857142857143,74.156,10.555142857142858,0.9897142857142858,0.012571428571428572,0.9771428571428572,0.6108571428571429,279.4114285714286,51.35171428571429,3.0625714285714287
2025-06-25,15.888000000000002,22.225714285714286,9.547714285714287,71.83657142857143,10.069142857142857,0.4828571428571428,0.0,0.4828571428571428,0.2762857142857143,287.7482857142857,45.267999999999994,1.8211428571428572
2025-06-26,17.416285714285713,23.587714285714288,11.168857142857144,68.97028571428571,10.916,1.104857142857143,0.0,1.104857142857143,0.1305714285714286,273.346,49.558571428571426,1.9231428571428573
2025-06-27,18.06257142857143,23.755714285714287,13.111142857142857,76.07085714285715,13.256285714285715,4.846285714285714,0.0,4.846285714285714,0.0,209.62800000000001,70.30285714285714,2.6954285714285717
2025-06-28,18.54857142857143,23.935142857142857,13.779142857142856,80.63542857142856,14.708857142857141,3.1042857142857145,0.0,3.1042857142857145,0.0,216.38657142857141,68.318,2.800285714285714
2025-06-29,19.62,25.813714285714287,13.933142857142856,77.99885714285715,15.029714285714284,1.9937142857142858,0.0,1.9937142857142858,0.009142857142857144,254.7945714285714,59.792857142857144,2.1051428571428574
2025-06-30,18.715999999999998,23.728,14.680857142857144,81.15142857142858,14.968571428571428,2.732,0.0,2.732,0.24942857142857144,203.244,75.99885714285715,2.3265714285714285
2025-07-01,18.173428571428573,22.950285714285712,13.624857142857143,79.47742857142858,13.946571428571428,2.3525714285714288,0.0,2.3525714285714288,0.20257142857142857,239.45057142857144,60.56485714285714,2.7245714285714286
2025-07-02,16.31714285714286,21.170285714285715,11.986571428571429,74.668,11.112571428571428,1.6925714285714286,0.0,1.6925714285714286,0.0,235.42714285714288,51.893142857142855,2.886285714285714
2025-07-03,15.980857142857143,23.18,9.626857142857142,70.7282857142857,9.691714285714285,0.43857142857142856,0.0,0.43857142857142856,0.0,272.024,53.57942857142857,2.2034285714285717
2025-07-04,18.744,25.663714285714285,12.717142857142857,71.59771428571429,12.94057142857143,2.065714285714286,0.0,2.065714285714286,0.0,247.02,52.58142857142857,2.764
2025-07-05,19.88057142857143,26.05485714285714,15.137142857142855,76.65714285714286,15.075714285714286,5.239714285714286,0.0,5.239714285714286,0.0,219.4197142857143,71.24942857142857,3.246
2025-07-06,17.071714285714286,22.456857142857142,11.124857142857143,69.45057142857142,10.614285714285714,3.482857142857143,0.0,3.482857142857143,0.010571428571428572,263.76914285714287,51.07485714285715,2.874
2025-07-07,17.674,23.623714285714286,12.104571428571427,67.28085714285714,10.803714285714285,1.05,0.0,1.05,0.0,246.72485714285716,62.18685714285714,1.9745714285714286
2025-07-08,18.209142857142858,23.559428571428572,12.614857142857142,70.93914285714285,12.121428571428572,1.6685714285714286,0.0,1.6685714285714286,0.008857142857142857,228.00457142857144,61.86914285714286,1.506857142857143
2025-07-09,19.454,25.350285714285715,13.458857142857143,70.78542857142857,13.169428571428572,0.9002857142857144,0.0,0.9002857142857144,0.0025714285714285713,252.762,48.79,1.6785714285714286
2025-07-10,20.364285714285714,26.201142857142855,15.040571428571427,71.16085714285714,14.421714285714286,1.4957142857142858,0.0,1.4957142857142858,0.0,249.1794285714286,44.68457142857143,2.4334285714285713
2025-07-11,20.459142857142854,25.61057142857143,15.563714285714287,78.02828571428572,15.978571428571428,3.644857142857143,0.0,3.644857142857143,0.0,220.77514285714287,69.81942857142856,2.064857142857143
2025-07-12,19.27542857142857,23.670571428571428,15.721714285714285,84.49171428571428,16.252857142857142,6.296857142857142,0.0,6.296857142857142,0.0,156.59257142857143,78.79942857142858,2.267142857142857
2025-07-13,19.735142857142858,25.07714285714286,15.581428571428573,79.26114285714286,15.463142857142858,6.1894285714285715,0.0,6.1894285714285715,0.0,197.17457142857143,68.74000000000001,3.216857142857143
2025-07-14,18.46257142857143,23.565714285714286,14.214285714285714,74.40371428571429,13.243428571428572,1.4348571428571428,0.0,1.4348571428571428,0.0,203.2297142857143,65.03114285714287,2.874
2025-07-15,15.830285714285717,20.558,11.603142857142858,78.738,11.55457142857143,7.462000000000001,0.0,7.462000000000001,0.0034285714285714284,165.23885714285714,70.98285714285714,2.092857142857143
2025-07-16,15.438857142857144,20.95142857142857,10.479714285714286,73.81771428571429,9.96142857142857,3.236285714285714,0.0,3.236285714285714,0.0,237.27885714285716,66.12857142857143,2.458
2025-07-17,15.893999999999998,21.420285714285715,10.760285714285715,74.49314285714286,10.800285714285714,3.6974285714285715,0.0,3.6974285714285715,0.0,215.222,71.416,2.9402857142857144
2025-07-18,15.668,21.146857142857144,10.644571428571428,73.97314285714286,10.309142857142858,0.6074285714285713,0.0,0.6074285714285713,0.0,227.11914285714286,52.98657142857143,2.698571428571429
2025-07-19,15.23342857142857,20.121714285714287,10.864857142857142,75.79628571428572,10.338571428571429,1.0808571428571427,0.0,1.0808571428571427,0.0,206.53942857142857,70.902,2.228
2025-07-20,15.219142857142856,20.630285714285712,9.985999999999999,74.988,10.165428571428572,0.6557142857142857,0.0,0.6557142857142857,0.0,235.17971428571425,57.84771428571429,2.101714285714286
2025-07-21,16.338285714285714,22.807714285714287,10.340857142857143,72.64,10.712857142857143,0.7905714285714285,0.0,0.7905714285714285,0.0,234.9782857142857,41.12657142857143,2.190857142857143
2025-07-22,18.09,23.97542857142857,12.949428571428571,75.67,13.102,2.015142857142857,0.0,2.015142857142857,0.0,213.81857142857143,72.66057142857143,2.4731428571428573
2025-07-23,19.172285714285714,24.452285714285715,14.356857142857143,76.216,14.008285714285714,5.1414285714285715,0.0,5.1414285714285715,0.0,199.78,69.50200000000001,2.419142857142857
2025-07-24,19.42,24.734285714285715,14.416857142857141,73.20428571428572,13.727142857142857,4.333142857142857,0.0,4.333142857142857,0.0,220.03742857142856,60.88085714285714,2.8657142857142857
2025-07-25,19.13342857142857,25.603142857142856,13.01,73.40457142857143,13.476571428571429,0.8317142857142857,0.0,0.8317142857142857,0.0,258.5331428571429,36.12685714285715,2.186857142857143
2025-07-26,21.393428571428572,27.053428571428572,16.797428571428572,74.96742857142857,16.28257142857143,2.8948571428571426,0.0,2.8948571428571426,0.0,219.15,57.86228571428572,2.8954285714285715
2025-07-27,21.161142857142856,26.779714285714284,16.236571428571427,77.264,16.366857142857143,4.045714285714285,0.0,4.045714285714285,0.0,227.408,49.663714285714285,2.429142857142857
2025-07-28,20.232,24.885714285714286,16.066000000000003,76.76685714285715,15.342857142857143,5.483428571428571,0.0,5.483428571428571,0.0,212.42114285714285,62.175714285714285,2.5691428571428574
2025-07-29,18.194571428571425,22.75657142857143,13.470857142857144,73.04342857142858,12.411714285714286,1.0337142857142858,0.0,1.0337142857142858,0.0,222.64314285714286,51.40371428571428,2.572857142857143
2025-07-30,16.3,20.442285714285713,11.830285714285715,72.67085714285714,10.69742857142857,0.36742857142857144,0.0,0.36742857142857144,0.0,218.1657142857143,56.51057142857143,2.3728571428571428
2025-07-31,15.628285714285715,21.060285714285715,10.096571428571428,70.16914285714286,9.525714285714285,0.27714285714285714,0.0,0.27714285714285714,0.0,235.02085714285712,48.334,2.3605714285714288
2025-08-01,17.094571428571427,23.358571428571427,11.624571428571429,69.87742857142857,10.806285714285714,0.154,0.0,0.154,0.0,205.19714285714284,46.043142857142854,2.273142857142857
2025-08-02,18.672,24.848,13.584285714285715,74.722,13.366857142857143,0.776,0.0,0.776,0.0,168.5554285714286,53.962,2.5877142857142856
2025-08-03,17.945714285714285,23.273714285714288,13.309999999999999,74.13428571428571,12.552285714285714,1.5497142857142858,0.0,1.5497142857142858,0.0,200.538,59.937999999999995,2.558
2025-08-04,17.08057142857143,23.665142857142857,11.365428571428572,73.83342857142857,11.580571428571428,0.6817142857142857,0.0,0.6817142857142857,0.0,234.01857142857142,39.386,1.6268571428571428
2025-08-05,19.26457142857143,26.06657142857143,13.076,70.93942857142858,13.056,0.10742857142857143,0.0,0.10742857142857143,0.0,245.4062857142857,27.93914285714286,2.2002857142857146
2025-08-06,20.481714285714286,26.797714285714285,14.846857142857143,72.61714285714285,14.741428571428573,0.9382857142857142,0.0,0.9382857142857142,0.0,218.00485714285713,25.604,2.6645714285714286
2025-08-07,21.108571428571427,26.62942857142857,16.731142857142856,78.39228571428572,16.642285714285716,2.806285714285714,0.0,2.806285714285714,0.0,191.52914285714283,64.19571428571429,2.7151428571428573
2025-08-08,21.869142857142855,27.358285714285714,17.229714285714284,78.27628571428572,17.368285714285715,1.6714285714285715,0.0,1.6714285714285715,0.0,176.0434285714286,66.18714285714286,2.370285714285714
2025-08-09,22.182285714285715,26.74685714285714,18.54942857142857,82.048,18.428857142857144,3.952571428571429,0.0,3.952571428571429,0.0,151.33399999999997,79.16714285714285,2.4945714285714287
2025-08-10,21.991714285714288,26.88285714285714,17.674857142857142,76.39742857142856,16.94342857142857,3.6237142857142857,0.0,3.6237142857142857,0.0,195.0262857142857,71.41399999999999,2.912
2025-08-11,21.204571428571427,26.282285714285713,16.74085714285714,76.83228571428572,16.32857142857143,1.978857142857143,0.0,1.978857142857143,0.0,188.19457142857144,60.879428571428576,2.466857142857143
2025-08-12,20.376857142857144,25.049142857142858,16.069142857142857,80.66914285714286,16.43285714285714,4.890571428571429,0.0,4.890571428571429,0.0,162.53142857142856,65.84857142857142,3.1465714285714284
2025-08-13,15.804285714285713,20.380285714285712,11.923428571428571,73.66342857142857,10.539428571428571,2.117142857142857,0.0,2.117142857142857,0.0,185.4737142857143,77.13657142857143,3.2625714285714285
2025-08-14,14.997428571428571,21.642,9.122,71.644,9.228,1.7788571428571427,0.0,1.7788571428571427,0.0,226.31314285714285,40.43142857142857,2.375142857142857
2025-08-15,18.93914285714286,24.869142857142855,14.078857142857142,73.25742857142858,13.300571428571429,4.173714285714286,0.0,4.173714285714286,0.0,192.732,62.04457142857143,3.5014285714285713
2025-08-16,16.573142857142855,21.85742857142857,12.466857142857142,68.88799999999999,10.17942857142857,1.4502857142857142,0.0,1.4502857142857142,0.0,190.93628571428573,60.20571428571428,3.146
2025-08-17,13.955428571428572,19.808571428571426,8.547714285714287,69.64171428571429,7.768,1.5779999999999998,0.0,1.5779999999999998,0.0,241.38314285714284,38.35628571428572,2.6462857142857144
2025-08-18,14.743714285714285,20.360285714285716,10.155714285714286,71.63914285714286,9.116,2.4545714285714286,0.0,2.4545714285714286,0.0,156.06485714285714,78.75914285714286,2.5914285714285716
2025-08-19,16.731714285714286,22.071428571428573,12.566285714285714,78.36171428571429,12.451142857142857,1.8882857142857143,0.0,1.8882857142857143,0.0,144.2302857142857,87.7402857142857,2.0045714285714284
2025-08-20,18.50857142857143,24.862,13.056,77.27057142857143,13.910571428571428,0.911142857142857,0.0,0.911142857142857,0.0,188.64428571428573,64.71571428571428,1.7402857142857142
2025-08-21,19.693714285714286,25.781714285714287,14.993142857142857,77.938,15.246,3.536857142857143,0.0,3.536857142857143,0.0,174.34485714285714,65.332,2.024857142857143
2025-08-22,19.796285714285716,24.92628571428571,15.488000000000001,76.93485714285714,14.844,3.1397142857142857,0.0,3.1397142857142857,0.0,165.99457142857145,69.91514285714287,2.4385714285714286
2025-08-23,16.250857142857143,20.049142857142858,13.38857142857143,82.91228571428572,13.064857142857143,6.544,0.0,6.544,0.0,120.742,88.69485714285715,3.1174285714285714
2025-08-24,13.238,17.027428571428572,10.148571428571428,79.14542857142858,9.21,3.136285714285714,0.0,3.136285714285714,0.0,155.10514285714285,80.582,4.143428571428572
2025-08-25,12.092857142857143,16.40885714285714,8.462571428571428,75.41942857142857,7.302,1.6897142857142857,0.0,1.6897142857142857,0.0,187.60028571428572,61.078,3.6605714285714286
2025-08-26,13.141714285714285,19.643714285714285,7.664000000000001,71.68971428571429,7.4234285714285715,0.5234285714285715,0.0,0.5234285714285715,0.0,209.03428571428572,45.36571428571428,2.810285714285714
2025-08-27,13.616,18.047142857142855,9.540857142857144,74.59885714285714,8.590857142857143,2.498,0.0,2.498,0.0,168.26914285714287,71.86999999999999,2.826571428571429
2025-08-28,11.863142857142856,17.43542857142857,6.870571428571428,75.34885714285714,6.908857142857143,1.7585714285714285,0.0,1.7585714285714285,0.0,185.7702857142857,59.69228571428572,2.454
2025-08-29,13.623142857142858,21.340571428571426,7.284571428571429,70.85714285714286,7.634857142857143,0.2671428571428572,0.0,0.2671428571428572,0.0,219.946,38.25657142857143,2.1954285714285717
2025-08-30,16.37514285714286,23.989428571428572,10.325142857142858,72.28114285714287,10.538,0.2697142857142857,0.0,0.2697142857142857,0.0,205.43542857142856,45.254000000000005,1.9985714285714287
2025-08-31,18.803714285714285,26.696571428571428,12.193428571428571,72.07885714285715,12.77657142857143,0.19628571428571429,0.0,0.19628571428571429,0.0,224.55314285714286,21.022285714285715,2.0062857142857142
2025-09-01,19.585428571428572,26.094571428571427,13.996571428571428,71.96542857142857,13.663142857142857,0.6851428571428572,0.0,0.6851428571428572,0.0,196.55314285714286,23.350571428571428,2.327428571428572
2025-09-02,16.147142857142857,21.562857142857144,11.806571428571429,78.27685714285714,11.84142857142857,4.1414285714285715,0.0,4.1414285714285715,0.01,136.5782857142857,69.75342857142857,2.3957142857142855
2025-09-03,10.615428571428572,15.26,6.891714285714286,80.48514285714286,6.844571428571428,8.585714285714285,1.8051428571428572,6.780571428571428,2.440571428571429,120.68771428571428,79.48657142857144,3.6845714285714286
2025-09-04,8.224285714285715,12.185428571428572,5.137428571428572,79.32828571428573,4.424571428571428,6.906285714285715,0.5637142857142857,6.3425714285714285,3.4814285714285713,105.10685714285715,89.31628571428571,3.748857142857143
2025-09-05,8.231714285714286,11.741428571428571,5.7131428571428575,84.54571428571428,5.450285714285714,4.192571428571429,0.0,4.192571428571429,2.9674285714285715,109.79285714285714,89.11657142857143,3.767142857142857
2025-09-06,8.743428571428572,12.764857142857142,6.022571428571428,80.152,5.109714285714285,1.7357142857142858,0.0,1.7357142857142858,2.442857142857143,108.80371428571429,91.71057142857143,3.462857142857143
2025-09-07,8.526857142857143,12.684,5.499142857142857,79.684,4.712857142857143,1.2234285714285715,0.0,1.2234285714285715,1.3011428571428572,137.0197142857143,88.27942857142858,3.0665714285714287
2025-09-08,10.298,16.61228571428571,5.708571428571429,76.83942857142857,5.835999999999999,0.5994285714285714,0.0,0.5994285714285714,0.6482857142857144,146.6397142857143,79.19685714285714,2.2777142857142856
2025-09-09,12.991999999999999,18.536571428571428,8.782285714285715,80.316,9.068571428571428,1.905142857142857,0.0,1.905142857142857,0.0,144.4557142857143,67.18,2.2448571428571427
2025-09-10,12.962857142857143,19.00914285714286,8.081142857142856,76.42942857142857,8.175142857142857,0.40114285714285713,0.0,0.40114285714285713,0.0,172.94885714285715,51.354,1.6548571428571428
2025-09-11,13.448,20.748285714285714,8.062857142857142,74.698,8.370571428571429,0.09828571428571428,0.0,0.09828571428571428,0.0,182.00514285714286,43.528,2.2488571428571427
2025-09-12,15.639714285714286,21.72542857142857,10.766,75.82571428571428,10.884285714285713,1.016,0.0,1.016,0.0,158.54857142857142,62.80742857142858,2.27
2025-09-13,15.118,20.43885714285714,10.942571428571428,79.57657142857143,11.083142857142859,0.7217142857142858,0.0,0.7217142857142858,0.0,140.29285714285714,57.497428571428564,1.874285714285714
2025-09-14,15.164,22.18542857142857,9.768,77.23314285714285,10.579142857142857,0.08885714285714286,0.0,0.08885714285714286,0.0,174.34971428571427,42.763714285714286,1.8417142857142856
2025-09-15,17.435142857142857,26.07542857142857,11.294,76.13085714285714,12.501428571428571,0.18285714285714286,0.0,0.18285714285714286,0.0,192.85314285714284,27.058285714285713,2.2965714285714283
2025-09-16,19.646857142857144,26.408571428571427,14.488,75.36485714285715,14.472,0.7405714285714287,0.0,0.7405714285714287,0.0,179.92914285714286,19.328285714285716,2.7337142857142855
2025-09-17,17.192857142857143,23.418,12.604571428571429,76.16028571428572,12.417428571428571,0.6285714285714286,0.0,0.6285714285714286,0.0,138.594,51.324285714285715,2.7688571428571427
2025-09-18,13.170285714285713,18.02542857142857,9.267714285714286,75.30085714285715,8.432857142857141,0.2302857142857143,0.0,0.2302857142857143,0.0,140.45085714285713,57.968857142857146,2.3777142857142857
2025-09-19,11.245428571428572,17.356285714285715,6.559428571428571,73.79114285714286,6.109714285714285,0.22457142857142856,0.0,0.22457142857142856,0.0,179.29,38.552,2.0305714285714287
2025-09-20,11.365142857142857,17.860857142857142,6.595428571428571,76.21971428571429,6.569428571428571,1.6642857142857144,0.0,1.6642857142857144,0.0,142.05485714285714,58.07857142857143,2.4937142857142858
2025-09-21,14.394571428571428,20.371142857142857,10.374857142857143,79.78314285714285,10.504,2.293428571428571,0.0,2.293428571428571,0.0,99.96885714285713,80.41942857142857,2.119142857142857
2025-09-22,15.447999999999999,20.02114285714286,12.181142857142856,88.53114285714287,13.390285714285714,2.154,0.0,2.154,0.0,86.36085714285714,87.88885714285715,1.55
2025-09-23,15.900571428571428,21.760571428571428,11.987142857142857,84.86685714285714,12.986857142857144,1.7797142857142856,0.0,1.7797142857142856,0.0,120.35857142857144,65.81457142857143,1.6454285714285715
2025-09-24,16.215999999999998,22.83142857142857,11.387714285714285,81.41714285714285,12.580857142857143,0.8702857142857143,0.0,0.8702857142857143,0.0,143.89,46.81371428571428,1.8977142857142857
2025-09-25,15.727428571428572,20.50342857142857,12.026285714285715,79.36942857142857,11.770857142857144,0.9405714285714286,0.0,0.9405714285714286,0.0,118.91000000000001,58.28914285714286,3.0102857142857142
2025-09-26,12.395142857142856,17.65685714285714,7.764857142857142,73.28857142857143,7.0368571428571425,0.5565714285714286,0.0,0.5565714285714286,0.0,149.89457142857145,40.575428571428574,2.7142857142857144
2025-09-27,12.525714285714285,18.374285714285715,7.883714285714286,73.28971428571428,7.247428571428571,1.9017142857142857,0.0,1.9017142857142857,0.0,119.58400000000002,56.472,3.4294285714285713
2025-09-28,13.814857142857143,20.435714285714287,8.571714285714286,69.02114285714285,7.321714285714285,0.2454285714285714,0.0,0.2454285714285714,0.0,161.22085714285714,32.104000000000006,3.1974285714285715
2025-09-29,13.778857142857143,20.050857142857144,8.817142857142857,71.18171428571429,7.815428571428572,0.1122857142857143,0.0,0.1122857142857143,0.0,157.35342857142857,31.530571428571427,2.302285714285714
2025-09-30,11.988,17.87057142857143,7.562285714285714,72.60971428571429,6.510285714285714,0.19285714285714287,0.0,0.19285714285714287,0.0,153.4362857142857,28.414,2.5245714285714285
2025-10-01,11.991428571428571,19.095142857142857,7.2862857142857145,73.31314285714286,6.727714285714286,0.4237142857142857,0.0,0.4237142857142857,0.0,148.404,43.071714285714286,3.1337142857142855
2025-10-02,15.61942857142857,22.412285714285712,11.13,71.05942857142857,9.761142857142858,0.884,0.0,0.884,0.0,136.30257142857144,58.117999999999995,3.5700000000000003
2025-10-03,14.168571428571427,20.58028571428571,9.28857142857143,74.58657142857143,9.112857142857143,0.43142857142857144,0.0,0.43142857142857144,0.0,115.06228571428571,56.745714285714286,2.430571428571428
2025-10-04,15.029428571428571,22.329428571428572,10.464857142857142,80.50342857142857,11.194857142857142,6.566571428571429,0.0,6.566571428571429,0.0,94.89314285714286,72.98114285714286,2.9114285714285715
2025-10-05,16.907714285714285,21.816000000000003,12.842,80.50085714285713,13.018857142857142,7.251428571428572,0.0,7.251428571428572,0.0,103.07542857142857,65.34742857142857,3.1605714285714286
2025-10-06,11.706857142857142,17.088857142857144,7.349428571428572,74.54257142857142,6.892571428571429,2.0780000000000003,0.20714285714285716,1.8708571428571432,1.2231428571428573,104.52714285714285,67.43457142857143,3.7065714285714284
2025-10-07,8.168571428571427,11.013714285714286,5.1648571428571435,75.88314285714286,3.766857142857143,2.2142857142857144,0.08542857142857144,2.128857142857143,2.0868571428571427,97.63742857142857,77.47485714285715,3.047142857142857
2025-10-08,5.2134285714285715,10.80857142857143,0.6265714285714286,72.07285714285715,-0.06342857142857142,0.38571428571428573,0.0037142857142857142,0.382,2.4514285714285715,124.00342857142857,51.478857142857144,2.7445714285714287
2025-10-09,7.218285714285715,14.358857142857143,2.2454285714285716,66.98485714285714,0.8985714285714286,0.27885714285714286,0.00028571428571428574,0.2785714285714286,2.05,131.21971428571428,44.50828571428571,3.1639999999999997
2025-10-10,8.480571428571428,12.760285714285715,4.848571428571428,79.674,4.81,3.217142857142857,0.0,3.217142857142857,1.5325714285714287,84.488,68.922,3.3442857142857143
2025-10-11,8.403714285714285,14.336285714285713,4.195714285714286,81.82514285714286,5.077428571428571,0.8914285714285715,0.0,0.8914285714285715,0.8468571428571429,116.21514285714285,45.84714285714286,2.6125714285714285
2025-10-12,10.44057142857143,15.815428571428571,6.886857142857143,83.71742857142857,7.499428571428572,2.4737142857142858,0.0,2.4737142857142858,0.09085714285714286,91.86200000000001,52.57142857142857,3.774571428571429
2025-10-13,11.243142857142857,15.737714285714286,7.209714285714286,77.82857142857142,7.156571428571429,3.2594285714285713,0.0,3.2594285714285713,0.0037142857142857142,91.82571428571428,70.31885714285714,4.261428571428572
2025-10-14,6.784,11.55,2.7948571428571425,71.48085714285715,1.6534285714285712,0.15571428571428572,0.002,0.15371428571428572,0.5308571428571429,119.07857142857142,51.13285714285715,3.5368571428571425
2025-10-15,5.740285714285714,11.695142857142857,1.7397142857142858,73.09228571428571,0.7382857142857143,0.09114285714285714,0.003142857142857143,0.088,0.3911428571428571,100.94628571428571,66.29485714285715,2.5277142857142856
2025-10-16,6.147714285714286,11.777714285714286,1.7577142857142858,80.95171428571429,2.779142857142857,1.5514285714285716,0.00028571428571428574,1.5511428571428574,0.046,93.85971428571429,45.73542857142857,2.283142857142857
2025-10-17,8.681428571428572,13.12342857142857,5.9151428571428575,88.18171428571429,6.648285714285715,6.855428571428571,0.0,6.855428571428571,0.0,46.412285714285716,89.45142857142858,2.572
2025-10-18,10.864571428571429,14.498,8.269428571428572,86.8,8.513142857142858,2.6597142857142857,0.0,2.6597142857142857,0.0,65.71285714285713,86.166,3.5197142857142856
2025-10-19,8.630571428571429,11.71857142857143,5.985142857142857,86.92085714285714,6.430000000000001,6.4071428571428575,0.00028571428571428574,6.4068571428571435,0.009714285714285715,54.76228571428572,84.39742857142856,2.9842857142857144
2025-10-20,5.614285714285714,9.124571428571429,3.005142857142857,86.27028571428572,3.3125714285714287,2.5568571428571425,0.03371428571428572,2.5231428571428567,1.426857142857143,68.31771428571429,81.75657142857143,2.722
2025-10-21,4.787999999999999,7.711714285714287,2.5037142857142856,88.56628571428571,2.897142857142857,3.8631428571428574,0.214,3.6491428571428575,2.269428571428571,47.19228571428572,87.75771428571429,2.902
2025-10-22,3.685142857142857,5.595142857142857,2.4520000000000004,91.59828571428572,2.382,4.1011428571428565,0.38771428571428573,3.7134285714285706,4.849714285714286,53.30885714285714,95.41285714285713,2.9228571428571426
2025-10-23,2.7134285714285715,5.441142857142857,1.0097142857142856,87.788,0.7534285714285714,1.979142857142857,0.6202857142857143,1.3588571428571428,9.44942857142857,68.93257142857142,83.062,3.438285714285714
2025-10-24,2.0660000000000003,5.706285714285714,-0.24257142857142858,85.03857142857143,-0.4242857142857143,0.6908571428571428,0.1462857142857143,0.5445714285714285,8.732,75.02942857142858,73.20885714285714,2.8285714285714287
2025-10-25,2.501714285714286,8.933142857142858,-1.3822857142857143,82.66114285714285,-0.47371428571428564,0.17257142857142857,0.03514285714285714,0.13742857142857143,9.302571428571428,93.74485714285714,46.66142857142857,2.2608571428571427
2025-10-26,4.535142857142857,11.265428571428572,0.6182857142857144,83.67714285714285,1.6665714285714286,0.10771428571428572,0.010857142857142857,0.09685714285714286,8.658571428571427,100.70971428571428,31.082857142857147,2.7685714285714287
2025-10-27,6.9231428571428575,12.833428571428572,3.508285714285714,80.17314285714285,3.434285714285714,0.142,0.0008571428571428571,0.14114285714285713,5.9,103.95114285714286,24.566285714285712,3.116
2025-10-28,5.643714285714286,10.703142857142858,2.3005714285714283,84.3742857142857,2.9614285714285717,0.6225714285714286,0.0017142857142857144,0.6208571428571429,3.4217142857142857,100.47771428571428,20.86,3.0605714285714285
2025-10-29,4.843428571428571,10.115142857142857,1.412,84.58314285714285,2.19,0.4114285714285714,0.0005714285714285715,0.41085714285714287,2.552285714285714,82.87114285714286,41.49314285714286,2.3674285714285714
2025-10-30,3.5891428571428574,7.479714285714286,0.5762857142857143,83.52114285714286,0.8942857142857144,0.7794285714285714,0.22399999999999998,0.5554285714285714,2.7117142857142857,57.28057142857143,78.23142857142857,2.0691428571428574
2025-10-31,1.9977142857142858,4.341142857142857,0.17942857142857147,87.16142857142857,-0.07628571428571429,1.3814285714285715,0.29085714285714287,1.0905714285714285,7.660285714285715,49.06685714285714,86.20285714285714,3.3068571428571425
2025-11-01,0.9071428571428571,4.071428571428571,-1.4028571428571428,85.11942857142857,-1.554857142857143,0.5282857142857142,0.26685714285714285,0.2614285714285714,11.117428571428572,67.33742857142857,74.146,2.5954285714285716
2025-11-02,1.6062857142857143,6.483428571428571,-1.7245714285714286,84.53171428571429,-0.9762857142857143,2.0865714285714287,1.987714285714286,0.09885714285714275,8.607142857142858,52.44828571428572,86.96771428571428,3.5317142857142856
2025-11-03,4.5042857142857144,6.950571428571429,2.424857142857143,83.58885714285715,1.7405714285714287,2.9811428571428573,0.46399999999999997,2.5171428571428573,7.693999999999999,51.89114285714286,85.05028571428572,5.150571428571429
2025-11-04,3.8057142857142856,7.614,0.678,75.33914285714286,-0.5202857142857144,0.19885714285714284,0.011428571428571429,0.18742857142857142,6.8919999999999995,82.24685714285714,52.774571428571434,4.288
2025-11-05,1.6762857142857144,4.498571428571428,-1.0134285714285713,78.75228571428572,-1.841142857142857,1.2182857142857142,0.11828571428571427,1.0999999999999999,8.38142857142857,47.496,84.75200000000001,3.9274285714285715
2025-11-06,-2.48,0.9877142857142858,-5.564857142857143,71.10342857142857,-7.268571428571429,0.48714285714285716,0.35485714285714287,0.13228571428571428,12.268857142857142,67.77057142857143,66.94914285714286,3.2465714285714284
2025-11-07,-3.283142857142857,-0.0022857142857143384,-7.136,78.67457142857143,-6.665714285714286,3.9614285714285717,3.711142857142857,0.2502857142857149,14.858285714285714,47.94057142857143,80.432,3.3465714285714285
2025-11-08,-5.239428571428571,-1.9394285714285713,-8.225142857142856,73.82828571428573,-9.437999999999999,0.446,0.5582857142857143,0.0,14.86542857142857,60.678,70.74771428571428,3.234571428571429
2025-11-09,-4.786,-1.2365714285714287,-7.442285714285715,75.96028571428572,-8.660285714285715,1.183142857142857,1.9214285714285715,0.0,16.793142857142858,49.952285714285715,80.84742857142857,3.1065714285714288
2025-11-10,-4.990571428571428,-1.6391428571428572,-7.666857142857142,82.43857142857142,-7.865428571428572,0.784,0.9285714285714286,0.0,17.29142857142857,52.18085714285714,71.03085714285714,3.2859999999999996
2025-11-11,-3.858285714285714,0.36857142857142855,-6.992857142857143,85.8562857142857,-6.194571428571429,1.2917142857142858,1.6002857142857143,0.0,17.31885714285714,42.167142857142856,76.00657142857143,3.1357142857142857
2025-11-12,-1.288,1.6322857142857143,-3.5505714285714283,91.022,-2.774285714285714,1.3994285714285715,1.3428571428571427,0.05657142857142872,17.30457142857143,34.27,93.43828571428571,3.186
2025-11-13,-1.1011428571428572,1.8451428571428572,-3.347714285714286,87.31514285714286,-3.2042857142857146,0.7768571428571429,0.38371428571428573,0.3931428571428572,17.241999999999997,43.81514285714286,86.34228571428571,3.468857142857143
2025-11-14,-1.8642857142857143,1.685142857142857,-4.507714285714286,90.91857142857143,-3.442,1.1834285714285715,1.3725714285714286,0.0,17.151714285714284,42.831714285714284,79.29542857142857,2.6785714285714284
2025-11-15,-0.33857142857142863,2.0782857142857143,-2.7865714285714285,91.94285714285714,-1.6368571428571428,5.063142857142857,6.650571428571429,0.0,17.096857142857143,26.77114285714286,91.78742857142856,3.533142857142857
2025-11-16,-2.8422857142857145,-0.3082857142857144,-4.876,83.32942857142856,-5.640571428571429,1.2765714285714285,1.5974285714285716,0.0,17.078285714285713,42.02314285714286,87.03771428571429,4.622857142857143
2025-11-17,-5.507714285714286,-2.7737142857142856,-7.504857142857143,84.416,-8.186857142857143,0.5025714285714286,0.558,0.0,17.218857142857143,49.031142857142854,65.90657142857143,3.827714285714286
2025-11-18,-6.333714285714286,-1.7931428571428571,-9.335142857142857,85.67828571428572,-8.855428571428572,0.16942857142857143,0.26599999999999996,0.0,17.061999999999998,56.38542857142857,53.45514285714286,2.442857142857143
2025-11-19,-4.522,0.2108571428571428,-8.044,85.10571428571428,-7.055714285714285,0.3985714285714286,0.5725714285714285,0.0,17.075714285714284,40.128,76.12657142857142,2.165142857142857
2025-11-20,-1.324,1.3842857142857143,-3.8539999999999996,91.87057142857142,-2.724285714285714,2.670857142857143,2.394,0.2768571428571427,16.766,28.828,93.18857142857142,2.4894285714285713
2025-11-21,-2.3997142857142855,0.21228571428571422,-4.904285714285715,90.53314285714285,-4.0448571428571425,1.4777142857142858,1.040857142857143,0.43685714285714283,15.974571428571426,35.31171428571429,91.00028571428572,3.362857142857143
2025-11-22,-4.5848571428571425,-0.9777142857142856,-8.056857142857144,89.93028571428572,-6.405142857142858,0.9582857142857143,1.3945714285714286,0.0,15.743428571428572,34.228857142857144,83.53685714285714,2.5565714285714285
2025-11-23,-2.3697142857142857,0.8082857142857143,-4.659714285714286,93.284,-3.596,1.3814285714285715,1.5554285714285714,0.0,15.812285714285713,31.910571428571426,90.24714285714286,2.846857142857143
2025-11-24,-1.7531428571428571,1.4454285714285715,-4.775428571428571,94.18542857142856,-2.817142857142857,1.1014285714285714,1.9634285714285713,0.0,15.671999999999999,35.13228571428571,84.48857142857143,2.7905714285714285
2025-11-25,-2.8622857142857145,-0.7857142857142857,-4.752,94.64485714285715,-3.8539999999999996,0.545142857142857,0.37142857142857144,0.1737142857142856,15.592285714285712,23.877142857142857,90.2657142857143,2.578857142857143
2025-11-26,-4.075428571428571,-2.2071428571428573,-5.878571428571429,93.35885714285715,-5.332857142857143,4.328857142857142,5.075428571428572,0.0,15.732,23.209714285714288,94.45371428571428,3.682285714285714
2025-11-27,-5.7297142857142855,-4.151142857142857,-7.104857142857142,90.16685714285715,-7.486285714285714,3.353142857142857,3.9494285714285713,0.0,18.028000000000002,28.514857142857142,96.896,4.974571428571429
2025-11-28,-7.571142857142857,-5.673714285714286,-9.141142857142857,88.62857142857143,-9.555428571428571,1.4608571428571429,2.213142857142857,0.0,18.848285714285712,33.065714285714286,92.92742857142858,4.676857142857143
2025-11-29,-9.731428571428571,-6.785142857142857,-12.322,87.32314285714286,-11.92542857142857,0.2585714285714286,0.45,0.0,18.808,38.09,81.88542857142858,2.9537142857142857
2025-11-30,-10.993714285714285,-8.970285714285714,-13.351428571428572,90.26657142857142,-12.59,1.1082857142857143,1.8585714285714285,0.0,18.82685714285714,27.172285714285714,89.484,3.528
2025-12-01,-12.449428571428571,-8.838571428571429,-15.775142857142857,87.92685714285714,-14.387714285714285,0.194,0.3782857142857143,0.0,18.77342857142857,33.506,82.93142857142857,3.245142857142857
2025-12-02,-10.962285714285715,-7.784857142857144,-13.895428571428571,90.13514285714285,-12.629142857142856,0.722,1.3857142857142857,0.0,18.74942857142857,31.803142857142856,90.06228571428571,2.3582857142857145
2025-12-03,-13.588571428571429,-8.823142857142857,-17.718571428571426,89.466,-15.119714285714288,1.0405714285714287,1.9454285714285715,0.0,18.898,33.21028571428571,76.49600000000001,4.651714285714286
2025-12-04,-18.24342857142857,-13.420285714285713,-21.991142857142858,88.29114285714286,-19.791428571428572,0.8628571428571429,1.2034285714285713,0.0,18.953714285714284,46.87171428571428,53.440000000000005,4.415714285714286
2025-12-05,-13.283142857142858,-9.797428571428572,-17.642285714285716,90.694,-14.786,1.2214285714285715,1.8677142857142859,0.0,19.05942857142857,28.260285714285715,79.98257142857142,3.1808571428571426
2025-12-06,-13.667428571428571,-10.237428571428572,-17.050285714285714,89.95542857142857,-15.115714285714285,0.674,1.286857142857143,0.0,19.155714285714282,35.270857142857146,79.41171428571428,4.178
2025-12-07,-16.904857142857143,-14.215142857142858,-19.269142857142857,89.41942857142857,-18.309142857142856,0.5348571428571428,0.9037142857142857,0.0,19.131714285714285,39.56685714285714,66.02371428571428,3.7688571428571427
2025-12-08,-16.606285714285715,-11.823714285714285,-20.372285714285713,89.75657142857143,-18.05314285714286,0.22799999999999998,0.23200000000000004,0.0,19.094571428571427,41.49257142857143,66.57685714285715,3.071142857142857
2025-12-09,-13.11057142857143,-10.036285714285714,-16.129714285714286,92.77142857142857,-14.348571428571429,1.1171428571428572,1.4751428571428573,0.0,19.184571428571427,28.00542857142857,83.61285714285714,2.9194285714285715
2025-12-10,-13.097714285714286,-9.675142857142857,-16.788285714285717,94.47114285714285,-14.005714285714285,1.2731428571428571,2.200857142857143,0.0,19.494,30.974285714285713,74.334,3.3965714285714284
2025-12-11,-13.545428571428571,-9.009142857142857,-16.704571428571427,93.04742857142857,-14.689714285714285,0.55,0.7834285714285715,0.0,19.644571428571428,36.190285714285714,70.85485714285714,3.3542857142857145
2025-12-12,-12.287714285714285,-8.675142857142857,-16.222285714285714,94.222,-13.355714285714285,0.9365714285714286,1.1945714285714286,0.0,19.671142857142858,35.60885714285714,68.93542857142856,3.029142857142857
2025-12-13,-14.811142857142856,-11.192571428571428,-17.64542857142857,92.72685714285714,-15.906857142857143,1.3128571428571427,2.1974285714285715,0.0,19.965714285714284,33.381142857142855,76.34028571428571,3.775428571428571
2025-12-14,-15.693714285714284,-11.685142857142857,-18.88,93.062,-16.757142857142856,0.6331428571428571,0.7722857142857144,0.0,20.24685714285714,33.468857142857146,73.02,3.2774285714285716
2025-12-15,-12.94057142857143,-10.044285714285715,-15.868857142857141,95.03228571428572,-13.911714285714286,1.3242857142857143,1.7897142857142858,0.0,20.407714285714285,24.065142857142856,87.75142857142858,3.162857142857143
2025-12-16,-10.538857142857143,-3.7317142857142853,-16.502285714285716,96.42771428571427,-11.309142857142858,2.241142857142857,3.7134285714285715,0.0,20.677714285714288,19.568571428571428,90.78742857142856,3.7205714285714286
2025-12-17,-10.073714285714285,-3.9031428571428566,-14.540285714285716,94.37628571428571,-11.071142857142858,1.3085714285714285,1.928857142857143,0.0,20.940285714285714,28.738,83.08657142857143,4.4711428571428575
2025-12-18,-13.58,-8.767428571428573,-19.533142857142856,96.33371428571428,-14.20657142857143,7.601999999999999,9.909142857142857,0.0,21.749714285714287,17.599714285714285,91.94914285714286,4.109999999999999
2025-12-19,-18.159714285714287,-13.225714285714284,-23.603714285714286,95.14857142857143,-18.826285714285714,4.578571428571428,3.7037142857142857,0.8748571428571426,23.70542857142857,31.564,75.6062857142857,4.680285714285715
2025-12-20,-16.899428571428572,-11.597714285714286,-22.57714285714286,93.274,-17.986571428571427,2.976857142857143,3.585714285714286,0.0,24.436857142857143,23.577428571428573,78.61999999999999,3.850857142857143
2025-12-21,-17.665142857142857,-12.642000000000001,-21.459714285714288,93.28142857142856,-18.718857142857143,0.5468571428571428,0.6791428571428572,0.0,25.149428571428572,39.29228571428572,65.02342857142858,3.8142857142857145
2025-12-22,-17.608,-13.172571428571429,-21.33057142857143,95.77514285714285,-18.304285714285715,0.20771428571428574,0.262,0.0,25.00257142857143,37.73285714285714,57.708285714285715,2.452857142857143
2025-12-23,-13.806,-10.634857142857143,-17.411714285714286,97.69857142857143,-14.230571428571428,2.6537142857142855,3.4985714285714287,0.0,25.264285714285716,23.62485714285714,82.48942857142858,2.7654285714285716
2025-12-24,-15.257142857142858,-10.326857142857143,-20.05657142857143,95.304,-16.06742857142857,0.6788571428571429,1.2565714285714285,0.0,25.70228571428571,32.84542857142857,69.05285714285714,3.1351428571428572
2025-12-25,-17.323142857142855,-11.972285714285713,-22.186285714285713,95.15,-18.08942857142857,0.7671428571428572,1.3365714285714285,0.0,25.70885714285714,36.455714285714286,70.1257142857143,3.2237142857142858
2025-12-26,-14.635428571428571,-11.438857142857144,-18.355142857142855,95.07714285714285,-15.489142857142857,5.109428571428571,6.5688571428571425,0.0,27.275714285714287,21.486285714285714,94.64171428571429,3.4785714285714286
2025-12-27,-13.532857142857143,-9.294857142857143,-17.386857142857142,96.54885714285714,-14.265714285714287,1.9222857142857144,2.6025714285714288,0.0,28.14142857142857,26.745714285714286,85.92485714285714,2.472857142857143
2025-12-28,-11.085142857142857,-8.280285714285714,-13.935142857142857,98.47914285714286,-11.599428571428572,2.7617142857142856,3.138857142857143,0.0,29.025142857142857,23.584000000000003,87.65571428571428,3.0342857142857143
2025-12-29,-15.184000000000001,-10.803714285714285,-18.786,97.07057142857143,-15.712285714285713,4.1731428571428575,6.919714285714286,0.0,29.91314285714286,28.461714285714283,79.406,5.859999999999999
2025-12-30,-20.80142857142857,-16.822857142857142,-23.879714285714286,95.46314285714286,-21.39085714285714,0.9339999999999999,1.6208571428571428,0.0,30.45057142857143,38.21,59.023428571428575,5.234571428571429
2025-12-31,-21.121714285714287,-18.825142857142858,-23.638285714285715,95.952,-21.626285714285714,0.8791428571428571,1.5851428571428572,0.0,30.40142857142857,38.58742857142857,58.970285714285716,5.584
